source,label,title,text,published_date,word_count,label_id,pred_id,pred,error_category
source_27,not credible,الصحفي محمد عاشوري في ذمة الله,"توفي مساء أمس السبت الصحفي محمد عاشوري إثر إصابته بسكتة قلبية في منزله بالبليدة عن عمر يناهز 63 سنة , حسبما علم اليوم الأحد من عائلته.

ولد الفقيد في 10 فبراير 1958 بباب الوادي بالجزائر العاصمة, له مشوار صحفي وإعلامي حافل, حيث عمل في عدة جرائد ك”لو سوار دالجيغي” و “ليبرتي” و”الوحدة” و”أوريزون” ,كما كانت له تجربة قصيرة دامت حوالي ثلاث سنوات بمكتب وكالة الأنباء الجزائرية بولاية المدية.

واختار المرحوم محمد عاشوري الذي كان يعد من بين أعمدة الصحافة على المستوى الوطني, مواصلة مشواره الإعلامي من خلال التخصص في الملف الصحي حيث أسس مجلة “صانتي ماق” وأصبح مديرا للنشر بها, وكان من بين آخر مشاريعه تأسيس وإدارة مركز إعادة التأهيل الوظيفي بحجر الجاد بالبليدة.",,114,2,0,credible,Source-Specific Artifacts / Boilerplate
source_134,credible,إقرار الخطية بـ 600 مليون دينار ضد شقشوق والبريد التونسي,"علمت موزاييك أن الدائرة الجناحية بالمحكمة الابتدائية بتونس نظرت اليوم الثلاثاء في قضيتين اعتراضيتين متهم فيهما الديوان الوطني للبريد ووزير النقل الحالي معز شقشوق بصفته مديرا عاما سابقا للديوان الوطني للبريد، وذلك للنظر في اعتراضهما على حكمين غيابيين قضيا بخطايا مالية بمئات ملايين الدينارات من أجل القيام بتحويلات مالية الى الخارج على خلاف الصيغ القانونية، مع شهر سجنا في حق شقشوق وخطية مالية من أجل الانتفاع بمنحة سياحية دون وجه حق( قضية ديوانية) .



وقد مثل وزير النقل في جلسة اليوم أمام هيئة المحكمة بحالة سراح، لتقرر حجز ملفي القضيتين للمفاوضة والتصريح بالحكم اثر الجلسة.



وبعد المداولة والمفاوضة، قررت الدائرة القضائية المتعهدة، قبول الاعتراضين شكلا ، وفي الأصل اقرار الحكم الغيابي الابتدائي المتعلق بتحويلات مالية الى الخارج والمحكوم فيه بالخطية بأكثر من 600 مليون دينار.



اما القضية المتعلقة بالانتفاع بمنحة سياحية دون وجه فقد قضت هيئة المحكمة بنقض الحكم الغيابي الابتدائي، والقضاء بعدم سماع الدعوى في حق وزير النقل الحالي معز شقشوق بصفته مديرا عاما سابقا للديوان الوطني للبريد.

ووجب التأكيد على أن الخطايا المالية الصادرة في حق شقشوق هي بضمان الديوان الوطني للبريد.",,174,0,2,not credible,Government & Official Statements
source_82,undecided,بن ناصر سعيد بالعودة لسان سيرو ويتأسف لتعثرهم أمام سامبدوريا — النهار أونلاين,"عبّر إسماعيل بن ناصر عن سعادته بالعودة لتشكيلة ناديه آسي ميلان، مبديا في ذات الوقت أسفه للتعثرهم أمام سامبدوريا.

وكتب بن ناصر، على حسابه الرسمي: “سعيد بالتواجد على أرضية “سان سيرو” من جديد، نبقي رؤسنا مرفوعة رغم النتيجة المخيبة للآمال”.

وشارك بن ناصر أساسيا في هذه المباراة، أين قدم مردود في المستوى، قبل يغادر الملعب في الدقيقة الـ59، تركا فريقه متأخرا في النتيجة بـ1-0.

وتمكن رفقاء اسماعيل بن ناصر، من تعديل النتيجة في الدقيقة الـ87، لتنتهي هذه المواجهة بالتعادل الإيجابي 1-1.",,81,1,2,not credible,Source-Specific Artifacts / Boilerplate
source_73,credible,تطاوين: تواصل عملية التلقيح ضدّ فيروس كورونا لفائدة مهنيي الصحة بنسق بطئ,"يتواصل تطعيم مهني الصحة ضدّ فيروس ""كورونا"" بالمركز الجهوي للتلقيح في ولاية تطاوين بنسق بطيء رغم تسجيل تحسن في نسبة اقبال المدعويين للتلقيح عبر الارساليات القصيرة، اليوم الجمعة، إلى 29 بالمائة، حيث بلغ العدد الجملي للملقحين الى حد اليوم 55 عونا واطارا صحيا، حسب ما أفاد به المدير الجهوي للصحة، طه العنتير، في تصريح لـ""وات"".

هذا وسجلت الادارة الجهوية للصحة بولاية تطاوين خلال اليومين الماضيين حالة وفاة جديدة ناجمة عن فيروس ""كورونا"" في معتمدية تطاوين الشمالية، وبذلك يصبح العدد الجملي للوفيات بالجهة منذ بداية الجائحة في حدود 165 وفاة، 66 منها في تطاوين الشمالية، و35 وفاة في تطاوين الجنوبية، و34 في غمراسن، و11 في بني مهيرة، و8 في البئر الاحمر، و5 في الصمار، و3 في كل من رمادة وذهيبة.

كما سجلت الادارة الجهوية للصحة، وفق تحيينها للوضع الوبائي بالجهة، الصادر اليوم، 4 اصابات، 2 منها في تطاوين الشمالية وحالة في كل من غمراسن وتطاوين الجنوبية، وبذلك يصبح العدد الجملي للمصابين بهذه الجائحة منذ شهر مارس الماضي 2683 اصابة مؤكدة، فيما يخضع حاليا 4 مصابين للعلاج في قسم كوفيد-19 بالمستشفى الجهوي بتطاوين.

",,171,0,2,not credible,Health & COVID-19
source_8,not credible,شرفة :تعليمات بالإسراع في وتيرة الأشغال بملعبي براقي والدويرة,"في إطار متابعة المشاريع المهيكِلة لقطاع الشباب والرياضة، تفقد، والي العاصمة يوسف شرفة،مشروع إنجاز ملعبي براقي و الدويرة ، بزيارة ميدانية تقنية وفجائية، لمعاينة الورشات والوقوف على مدى تقدم الأشغال ونوعيتها على مستوى كل من مشروع ملعب الدويرة ومشروع ملعب براقي.

كما أسدى الوالي تعليمات بالإسراع في وتيرة الأشغال و الحرص على إحترام اللآجال المتفق عليها.

ووقف الوالي شرفة امس، على تقدم أشغال إنجاز ملعب براقي، وأمر بتسريع وتيرة الأشغال خاصة فيما يخص التهيئة الخارجية، المساحات الخضراء والملعب الخاص بالتحضيرات البدنية، مع الإلتزام بإنهاء هذه الأشغال في أجالها المحددة.

سيتوفر ملعب براقي على أرضية ميدان وفق المقاييس العالمية فيفا، أرضية خاصة بالتدريبات والتحضيرات البدنية

ومدرجات تتسع لأكثر من 40 ألف متفرج، 05 مصاعد كهربائية، 25 درج كهربائي، 04 غرف لتغيير الملابس بمساحة 260 متر مربع وفق معايير الفيفا، قاعة مؤتمرات صحفية تتسع لـ 30 مقعد وقاعة محاضرات تتسع لـ 250 مقعد مشيدة على مساحة قدرها 303 متر مربع وفي زيارته إلى ملعب الدويرة، أمر شرفة، بإعادة بعث الأشغال بهذا المشروع وتسريع وتيرتها.

كما شدد والي العاصمة، أنه يجب توفير كل ما يحتاجه الملعب من إضاءة مواقف السيارات ومراعاة احتياجات الرياضيين مضيفا أنه يجب الحفاظ على تاريخ نهاية الأشغال وتسليم المشروع في الوقت المحدد له.

وبدأت أشغال إنجاز ملعبي براقي والدويرة سنة 2004 حيث كان من المفترض استلامهما خلال فترة لن تتجاوز 36 شهرا لكن عدة عراقيل تقنية وإدارية ومالية طرأت على المشروعين اللذين شهدا تأخرا تجاوز 14 سنة ومن بين تلك العراقيل انخفاض قيمة الدينار مما أدى إلى إعادة تقييم المشروعين سنتي 2004 و 2009 إلى جانب منع استيراد بعض مواد البناء من الخارج تطبيقا للإجراءات الأخيرة.

…..ملعب براقي كان مقررا أن يدشن في مارس 2012 ولكن…

إذا تحدثنا عن ملعب براقي فإننا نتحدث عن مشروع تتجاوز الأشغال به نسبة 58.20 بالمائة بالرغم من أنه كان من المشاريع التي كانت مبرمجة للتدشين وكان العاصميون يمنون النفس بهذا الملعب حيث يعد من المشاريع الهامة ببراقي بالجزائر العاصمة، إذ يمكن أن تصل قدرته الاستيعابية إلى 50 أو حتى 60 ألف متفرج، مع أن الشركة المصممة له أشارت في بداية الأشغال إلى حوالي 40 ألف متفرج فقط. علما أن قيمة العقد لإنجاز المشروع بلغت حوالي 100 مليون أورو. ووقع الاختيار بعد المناقصة المنظمة من قبل مديرية الشبيبة والرياضة في 2008 على المجموعة الصينية للهندسة ‘’سي. أر. سي. أو جي’’ التي حددت مدة الإنجاز آنذاك بـ29 شهرا لتسليم مشروع الملعب. ووفقا لما جاء به المصممون في ذلك الوقت، فإن هذه المنشأة ستجهّز بكافة الملاحق والمرافق الضرورية لبعض الرياضات، منها المساحات والأروقة المخصصة لألعاب القوى وميادين كملاحق لكرة القدم وبالإمكان استغلالها من قبل أهم فرق النخبة لمنطقة الوسط. كما استبشر العاصميون بهذا المشروع كونه يقع بعيدا عن التجمعات السكنية عكس ملعب 20 أوت و زيوي والملاعب العاصمية الأخرى. الجدير بالذكر أن الجهات المعنية تتحجج بأن المشروع تأخر بسبب الأشغال الإضافية على مستوى الأساسات.

…..ملعب الدويرة من 29 شهرا إلى أجل غير محدود ولكن…

ملعب الدويرة وبالرغم من أنه الملعب الوحيد الذي يمكن اعتبار الأشغال فيه تسير بوتيرة يمكن وصفها بالمقبولة، إلا أن هو الآخر لا يراعى فيه جانب الوقت ولمن لا يعرف ملعب الدويرة فهو ملعب يقع في الجهة الغربية للجزائر العاصمة شرع في إنجازه في نهاية مارس وبداية أفريل 2010، أسند للشركة الصينية ‘’زيجيانغ للبناء والاستثمار’’ ‘’زاد سي أي جي’’ بتكلفة إجمالية بلغت 969.11 مليار دينار ومدة إنجاز تقدر بـ29 شهرا، مع تحديد نهاية 2012 لتسليمه، إلا أن المشروع على غرار ملعب براقي عرف أيضا تأخرا في الإنجاز ليمتد إلى أجل غير محدد، هذا الملعب تصل قدرته الاستيعابية إلى 50 ألف متفرج بمدرجات مغطاة، يقع تحديدا على الطريق الرابط بين الدويرة وبئر توتة وقد جهّز الملعب بأروقة خاصة بألعاب القوى وملاحق يمكن استغلالها في تنظيم تظاهرات خاصة بالألعاب الجماعية، يضاف إلى ذلك موقف للسيارات بقدرة تصل إلى 5000 سيارة، وسيتم ربط الموقع بشبكة النقل وسيضع مساحات مخصصة للترفيه والإطعام فمتى نرى هذا الملعب جاهزا يا ترى؟

و فسر مدير التجهيزات العمومية هذا التغيير قائلا:”لما تم إعداد مشروع ملعب براقي عام 2009، كان يستجيب تماما لمعايير الفيفا، لكن منذ 2011 تغيرت هذه المعايير لأن ملعب بسعة 60.000 مقعد يتطلب موقفا ل10.000 سيارة. الآن تقلصت سعة الملعب إلى 40.000 مقعد، لذا يجب إنجاز موقف ل 5.000 سيارة، وهو شيء لم يكن ضمن توقعاتنا”.

لذا من الضروري توسيع موقف السيارات، و الفصل بين ممرات المخصصة للجمهور و الدخول المخصص للشخصيات و تسيير التيارات الضعيفة و القوية، من أجل أن يحتضن ملعب براقي منافسات تحت رعاية الفيفا.

و يضيف المدير قائلا:”من اجل تسوية كل هذه المشاكل، يبقى توسيع وعاء المشروع لا مفر منه، والحل يكمن في تحويل الملكية للميدان المجاور للمرفق الرياضي قصد السماح بربط الملعب بمحطة القطار، وهو أمر ممكن تحقيقه، كون ملعب براقي مدرج ضمن المخطط الاستراتيجي لعصرنة ولاية الجزائر”.

سليمان عبدوش",,746,2,0,credible,Economics & Pricing
source_82,undecided,رحلة شاقة.. شباب بلوزداد يطير الى جنوب إفريقيا — النهار أونلاين,"طار شباب بلوزداد صبيحة اليوم الثلاثاء الى بريتوريا، تحسبا لمواجهة ماميلودي صانداونز، في ختام دور المجموعات من رابطة الأبطال الإفريقية.

وسيكون أبناء لعقيبة على موعد مع رحلة شاقة جدا، الى غاية بلاد “البافانا بافانا”، ستدوم 13 ساعة كاملة.

وتنقل زملاء أمير سعيود، دون مُدرب، بإعتبار أن الإدارة لم تحسم لحد الساعة في خليفة فرانك دوما.

ويستهدف بطل الجزائر، تحقيق نتيجة إيجابية أمام “البرازيليين”، من أجل التأهل لدور المجموعات من “التشامبيزليغ”.",,70,1,2,not credible,Source-Specific Artifacts / Boilerplate
source_82,undecided,أيمن بن عبد الرحمان: يجب تسريع وتيرة رقمنة قطاع المالية — النهار أونلاين,"أكّد وزير المالية، أيمن بن عبد الرحمان، اليوم الخميس، على ضرورة تسريع وتيرة رقمنة القطاع.

ودعا الوزير الى التسريع في رقمنته بغية الارتقاء بمستوى الخدمات التي يقدمها، وتحسين مناخ الاستثمار في البلاد.

وجاء هذا في رسالة تهنئة بمناسبة عيد الفطر المبارك نشرت على الموقع الرسمي للوزارة.

وأعرب عن أمله في أن تتوج الجهود المبذولة والمثابرة المتواصلة والعزم الدائم على رفع التحديات الخاصة بقطاع الماليةـ بثمرات طيبة.

وأكد حرصه كل الحرص على تعزيز المكاسب المحققة في كافة مجالات الإصلاح الضريبي والميزانياتي والمالي.

وكذا مواصلة السعي إلى ترشيد الإنفاق العام وإضفاء الشفافية في مجال المالية العامة.

بالإضافة إلى المساهمة في تحسين مناخ الاستثمار والأعمال وتمويل الاقتصاد.

ولفت إلى العناية الخاصة التي يوليها لتسريع وتيرة رقمنة نشاطات المالية العامة والقطاع المصرفي والمالي.

وكذا قطاع التأمينات وأملاك الدولة بكل شعبها من منظور تحسين جودة الخدمة العامة التي يقدمها القطاع.

كما دعا إلى الحرص على الالتزام بالقواعد الصحية من أجل تجاوز الأزمة الصحية في أقرب الآجال.

وأعرب عن امتنانه لعمال المالية على مجهوداتهم للقيام، بالمهام الموكلة لهم، بالرغم من الصعوبات التي نجمت عن هذه الوضعية الاستثنائية.

وتعهد بالعمل بكل تفاني من أجل الرقي بظروف العمل للموظفين إلى المقام الذي يسموا بتطلعاتهم.",,186,1,2,not credible,Source-Specific Artifacts / Boilerplate
source_86,credible,الحكومة تنفي توقف هيئة التأمين الصحي عن تقديم خدماتها بسبب انخفاض المنتفعين,"

وتواصل المركز مع وزارة الصحة، والتي نفت تلك الأنباء، مُؤكدةً أنه لا صحة لتوقف هيئة التأمين الصحي عن تقديم خدماتها الطبية للمواطنين نتيجة لانخفاض أعداد المنتفعين، مُوضحةً أن الهيئة العامة للتأمين الصحي قائمة ومستمرة في تقديم كافة خدماتها الطبية بجميع محافظات الجمهورية لنحو أكثر من 56 مليوناً و883 ألف مواطن.



وشددت الوزارة على أن الهيئة أجرت نحو 92 ألفاً و131 عملية جراحية بنسبة إنجاز 96% من إجمالي العمليات الجراحية ضمن مبادرة رئيس الجمهورية للقضاء على قوائم الانتظار، مُشيرةً إلى أنه جار التحول التدريجي إلى منظومة التأمين الصحي الشامل على مراحل بمختلف محافظات الجمهورية، والتي ستقدم خدماتها الطبية لكافة فئات المواطنين دون تمييز، من خلال كوادر طبية متميزة ومنشآت صحية مجهزة على أعلى مستوى، وقد تجاوز عدد المسجلين بالمنظومة الجديدة ضمن محافظات المرحلة الأولى نحو 4 ملايين مواطن حتى الآن.



ونناشد وسائل الإعلام المختلفة ومرتادي مواقع التواصل الاجتماعي تحري الدقة والموضوعية ‏في نشر الأخبار، والتواصل مع الجهات المعنية للتأكد قبل نشر ‏معلومات لا تستند إلى أي حقائق، وتؤدي إلى إثارة البلبلة بين المواطنين.",,162,0,1,undecided,Government & Official Statements
source_134,credible,رئيس الحكومة: لا خوف من زيارة متاحفنا المؤمّنة.. فتونس بلد للحياة,"أكّد رئيس الحكومة هشام المشيشي في تصريح إعلامي الخميس 18 مارس 2021، أنّه لا خوف من زيارة متحف باردو المؤمن جيدا وكافة الفضاءات الثقافية في تونس، داعيا الزوار للإقبال المكثف على زيارة المتحف والإطلاع على ما يحتويه من كنوز تاريخية وحضارية.

وشدّد على أنّ العمليات الإرهابية دفعت لدعم الإجراءات الأمنية والوقائية بالفضاءات الثقافية والسياحية والمعالم التاريخية ومزيد تأمين حماية البلاد لأن تونس هي مكان للحياة ولا يمكن أن يمر منها الإرهاب، حسب تصريحه خلال زيارة لمتحف باردو لإحياء ذكرى العملية الإرهابية ليوم 15 مارس 2015 وكتابة كلمة تاريخية في السجل الذهبي للمتحف بالاشتراك مع رئيس البرلمان راشد الغنوشي.

ووضع سفراء الدول التي فقدت مواطنيها من السياح خلال العملية الإرهابية الغادرة أكاليل من الزهور ترحما على أرواحهم وعلى شهيد تونس الملازم الأول محمد أمين مرجان .

هناء السلطاني

",,127,0,2,not credible,Government & Official Statements
source_53,not credible,البيض ينخفض.. أسعار الدواجن والبط والأرانب اليوم,"Adver1

البيض ينخفض.. أسعار الدواجن والبط والأرانب اليوم الأحد 04/أبريل/2021 – 09:00 ص Advertisements شيماء مجدي يقدّم موقع ""صدى البلد"" خدمة أسعار أهم المواد الغذائية، والتغيرات التي تطرأ عليها يوميًا، ومن بينها أسعار الدواجن التى استقرت فى مستهل تعاملات اليوم الأحد 4-4- 2021.

أسعار الدواجن اليوم الأحد 4-4- 2021

تراوحت أسعار الدواجن البيضاء اليوم بين 26 و27 جنيهًا للكيلو، وتراوح سعر الدواجن الحمراء ""الساسو"" بين 32 و33 جنيهًا، أما سعر كيلو الدواجن البلدي فوصل إلى 36 جنيهًا، وتراوح سعر كيلو الأمهات من 19إلى 20 جنيهًا.

وتراوح سعر الكتكوت الأبيض بين 7 و8 جنيهات، وسجّل الكتكوت الأحمر ""ساسو"" نحو 2.50 جنيه، والكتكوت البلدي نحو 3.50 جنيه، وتراوح سعر كتكوت السمان بين 2.25 و6 جنيهات.

وسجّل البيض الأبيض والبيض الأحمر سعرا يتراوح بين 32 و32 جنيهًا للكرتونة، أما كرتونة البيض البلدى فسجّلت 32 جنيهًا، وسجل لحم الأرانب سعرا يتراوح بين 43 و41 جنيهًا.

كما سجّلت أسعار البط المسكوفي 12 جنيهًا، والمولر ""عمر يوم"" سعر 13.50 جنيه، والبط البكينى 7 جنيهات، وكيلو لحم البط المولار 33 جنيهًا، أما لحم البط الفرنساوى فيصل إلى 24 جنيها، وكيلو لحم البط المسكوفى 47 جنيهًا.

وبلغ سعر الكتكوت الرومى عمر يوم 17 جنيهًا، والكتكوت الرومى الأسمر عمر يوم 16.50 جنيه، والكتكوت الرومى البرونزى عمر يوم 17 جنيهًا. Advertisements

المصدر أخبار البلد",,204,2,1,undecided,Economics & Pricing
source_15,credible,وثائق جديدة تدين الأسد ونظامه أكثر من الأدلة ضد النازيين,"واشنطن – الناس نيوز :

في أدلة جديدة تؤكد تورط النظام في سوريا ، وخاصة رئيسه بشار الأسد، بالجرائم ضد الشعب السوري، رفعت لجنة العدل والمساءلة الدولية السرية عن آلاف الوثائق الحكومية التي أرشفتها، وفي محتواها إثباتات عن جرائم ارتكبت بحق السوريين.

فقد كشفت المعلومات في تحقيق أعدته قناة “سي بي أس” نيوز الأميركية من خلال برنامجها الشهير 60 دقيقة ، عن أكثر من 900 ألف وثيقة حكومية تم تهريبها من سوريا، تحتوي أدلة قوية على تورط النظام في سوريا ومن معه بتلك الجرائم.

وأفاد رئيس مجلس اللجنة والمدعي العام السابق، ستيفن راب، الذي قاضى مرتكبي جرائم حرب في سيراليون ورواندا، أنه ومما لا شك فيه، أن هناك ارتباطا بين هذه الوثائق المسربة وبشار الأسد، موضحاً أنها “وثائق مرتبة وعليها اسمه وقادمة من الأعلى إلى أسفل” .

كما كشف خلال حديثه الإعلامي، أن الوثائق أوضحت أن الأسد هو من نظم هذه الاستراتيجية، فهي تحتوي أوامر موجهة للسلطات باعتقال الناس، لافتاً إلى أن هناك تقارير عائدة إلى الجهة الصادرة مرة أخرى عن وجود مشاكل مثل تكدس الكثير من الجثث في المعتقلات، وفقاً لقوله.

وتابع أيضاً، هناك أدلة على جرائم حرب ارتكبها بشار الأسد، أكثر مما كانت موجودة ضد النازيين، قائلاً: “لدينا قتل، لدينا إبادة، لدينا تعذيب، لدينا اغتصاب، لدينا أشكال أخرى من العنف الجنسي ومن الاحتجاز القاسي، وهناك أيضاً تشويه”.

الجدير ذكره أن لجنة العدل والمساءلة الدولية تتكون من مجموعة متنوعة من المهنيين من أجل العدالة، ولديهم خبرة كمحققين، ومحللين، ومحامين، من بلدانهم الأصلية.

والفضل يعود في هذه الوثائق بالطبع إلى “قيصر”، الاسم المستعار الذي استخدمه مصور عسكري سوري تم تعيينه في المشرحة لتصوير الموتى من سجون الأسد السرية، إلى أن هرّب الوثائق وهرب معها من سوريا ووصل إلى الكونغرس الأميركي ليفضح جرائم النظام، الذي أفضى بدوره بفرض عقوبات عرفت فيما بعد بـ “قانون قيصر”.

وحول الموضوع أفاد راب، بأنه كان من الواضح جداً أن القتلى تعرضوا للتعذيب، فقد كانت أجسادهم هزيلة، عبارة عن هياكل عظمية، ومعظمهم كانوا بأعين مفقوءة، والتعذيب كان واضحاً.

يشار إلى أن سجل النظام في سوريا بات الأكثر توثيقاً في التاريخ نظراً للكم الهائل من الأدلة التي جمعت خلال سنوات الحرب وما تخللها من فيديوهات وصور نشرت بعضها على مواقع التواصل الاجتماعي وفضحتها الأقمار الصناعية التي تؤكد وجود جرائم حرب وجرائم ضد الإنسانية.

وكانت عشرات القضايا والتحقيقات قد رفعت سابقاً في أوروبا حول هذه الجرائم التي ارتكبت خلال الحرب السورية التي أسفرت منذ اندلاعها في عام 2011، عن مقتل أكثر من 387 ألف شخص، بحسب المرصد السوري لحقوق الإنسان، كما تسببت بنزوح أكثر من 12 مليون نسمة .",,401,0,2,not credible,Government & Official Statements
source_100,credible,حماس تعقب على انسحاب الوفد البرلماني الجزائري من فعاليات الجمعية البرلمانية للمتوسط,"رابط مختصر:

رام الله - دنيا الوطن

عقبت حركة حماس، مساء اليوم السبت، على انسحاب الوفد البرلماني الجزائري من فعاليات الجمعية البرلمانية للمتوسط بسبب مشاركة وفد يمثل الاحتلال الاسرائيلي.



وقال حازم قاسم، الناطق باسم حركة حماس: ""‏تقدر حركة حماس عاليًا انسحاب الوفد البرلماني الجزائري من فعاليات الجمعية البرلمانية للمتوسط بسبب مشاركة وفد يمثل الاحتلال""، بحسب ما جاء على موقع حركة حماس الالكتروني.



وأوضح قاسم، أن هذا الموقف يعبر عن الإجماع الشعبي العربي الرافض للتطبيع مع الاحتلال، ويعكس تجذر القضية الفلسطينية في ضمير الشعب الجزائري وعمق انتمائه للقضايا القومية، وفي مقدمتها قضية فلسطين.",,92,0,1,undecided,General/Other Ambiguous Context
source_7,not credible,يوسف بلمهدي:نحن مأمورون شرعا بالحفاظ على الأمانة والجزائر وقف للشهداء,"وجه ،وزير الشؤون الدينية والأوقاف،يوسف بلمهدي، رسالة إلى الجزائريين عشية الذكرى الثانية للحراك ، يدعو فيها إلى الحفاظ على الوطن والالتفاف حول وحدته .

وقال يوسف بلمهدي ، اليوم السبت ، خلال افتتاح ندوة تاريخية بمناسبة إحياء يوم الشهيد 18 فيفري واليوم الوطني للأخوة والتلاحم بين الشعب وجيشه من أجل الديمقراطية 22 فيفري بدار القرآن الشيخ أحمد سحنون بالعاصمة،”نحن مأمورون شرعا بالحفاظ على الأمانة والجزائر وقف للشهداء”،مضيفا بالقول”الحراك كان واضحا بعيدا عن المبتزين ويوم 22 فيفري يوم للإيخاء،وأن الهبّة الشعبية جاءت لتطهير البلاد من الفساد والمفسدين ” .

وشدد وزير الشؤون الدينية والأوقاف على الترويج للكلمة الطيبة بكل أنواعها ومن طرف الجميع “، مشيرا إلى دور المساجد والزوايا في تجنيد الناس للتصدي لكل الأزمات والإلتفاف حول الوطن” ، وأضاف يوسف بلمهدي أن الخطاب المسجدي لا يسبح في الخيال وهو نابع من اهتمامات المصليّن منذ عهد الاستعمار” .

يوسف بلمهدي قال في كلمته حول الوحدة والالتفاف لحماية استقرار الوطن والتصدي لكل مخططات زعزعته “نحن أمّة إعمار وبناء وليس أمّة تخريب”، مشيرا إلى أهمية إحياء دور أعلام الوطن في هذا المجال ، بالتنسيق مع وزارة المجاهدين .",,175,2,0,credible,Government & Official Statements
source_131,credible,دفن جثمان يوسف شعبان في مقابر 6 أكتوبر,"يوسف شعبان

انتهت أسرة يوسف شعبان من دفن جثمان الفنان الراحل في مقابر 6 أكتوبر، وسط دعوات من أقاربه ومحبيه ووفد من نقابة المهن التمثيلية بالرحمة والمغفرة.

وكان جثمان الفنان الراحل يوسف شعبان خرج من مستشفى العجوزة، بعد أن انتهت أسرته من إجراءات استلام الجثمان.

وتوفي يوسف شعبان أمس عن عمر يناهز 90 عاما، إثر إصابته بفيروس كورونا.",,58,0,2,not credible,Health & COVID-19
source_134,credible,القمودي للكعلي: أشعر بخيبة أمل من إجاباتك سيدي الوزير !,"عبّر رئيس لجنة الإصلاح الإداري والحوكمة ومكافحة الفساد بدر الدين القمودي، في ختام الاستماع لإجابات وزير المالية والاقتصاد علي الكعلي خلال جلسة استماع صلب اللجنة اليوم الإثنين 15 مارس 2021، عن شعوره بخيبة أمل من ردود الوزير وخاصة في ما تعلق بمسؤولية البنوك العمومية في تحقيق التنمية بالجهات.

وتوّجه القمودي إلى وزير المالية والاقتصاد، قائلا ""من المفروض أنّكم تمثلون الدولة كجهاز رقابي وتتحمل مسؤولية الإخلالات والتجاوزات بها وعدم تبرير قروض تمنح دون ضمانات وهو ما انتظره أعضاء اللجنة من إجابات"".

هناء السلطاني",,82,0,2,not credible,Government & Official Statements
source_95,credible,الداخلية تمنع وقفة غير مرخص لها أمام البرلمان,"الدار / خاص

قررت السلطات المحلية بولاية جهة الرباط- سلا- القنيطرة، منع أي تجمهر أو تجمع بالشارع العام، لما يمثله ذلك من خرق لمقتضيات حالة الطوارئ الصحية، وتهديد لسلامة المواطنات والمواطنين، وذلك على أثر تداول منشورات بمواقع التواصل الاجتماعي تدعو إلى تنظيم وقفة احتجاجية (دعما للقدس)، يوم غد الثلاثاء على الساعة الرابعة والنصف عصرا، أمام مقر البرلمان بمدينة الرباط.

وأفاد بلاغ لولاية الجهة ، اليوم الاثنين، أنه “وفي سياق الإجراءات الاحترازية التي اتخذتها الحكومة لمنع تفشي وباء كورونا – كوفيد 19، وأخذا بعين الاعتبار تمديد حالة الطوارئ الصحية لغاية 10 ماي 2021، تعلن السلطات المحلية منع أي تجمهر أو تجمع بالشارع العام لما يمثله ذلك من خرق لمقتضيات حالة الطوارئ الصحية وتهديد لسلامة المواطنات والمواطنين”.

وأشار ذات البلاغ الى أن السلطات المحلية “إذ تؤكد على ضرورة التزام الداعين إلى هذه الأشكال الاحتجاجية بقرار المنع، مع تحميلهم كامل المسؤولية في كل ما يمكن أن يترتب عن أي تصرفات خلافا لذلك”، فإنها تشدد على “حرصها التام على التصدي لكل الممارسات المخالفة للقوانين والضوابط الجاري بها العمل في هذا الشأن”.

وكانت هيئات مغربية قد دعت الى الاحتجاج بشوارع العاصمة على اثر التطورات التي تعرفها الأراضي الفلسطنية، ومدينة القدس على الخصوص، حيث صدرت الدعوة، عن “السكرتارية الوطنية، لمجموعة العمل الوطنية من أجل فلسطين”، والتي حددت عصر يوم غد الثلاثاء، موعدا للوقفة الإحتجاجية، التي تقرر تنظيمها أمام مقر البرلمان، داعية إلى مشاركة مكثفة دعما للفلسطينيين.",,220,0,1,undecided,Government & Official Statements
source_47,credible,بالفيديو.. أسواق لبنان تتحول إلى ساحات معارك,"مرصد مينا – لبنان

تداول ناشطون على مواقع التواصل الاجتماعي، مقطع فيديو يظهر حالة تدافع كبيرة داخل أحد المتاجر، واصفين المشهد بأنه أقرب إلى معركة للحصول على ما تبقى من السلع الغذائية والأساسية المدعومة.

وبحسب الناشطين فإن الفيديو تم تصويره في مخازن الكاسكادا مول في منطقة البقاع اللبنانية، ما اعتبر مؤشراً على حجم الأزمة الاقتصادية والمعيشية، التي يمر بها اللبنانيون، والتي تعد الأسوء في تاريخ البلاد، بسبب انهيار العملة اللبنانية أمام الدولار، والذي وصل إلى حد 15 ألف ليرة للدولار الواحد، ما أدى إلى ارتفاع كبير في الأسعار وموجة غلاء غير مسبوقة، لا سيما ما رفع الحكومة اللبنانية للدعم عن مجموعة من السلع.

يشار إلى أن ناشطين تداولوا قبل أسابيع قليلة مقاطع فيديو أخرى تظهر عراكاً بين المتسوقين بسبب علبة حليب أطفال وعبوة زيت، وسط تحذيرات من انهيار البلاد بشكل كامل في حال استمرار الأزمة الحاصلة.

يذكر أن الأمم المتحدة كشفت في وقتٍ سابق عن ارتفاع معدلات الفقر في لبنان إلى أكثر من 50 بالمئة من إجمالي السكان، محذرة من كارثة إنسانية وشيكة.",,163,0,1,undecided,Government & Official Statements
source_79,credible,قيادي عسكري يعتدي على نائب رئيس جامعة تعز بسبب عدم قبول ابنة أخيه في كلية الطب,"الرئيسية/آخر الأخبار/ قيادي عسكري يعتدي على نائب رئيس جامعة تعز بسبب عدم قبول ابنة أخيه في كلية الطب آخر الأخبار قيادي عسكري يعتدي على نائب رئيس جامعة تعز بسبب عدم قبول ابنة أخيه في كلية الطب

تعزـ “الشارع”: تعرض الدكتور رياض العقاب نائب رئيس جامعة تعز لشؤون الطلاب، الدكتور رياض العقاب، اليوم الثلاثاء، للاعتداء، من قبل قيادي في محور تعز العسكري. وقال مصدر أكاديمي لـ “الشارع”، إن العقيد عبد الحكيم الشجاع القيادي في اللواء ٢٢ ميكا، تهجم على الدكتور العقاب في مكتبه، وتلفظ عليه بألفاظ نابية، مطلقاً الوعيد والتهديد، بسبب عدم قبول ابنة أخيه للدراسة في كلية الطب، كونها لم تنجح في اختبار المفاضلة. وأوضح المصدر، أن الشجاع وعند خروجه من مبنى عمادة الكلية، اعتدى على سيارة الدكتور العقاب، المتوقفة جوار المبنى، وصدمها في أحد جوانبها بالطقم العسكري الذي يقوده برفقة مسلحين تابعين له، ما أسفر عن حدوث أضرار في السيارة. الأكاديمي في جامعة تعز الدكتور صادق القاضي، علّق على الحادثة، بقوله إن الفساد في مؤسسة الجيش والأمن هو المشجع على فساد المؤسسات المدنية، بل هو الحامي الرسمي لفسادها. وأضاف في منشور له على “فيسبوك”، أنه “يستحيل أن يسعى مثل هذا العقيد (الشجاع) وأمثاله ومن والاهم لتحرير أو لنظام وقانون، لأن مصلحتهم الشخصية في بقاء اللادولة واللاقانون واللانظام”.",,198,0,1,undecided,Government & Official Statements
source_108,credible,رئيس مجلس السيادة يشيد بدور مجموعة الترويكا في سلام السودان - اخبار السودان,"الخرطوم ٨-٦-٢٠٢١ (سونا) – اشاد رئيس مجلس السيادة الإنتقالي الفريق أول ركن عبدالفتاح البرهان بالدور الذي تضطلع به دول الترويكا لتعزيز مسيرة السلام والإستقرار في السودان.

وثمن خلال لقائه بمكتبه بالقصر الجمهورى اليوم، أعضاء المجموعة والتي تضم المبعوث الأمريكي دونالد بوث ومبعوث المملكة المتحدة بوب فيرويدز، والمبعوث النرويجي إندري ستيانسن، الجهود المقدرة التي تبذلها المجموعة لدعم الفترة الانتقالية، لافتا الي أن توقيعها اليوم بقاعة الصداقة، بجانب الإيقاد على اتفاق سلام السودان الموقع بجوبا في أكتوبر الماض يعد خطوة في طريق إنفتاح السودان على المجتمع الدولي.

وأوضح رئيس الوفد، المبعوث الأمريكي دونالد بوث، في تصريح صحفي، أن اللقاء بحث كيفية تقديم الترويكا للدعم السياسي للحكومة الانتقالية بما يحقق امال الشعب السوداني وتطلعاته نحو السلام والإستقرار وتعزيز التنمية بالبلاد، واصفا اللقاء بالمثمر.

وأكد بوث دعم الترويكا الكامل للحكومة دفعاً لعملية التفاوض التي تشهدها الآن عاصمة جمهورية جنوب السودان بين الحكومة والحركة الشعبية شمال بقيادة عبدالعزيز الحلو.

",,144,0,1,undecided,Government & Official Statements
source_86,credible,محلية النواب توصي بتشكيل لجنة لبحث إنشاء معدية في بني سويف,"أنا معجب بالشروق بالفعل، لا تظهر هذه الرسالة مرة أخرى

أوصى رئيس لجنة الإدارة المحلية، أحمد السجيني، بتشكيل لجنة من ممثلي الري وجهاز مدينة لبحث المكان لملائم لإنشاء معدية على مصرف اللبيني، في بني سويف لربط عزبة أبو النور بهرم ميدو مركز الواسطى.

وقال السجيني، خلال مناقشة طلب الإحاطة المقدم من النائب عبد الحكيم مسعود، بشأن إنشاء معدية على مصرف اللبيني: ""يجب أن يكون فيه قدر من التدبر لاختيار المكان""، موصيًا بتشكيل لجنة لبحث الموقع المناسب للمعدية.

وتابع: ""يجب أن تتكلم اللجنة لغة واحدة وليس لغتين، هؤلاء مواطنين يجب مراعاتهم، لدينا مواطنين لهم حق ومال عام، فنتدبر لاختيار أفضل شيء""، مشددًا على ضرروة مراعاة مصلحة المواطنين، مطالبا اللجنة بموافاة المجلس بتقرير خلال 15 يومًا.

كان رئيس المدينة تضامن مع مطلب النائب عبد الحكيم مسعود، خلال مناقشة طلب الإحاطة، وأشار إلى وجود لجنة عاينت الموقع مرتين، المرة الأولى في يناير الماضي، والثانية منذ أربعة أيام.

فيما أوضح ممثل مديرية الري بالمحافظة عدم تحقق اشتراطات المسافات الخاصة بالإنشاء، وقال: ""الكوبري بينه وبين الذي قبله ٥٠٠ متر، تعليمات وزارة الري المسافة تكون كيلو ولا تقل إلا لو في ظروف خاصة مثل وجود مدارس"".

وعلق محافظ بني سويف، محمد غنيم، قائلًا: ""طالما في احتياج ندرس إمكانية تطبيقها""، مضيفًا: ""إنشاء المراسي غير مرفوض لكن يجب النظر لنوعية المرسى وجودته، المراسي القانونية تعتبر غير موجودة"".

وأوضح أن المحافظة بصدد إنشاء مرسى في مدينة بني سويف لأغراض مختلفة منها سياحية، موضحا: ""ماعنديش نقطة توقف لمسار للعائلة المقدسة من الخروج للمعادي حتى جبل الطير"" .",,237,0,1,undecided,Government & Official Statements
source_44,credible,"يحدث في مدارس دول مغاربية.. ""تأديب"" الأطفال بالعصي والسياط والصعق بالكهرباء والربط بالحبال","طالبت منظمة هيومن رايتس ووتش، الإثنين، الحكومات في الشرق الأوسط وشمال أفريقيا بحظر ""التأديب العنيف للأطفال""، بمناسبة إطلاقها مؤشرا يصنف دول المنطقة ""بناء على قوانينها وسياساتها ذات الصلة"".

وقالت المنظمة إن ""منطقة الشرق الأوسط وشمال أفريقيا تسجل بعض أعلى معدلات العقاب البدني في العالم"" حيث يتعرض ""أكثر من 90 بالمئة من الأطفال لعباب بدني على الأقل مرة في الشهر في بلدان مثل مصر والمغرب وتونس""، فيما سجلت قطر أدنى نسبة مقارنة بالدول التي شملها المؤشر.

ويحظر القانون الدولي جميع أشكال العقاب البدني، ويحق لجميع الأطفال التعليم في بيئة خالية من العنف.

ونقلت المنظمة عن دراسات قولها إن ""الخطوة الرئيسية للقضاء على العقاب البدني هي تجريمه كممارسة، وتطبيق القانون بصرامة""، حيث فعل 62 من دول العالم حظر للعقاب البدني في جميع الظروف، وتعهدت 27 دولة أخرى بتطبيق ذلك.

وقالت المنظمة إن دراسات ربطت على امتداد عقود بين ""التأديب العنيف وتزايد الأفكار الانتحارية، والقلق، والعنف الأسري، والجريمة، والتسرب المدرسي.""

وقالت إن التأديب العنيف من قبل الوالدين، ومقدمي الرعاية، والمعلمين بسهولة عن السيطرة، ويقتل الضرب آلاف الأطفال سنويا.

وبدلا من تحسين سلوك الأطفال، يؤدي العقاب البدني إلى نتائج تعليمية أسوأ، بحسب هيومن رايتس ووتش، حتى لدى الأطفال الذين لا يتسربون من المدارس، وإلى ارتفاع العدوانية والعنف.

وقالت المنظمة إن إنهاء العقاب البدني قد يؤدي إلى زيادة الحضور، وانخفاض نسب التسرب المدرسي، وتحسين نتائج التعلم، وارتفاع معدلات الانتقال إلى مستويات تعليمية أعلى. وفقا لـ ""البنك الدولي"" و""برنامج الأمم المتحدة الإنمائي"".

الدول الحمراء.. المغرب في القائمة

وحللت هيومن رايتس ووتش الوضع في 19 بلدا، وقالت إنها وجدت أن ""أغلبها يفتقر إلى القوانين اللازمة للقضاء على العقاب التأديبي العنيف، بينما لدى بعضها قوانين تسمح به صراحة"".

وبناء على قوانين وسياسات دول الشرق الأوسط وشمال أفريقيا بشأن العنف البدني، يُصنف مؤشر ""هيومن رايتس ووتش"" هذه الدول إلى ثلاثة ألوان: أخضر، وأصفر، وأحمر. تشمل الفئة الخضراء الدول التي لديها قوانين جنائية تحظر العقاب البدني بوضوح وفي جميع الحالات، بما يشمل المدرسة والمنزل.

وتشمل قائمة الدول الحمراء كلا من العراق وإيران وسوريا واليمن وعمان ومصر، إلى جانب المغرب، وذلك بسبب سماح قوانين تلك الدول بالتأديب الجسدي للأطفال.

واستند التقرير على دراسة أجرتها وزارة التربية الوطنية المغرب وجدت فيها حالات قام خلالها المعلمون بصدم الأطفال بالكهرباء وربطهم بحبال. ومع ذلك، تباطأت الحكومة في الاستجابة للمطالب بحظر جميع أشكال التأديب العنيف للأطفال.

ليبيا والجزائر ضمن الدول الصفراء

وتشمل هذه الدول البلدان التي لديها سياسات تحظر العقاب البدني في المدارس، لكن قوانينها لا تحظره بوضوح كممارسة.

وصنفت هيومن رايتس ووتش ضمن هذا المؤشر دول الإمارات وقطر والبحرين والكويت والسعودية والأردن والأراضي الفلسطينية ولبنان، إلى جانب بلدين مغاربيين هما ليبيا والجزائر.

وأشار التقرير إلى أن الدول العشر ""تحظر هذه الممارسة في سياساتها لكن ليس في قوانينها، ما يفضي إلى حظر سيئ التنفيذ""، كما خص الجزائر بملاحظة مفادها بأن العقاب البدني لا يزال يطبق بشكل ""روتيني"" في المدارس على الرغم من حظر الحكومة له.

الدول الخضراء.. تونس ضمن التصنيف

شملت هذه القائمة، إلى جانب إسرائيل، دولة مغاربية هي تونس.

فبخصوص تونس، قالت هيومن رايتس ووتش إنه ""لعقد من الزمان، كان القانون يحمي الأطفال من جميع أشكال التأديب العنيفة. ومع ذلك، تظهر الاستطلاعات أنه لا يزال منتشرا، ويعتقد العديد من الآباء أن إيذاء الأطفال ""تربوي"".

وقال أحمد بن شمسي، مدير التواصل والمرافعة في الشرق الأوسط وشمال أفريقيا لـ ""هيومن رايتس ووتش""، إنه ""مع أن الاعتداء على الراشدين يعتبر جريمة في العديد من دول الشرق الأوسط وشمال أفريقيا، إلا أنه يحلل لدواع 'تعليمية' إذا كانت الضحية طفلا"".

وأضاف شمسي إن ""إلغاء العقاب البدني سيعود بمنفعة كبيرة على الأطفال ومجتمعاتهم، وينبغي وقفه حالا"".

وقالت هيومن رايتس ووتش إن ""العقاب العنيف للأطفال يتسبب لهم في ألم ومعاناة لا داع لهما، كما أنه مهين ومضر بنمو الطفل، ونجاحه المدرسي، وصحته النفسية.

المصدر: عن موقع الحرة",,586,0,1,undecided,Government & Official Statements
source_7,not credible,وزارة الصحة: 187 إصابة جديدة و 5 وفيات بكورونا خلال 24 ساعة,"سجلت وزارة الصحة 187 إصابة جديدة بفيروس كورونا (كوفيد-19) و5 وفيات في الجزائر خلال ال24 ساعة الأخيرة.

فيما تماثل 122 مريضا للشفاء، حسب ما كشف عنه اليوم الناطق الرسمي للجنة رصد ومتابعة فيروس كورونا، الدكتور جمال فورار.

وخلال اللقاء الإعلامي اليومي المخصص لعرض تطور الوضعية الوبائية لفيروس كورونا أوضح فورار أن إجمالي الحالات المؤكدة 119992 بلغ شخص من بينها 187 حالة جديدة.

بينما بلغ العدد الإجمالي للمصابين الذين تماثلوا للشفاء 83636 شخص والعدد الإجمالي للوفيات 3165 حالة.

ويتواجد حاليا 19 مريضا في العناية المركزة، حسب فورار .",,87,2,0,credible,Government & Official Statements
source_73,credible,البرلمان: رباب بن لطيف تدعو إلى تكوين لجنة تحقيق في وفاة عبد السلام زيان,"يعمل اليوم الثلاثاء 09 مارس 2021، عدد من النواب على جمع إمضاءات لطلب تكوين لجنة تحقيق برلمانية في التجاوزات 'والجرائم البوليسية'، وذلك ببادرة من النائب عن حركة النهضة رباب بن لطيف.

وحسب ما أفادته به رباب بن لطيف لمبعوث شمس أف أم إلى البرلمان، أن هدف من لجنة التحقيق، هو تقصي ملابسات الوفاة المشبوهة للشاب عبد السلام الزيان بعد ايقافه في مدينة صفاقس والوقوف على ظروف الإحتفاظ به.



",,68,0,2,not credible,Health & COVID-19
source_8,not credible,واتساب تتيح إرسال الأموال واستلامها في هذه الدولة,"أصبحت مدفوعات واتساب متاحة الآن في البرازيل مرة أخرى، حيث أعادت خدمة الدردشة المملوكة لشركة فيسبوك إطلاق الميزة بعد عام تقريبًا من إطلاقها للمرة الأولى في البلاد. وقال مارك زوكربيرغ، الرئيس التنفيذي لشركة فيسبوك، في مقطع فيديو: إن واتساب أعادت إطلاق خدمات تحويل الأموال بين الأفراد في البرازيل، بعد أن حظرها البنك المركزي قبل عام تقريبًا.وكانت البرازيل بمثابة المنصة الثانية لإطلاق مدفوعات واتساب بعد طرحها في الهند بعد بضعة أشهر، لكن مصرفها المركزي أجبر الخدمة على تعليق الميزة في شهر يونيو من عام 2020 بعد أيام قليلة من إطلاقها هناك، وفقا للبوابة العربية للأخبار التقنية.

ومهد البنك المركزي البرازيلي في شهر مارس الطريق أمام الخدمة للسماح بإرسال الأموال باستخدام شبكتي فيزا وماستركارد، وذلك بعد النظر في ما إذا كانت تفي بجميع القواعد المتعلقة بالمنافسة والكفاءة وخصوصية البيانات. وجاء ذلك بعد أن قال البنك المركزي: إن مدفوعات واتساب قد تلحق الضرر بنظام المدفوعات الحالي في البرازيل من حيث المنافسة والكفاءة وخصوصية البيانات، مضيفًا أنها فشلت في الحصول على التراخيص المطلوبة. وحاولت واتساب في البداية تجنب التحول إلى شركة خدمات مالية في البرازيل وسعت إلى الحصول على التراخيص من خلال الاعتماد على التراخيص البنكية الحالية لفيزا وماستركارد، لكنها استسلمت للضغوط التنظيمية.

….رقابة البنك المركزي

وطلبت السلطة النقدية أيضًا تسمية عملاقة التكنولوجيا كشركة خدمات مالية في البرازيل، مما دفع فيسبوك إلى إنشاء وحدة جديدة تسمى Facebook Pagamentos do Brasil، التي تخضع الآن للتنظيم من البنك المركزي.

وبالرغم من إعادة إطلاق الميزة في البرازيل، فلن تكون متاحة للجميع منذ البداية.

ويمكن لعدد محدود من المستخدمين الوصول إليها في البداية، ولديهم القدرة على دعوة أشخاص آخرين لاستخدام الميزة. ويمكن لمستخدمي واتساب البالغ عددهم 120 مليونًا في البرازيل إرسال ما يصل إلى 5000 ريال برازيلي (918 دولار) شهريًا لبعضهم بعضًا مجانًا. وعلاوة على ذلك، فإن المعاملة الواحدة لها حد 1000 ريال برازيلي (184 دولار)، ولا يمكن للمستخدمين معالجة أكثر من 20 عملية تحويل في اليوم.

…مدفوعات التجار

ويمكن لواتساب معالجة التحويلات من نظير إلى نظير في الوقت الحالي فقط، لكنها قدمت في الأصل الميزة لمساعدة التجار الصغار.وتستخدم الشركات المحلية في البرازيل والهند تطبيق الدردشة كحضور أساسي لها عبر الإنترنت، وكان من المفترض أن تساعدهم ميزة الدفع على قبول المدفوعات الرقمية بسهولة. ولا تزال فيسبوك تجري محادثات مع البنك المركزي بشأن مدفوعات التجار، وبحسب ما ورد تتوقع الشركة إطلاق الميزة في وقت ما هذا العام، مما يضيف خطًا جديدًا من الإيرادات لواتساب. وبلغ إجمالي مدفوعات البطاقات في العام الماضي في البرازيل 2 تريليون ريال (368.12 مليار دولار)، بزيادة 8.2 في المئة عن عام 2019.",,397,2,1,undecided,Source-Specific Artifacts / Boilerplate
source_100,credible,المرابطة حلواني: مخططات خطيرة تستهدف المسجد الأقصى في شهر رمضان,"رابط مختصر:

رام الله - دنيا الوطن

حذرت المرابطة المقدسية هنادي الحلواني من مخططات خطيرة تستهدف المسجد الأقصى المبارك في شهر رمضان المقبل، داعية لضرورة التحرك ضد تلك المخططات قبل فوات الأوان.



وأشارت الحلواني الى أن الأقصى أمام خطر داهم بعد أن دعت ما تسمى بجماعات الهيكل إلى مؤتمر تحضيري لاقتحامات ""يوم القدس"" العبري في 28 رمضان المقبل.



ولفتت الحلواني الى أن هذه الدعوة تأتي في إطار تعدد مسارات العدوان على المسجد الأقصى المبارك من خلال التقسيم الزماني الذي يتطلع إلى تخصيص يوم السبت كيوم مقدس يخصص فيه الأقصى لليهود فقط، والتقسيم المكاني الذي يستهدف اقتطاع مصلى باب الرحمة والساحة الشرقية من الأقصى، ومحاولة تأسيس الهيكل معنوياً بأداء كامل الطقوس والعبادات اليهودية في الأقصى، باعتبارها خطوة على طريق تأسيس المعبد المزعوم مادياً.



وبيّنت الحلواني أن جماعات المعبد تحاول في هذه الأيام الاستفادة من الزخم الذي كسبته في الانتخابات الأخيرة بفوز سبعة من أكثر قادتها تطرفاً بمقاعد في الكنيست، ونحو 17 من مناصريها ومؤيديها الدائمين.



وكانت ما تسمى بجماعات الهيكل دعت المنظمات الشبابية والمدارس الدينية اليهودية إلى مؤتمر تحضيري ""لتدارس كيفية تنظيم"" اقتحام "" لآلاف اليهود في يوم القدس""، الذي سيوافق يوم الإثنين 10-5-2021 بالتقويم الميلادي و28 رمضان 1442 بالتقويم الهجري.



وسينعقد هذا المؤتمر يوم غد الأحد غربي القدس، أي قبل الاقتحام بخمسة وثلاثين يوماً، وهذه المرة الأولى التي يُدعى فيها إلى مؤتمر تحضيري بهذا الحجم لاقتحام المسجد الأقصى، وهو ما يؤكد أن المتطرفين الاسرائيليين يسعون إلى جعل يوم 28 رمضان القادم علامة فارقة في عدوانهم على المسجد الأقصى المبارك.",,239,0,1,undecided,Sports News
source_82,undecided,سكيكدة تعمق جراح المولودية وبلوزداد تتعثر أمام مقرة — النهار أونلاين,"تعرض فريق مولودية الجزائر ظهيرة اليوم الجمعة لهزيمة جديدة أمام فريق شبيبة سكيكدة بنتيجة 1-0 في إطار تسوية رزنامة الجولة الـ14 من الرابطة المحترفة.

وسجل هدف المباراة الوحيد اللاعب حسام بحراوي في الدقيقة الـ89 من عمر المباراة، وفي مباراة أخرى تعادل فريق شباب بلوزداد سلبيا أمام نجم مقرة.

وبهذه النتيجة أصبح رصيد شباب بلوزداد، 27 نقطة في المركز التاسع، بينما ارتفع رصيد النجم إلى النقطة 16 في المركز 17.",,69,1,2,not credible,Source-Specific Artifacts / Boilerplate
source_34,not credible,بالصور: نقص ”فيتامين سي“..من مشاكل النزيف إلى التهاب بصيلات الشعر,"شبكة عراق الخير:

من مشاكل النزيف إلى التهاب بصيلات الشعر، نوضح فيما يلي علامات نقص ”فيتامين سي“ وكيفية تعويضه:

مشاكل النزيف

كشفت دراسة حديثة أن النقص الحاد لفيتامين سي يمكن أن يسبب مشاكل نزفية مختلفة، بما في ذلك نزيف اللثة وحتى نزيف شبكية العين.

التهاب البصيلات

يمكن لنقص فيتامين سي أن يسبب التهاب بصيلات الشعر؛ لأنه في الأساس يساعد في تغذية الأوعية الدموية الدقيقة الموجودة على سطح فروة الرأس ومسؤولة عن مد المنطقة بالدم والمغذيات، ونقصه يسبب ضعفها وتكسرها بسهولة.

تغير في شكل الأظافر

ضعف الأظافر واتخاذها الشكل الأحدب أو الذي يشبه الملعقة، يعد من أعراض نقص فيتامين سي، كما يعد ظهور بقع حمراء أو خطوط رأسية على الأظافر من العلامات أيضًا، وذلك يرجع إلى ما يسببه النقص من ضعف في الأوعية الدموية.

جفاف وتلف الجلد

يساعد فيتامين سي في تعزيز صحة الجلد ويحفز إنتاج الكولاجين، ونقصه يمكن أن يسبب جفاف وتلف في الجلد، وخاصة الطبقة الخارجية.

سهولة تكون الكدمات

يرتبط نقص فيتامين سي بسهولة تكون الكدمات، نتيجة ضعف وسهولة تكسر الأوعية الدموية وتسرب الدم إلى المناطق المحيطة.

تباطؤ تعافي الجروح

مع تأثير نقص الفيتامين على إنتاج الكولاجين، تتأثر طبيعة تعافي الجروح وتصبح أبطأ، كما أنه في حالات النقص الحادة، قد يحدث فتح في الجروح القديمة.

ألم وتورم المفاصل

يؤثر نقص فيتامين سي أيضًا على صحة العظام ويمكن أن يسبب ألما وتورما في المفاصل، كما يمكن أن يسبب نزيفًا داخل المفاصل.

وبالإضافة لما ذُكر أعلاه، يسبب نقص فيتامين سي ضعفًا في المناعة وأنيميا الحديد.

كيفية تعويض النقص

بجانب استهلاك المكملات باستشارة الطبيب، يُنصح بتعزيز استهلاك المصادر الطبيعية لفيتامين سي؛ والتي تشمل البروكلي والفلفل والكيوي والجوافة والليمون والبابايا.",,257,2,1,undecided,Health & COVID-19
source_82,undecided,وزارة البريد والمواصلات تتعاون مع 4 قطاعات لإنجاز مشاريع الخدمة العمومية — النهار أونلاين,"أشرف إبراهيم بومزار وزير البريد والمواصلات السلكية واللاسلكية على تنظيم يوم إعلامي لفائدة المديرين الولائيين لأربعة قطاعات.

وحسب بيان للوزارة، فإن الإجتماع حضره قطاعات الداخلية، الأشغال العمومية والنقل، الموارد المائية والسكن والعمران والمدينة.

وأوضح البيان، أن الإجتماع يأتي على خلفية الإمضاء على منشورين وزاريين لتكثيف شبكات الإتصالات وتطويرها.

ويتعلق المنشور الأوّل بين قطاعات البريد والمواصلات السلكية واللاسلكية، الداخلية والتهيئة العمرانية والموارد المائية.

حيث يحدد شروط وكيفيات التأجير من قبل الجماعات المحلية والشركات المكلّفة بمنشآت الموارد المائية لفائدة متعاملي الاتصالات الإلكترونية.

أما المنشور الثاني، الممضى بين قطاعات البريد والداخلية والأشغال العمومية والنقل والسكن والعمران والمدينة.

ويحدد المنشور إجراءات وكيفيات تخصيص وربط مشاريع السكنات الاجتماعية، وإنجاز التجهيزات والمنشآت العمومية.

وكذا تهيئة الطرقات والطرق السيارة والتهيئة العمرانية بشبكات الاتصالات الإلكترونية.

حيث يهدف إلى تأطير العلاقات بين القطاعات، وتعزيز التعاون والتنسيق بينها لإنجاز المشاريع الحيوية الخاصة بالخدمة العمومية.

على غرار الإدراج المسبق للمنشآت القاعدية للإتصالات الإلكترونية في دفاتر الشروط الخاصة بمجالات السكن والأشغال العمومية و التهيئة العمرانية، كمخططات التهيئة و التعمير ، مخططات تهيئة المدن الجديدة والأقطاب العمرانية، وشغل الأراضي.",,166,1,0,credible,Source-Specific Artifacts / Boilerplate
source_73,credible,الطبوبي: 'حظر الجولان بداية من السابعة مساء قرار غير صائي ويحتاج إلى التعديل',"عبر اليوم الجمعة 09 أفريل 2021 الأمين العام للاتحاد العام التونسي للشغل نور الدين الطبوبي عن رفضه لإقرار حظر الجولان في شهر رمضان بداية من الساعة السابعة مساء.

وخلال زيارة إلى ولاية سيدي بوزيد للإشراف على تسمية شارع باسم الأمين العام المساعد الراحل بوعلي المباركي، تحدث الطبوبي عن ضرورة إقرار مرافقة اقتصادية واجتماعية، تزامنا مع الوضع الوبائي وتزامنا مع الإجراءات الإستثنائية المعلن عنها لمجابهة فيروس كورونا.

ووصف الطبوبي قرار حظر الجولان من السابعة مساء إلى الخامسة صباحا خلال شهر رمضان، بالقرار غير الصائب والذي لم يأخذ بعين الإعتبار خصوصية عدة فئات في المجتمع على غرار عمال المقاهي والفئات الفقيرة.

ودعا الطبوبي إلى مراجعة القرار.",,104,0,2,not credible,Health & COVID-19
source_47,credible,بينها مصر وتونس.. انطلاق تدريب عسكري في المتوسط بمشاركة 13 دولة,"بينها مصر وتونس.. انطلاق تدريب عسكري في المتوسط بمشاركة 13 دولة

بينها مصر وتونس.. انطلاق تدريب عسكري في المتوسط بمشاركة 13 دولة

مرصد مينا- مصر

انطلقت، اليوم الأربعاء، فعاليات التدريب البحري المشترك “فوينيكس إكسبريس 2021″، في تونس بمشاركة مصر والولايات المتحدة الأمريكية وعدد من الدول العربية والأجنبية.

المتحدث باسم الجيش المصري، العقيد “تامر الرفاعي”، أعلن عبر حسابه الرسمي بموقع “فيسبوك”، انطلاق فعاليات تدريب عسكري بمشاركة 13 دولة في المياه الإقليمية التونسية بالبحر المتوسط، مشيرا إلى أن التدريب يأتي في إطار دعم العلاقات العسكرية وتعزيز التعاون وتبادل الخبرات بين القوات المسلحة المصرية ونظائرها من الدول الشقيقة والصديقة.

وقال “الرفاعي”، في بيان إن الفعاليات “انطلقت لعدة أيام بالمياه الإقليمية لتونس بالبحر المتوسط”، مشيرا إلى أن التدريب يتضمن تنفيذ أنشطة تدريبية تساهم في تحقيق التجانس بين قوات الدول المشاركة، بغرض توحيد مفاهيم تعزيز الأمن البحري وتأمين خطوط المواصلات البحرية وأسلوب تنفيذ العمليات الاعتراضية.

كما أوضح أن هذه التدريبات تأتي “في إطار خطة القوات المسلحة للتدريبات المشتركة مع الدول الشقيقة والصديقة بهدف تعزيز وتنمية علاقات التعاون العسكري لمجابهة التحديات والعدائيات بمسرح عمليات البحر المتوسط”.

يشار إلى مياه البحر المتوسط شهدت خلال الآونة الأخيرة عدة تدريبات عسكرية، بين مصر وعدد من الدول.",,187,0,1,undecided,Source-Specific Artifacts / Boilerplate
source_53,not credible,تقنيات مثيرة للجدل بسيارة تسلا,"Adver1

تعد القيادة في السيارات الكهربائية بسيطة من خلال استخدام ذراع أو مجموعة أزرار للسماح للسائقين بالتبديل بينهم حسب الحاجة، إلا أن سيارات تسلا s وتسلا X SUV تبدو تقنية القيادة الجديدة بهما معقدة ومثيرة للجدل.

المصدر: فيتو",,38,2,1,undecided,General/Other Ambiguous Context
source_89,undecided,ارتفاع درجات الحرارة وأجواء معتدلة,"عمان- الغد- يطرأ ارتفاع آخر على درجات الحرارة اليوم الاحد لتقترب من مُعدلاتها المُعتادة لمثل هذا الوقت من العام، ويكون الطقس صحوا وأكثر اعتدالا، بحسب موقع “طقس العرب”.

وتكون الرياح تكون شمالية غربية الى شمالية شرقية خفيفة إلى مُعتدلة السرعة، وفي خليج العقبة تكون شمالية معتدلة السرعة، وحالة البحر خفيف الموج.

وفي ساعات الليل يبقى الطقس باردا بشكل لافت في أغلب المناطق، وتكون الرياح خفيفة مُتقلبة.

ونهار غد الاثنين يطرأ ارتفاع آخر على درجات الحرارة لتصبح حول معدلاتها لمثل هذا الوقت من العام، ويكون الطقس مستقرا ومائلا للدفء خاصة في العقبة والأغوار والبحر الميت.وتكون الرياح شمالية غربية الى شمالية شرقية خفيفة مُعتدلة السرعة، وفي خليج العقبة تكون شمالية معتدلة السرعة، وحالة البحر خفيف الموج. وفي ساعات الليل يبقى الطقس باردا نسبيا في أغلب المناطق وتكون الرياح خفيفة مُتقلبة.",,128,1,2,not credible,Economics & Pricing
source_82,undecided,درك الشلف يفكك شبكة مختصة في تنظيم رحلات الحرقة والنصب على الشباب — النهار أونلاين,"تمكنت وحدات الكتيبة الإقليمية للدرك الوطني بتنس ولاية الشلف، من توقيف سبعة أشخاص تتراوح أعمارهم مابين 22 و 29 سنة.

وحسب بيان لذات المصالح، فإن الموقوفين مختصين في تنظيم وتدبير الهجرة غير الشرعية عبر البحر، مع النصب والاحتيال.

وراح ضحية هؤلاء الموقوفين 12 شخصا كانوا ينوون القيام بالهجرة السرية عبر البحر، بعد دفع مبالغ مالية متفق عليه مسبقا .

وجاءت هذه العملية بناءا على شكوى تقدم بها الضحايا إلى مقر الفرقة الإقليمية للدرك الوطني بتنس حول تعرضهم للسرقة بالعنف.

وقد تم وضع خطة محكمة تم من خلالها تحديد مكان تواجد المشتبه فيهم ، لتسفر العملية من توقيف سبعة مشتبه فيهم .

وقد كشفت التحقيقات الأولية أنه من بين الموقوفين من كان يقوم بالاتفاق مع الضحايا و توجيههم إلى الشاطئ.

وبعد مرور مدة زمنية تتم مهاجمتهم من طرف مجموعة ملثمة تقوم بالاعتداء و النصب عليهم .

تم تقديم المشتبه فيهم أما الجهات القضائية المختصة بعد نهاية التحقيق، فيما يبقى جاري البحث عن باقي الشركاء.",,153,1,2,not credible,Source-Specific Artifacts / Boilerplate
source_79,credible,الحكومة تحذر من إقدام مليشيا الحوثي على تصفية أربعة صحافيين مختطفين في سجونها,"الرئيسية/سياسة/ الحكومة تحذر من إقدام مليشيا الحوثي على تصفية أربعة صحافيين مختطفين في سجونها سياسة الحكومة تحذر من إقدام مليشيا الحوثي على تصفية أربعة صحافيين مختطفين في سجونها صحيفة الشارع Send an email دقيقة واحدة

الصحفيون الأربعة الذين حكموا بالإعدام",,40,0,1,undecided,Government & Official Statements
source_6,credible,الجزائر معرضة لـ 15 خطرا طبيعيا ــ أخبار الجزائر,"أكد الدكتور عبد الحميد عفرة مندوب المخاطر الكبرى بوزارة الداخلية والباحث في علوم الجيولوجيا والكوارث، اليوم الجمعة، أن الجزائر معرضة لـ 15 خطرا طبيعيا أهمها الزلازل، الفياضانات، حرائق الغابات، الأوبئة، التصحر و الجفاف.

وأشار عبد الحميد عفرة، في حديثه عبر إذاعة سطيف الجهوية، أن الجزائر منقسمة إلى خمس مناطق في النشاط الزلزالي:

– المنطقة الصفر وهي أقصى الصحراء الكبرى ينعدم فيها النشاط تماما.

– المنطقة الأولى ويعتبر النشاط ضعيف جدا هي الصحراء الوسطى كغرداية وبسكرة وغيرها،

– المنطقة الثانية أ والثانية ب هي منطقة الهضاب العليا وبعض ولايات الشمال نشاط زلزالي متوسط كسطيف بجاية وجيجل،

– المنطقة الثالثة فهي ذات نشاط زلزالي مرتفع كالعاصمة، الشلف، عين الدفلى، بومرداس، والبليدة.

وقال الباحث في علوم الجيولوجيا والكوارث، أن زلزال بجاية يدخل ضمن النشاط الزلزالي العادي نظرا لموقع الجزائر الجغرافي وهو ظاهرة طبيعية عادية نتأقلم معها ونتعايش معها دون خلع ولا خوف بل بثقافة وقائية.

وتابع المتحدث، أن قوة الزلزال بلغت 5.9 وهي متوسطة مقارنة بزلزال الشلف 7.2 وبومرداس 6.8 وهي زلازل ذات خطر مرتفع، مضيفا أن النشاط الزلزالي الكثيف في ولايات الوطن هو ظاهرة طبيعية بسبب الموقع، والأرض كائن حي تعيش وتتمدد وتتنفس وتحتاج إلى طاقة محررة.

وأكد عفرة أنه لا يوجد تسونامي لا الآن ولا مستقبلا نظرا للتشكيلة الجيولوجية للجزائر، وهذه مجرد إشاعات وأخبار مغلوطة كاذبة، مشيرا إلى أن الجزائريين تغيب عنهم ثقافة الوقاية والتعامل مع الكوارث أثناء وبعد الزلازل لأن معظم الضحايا هم نتيجة الهلع، الخوف والهروب بهستيرية علينا أن نتأقلم ونتعايش، كما لا يجب أن نتخوف من الهزات الارتدادية بل العكس هي لطف من الله لأنها تجنبنا الهزة الواحدة المرتفعة هي طاقة محررة، تخيلوا لو تجتمع قوة هذه الهزات في هزة واحدة.

وكشف مندوب المخاطر الكبرى بوزارة الداخلية، بعد دقائق من حدوث الزلزال، تم تنصيب خلايا الأزمة وتفعيل 13 مقياسا لتنظيم الإغاثة ببجاية جيجل وسكيكدة، وفرق مندوبية المخاطر تصنف البنايات وفق 5 خانات، الأخضر 1و2، البرتقالي 3و4 والأحمر 5، سجلنا ببجاية 3 بنايات مصنفة في البرتقالي3، لم نسجل أي حالة في 4 و 5.",,315,0,2,not credible,Government & Official Statements
source_1,credible,فيروس كورونا.. المغرب يسجل 596 حالة إصابة خلال الـ24 ساعة الماضية,"أعلنت وزارة الصحة ، اليوم الخميس ، عن تسجيل 596 حالة إصابة جديدة بفيروس كورونا المستجد و438 حالة شفاء، وسبع حالات وفاة خلال الـ24 ساعة الماضية.

وأبرزت الوزارة أن الحصيلة الجديدة للإصابات بالفيروس رفعت العدد الإجمالي لحالات الإصابة المؤكدة بالمملكة إلى 504 آلاف و 260 حالة منذ الإعلان عن أول حالة في 2 مارس 2020، فيما بلغ مجموع حالات الشفاء التام 490 ألفا و366 حالة، بنسبة تعاف تبلغ 97,2 في المائة، بينما ارتفع عدد الوفيات إلى 8927 حالة، بنسبة فتك قدرها 1,8 في المائة.

وتتوزع حالات الإصابة المسجلة خلال الـ24 ساعة الأخيرة عبر جهات المملكة بين الدار البيضاء-سطات (376)، والرباط سلا القنيطرة (53)، ومراكش-آسفي (52)، وسوس ماسة (26)، وطنجة تطوان الحسيمة والعيون-الساقية الحمراء (22 بكل جهة)، وجهة الشرق (15 ) وكلميم واد نون (11) وبني ملال خنيفرة (9)، والداخلة وادي الذهب ودرعة تافيلالت (4 بكل جهة)، وجهة فاس مكناس (حالتين).

وتتوزع حالات الوفاة على جهات الدار البيضاء-سطات وكلميم واد نون (حالتين بكل جهة)، وجهة مراكش آسفي والعيون الساقية الحمراء والداخلة وادي الذهب (بحالة وفاة واحدة بكل جهة).",,167,0,1,undecided,Government & Official Statements
source_7,not credible,بالصور.. فعاليات الكأس الوطنية العسكرية للمصارعة المشتركة,يشارك في هذا التجمع 126 مصارعا ،74 منهم في اختصاص المصارعة إغريقو رومانية، و 52 مصارعا في المصارعة الحرة، ينتمون إلى 11 فريقا ممثلين لقيادات القوات والنواحي العسكرية والوحدات الكبرى، تعتبر هذه المنافسة فرصة للتحضير لمختلف المنافسات الوطنية والإقليمية والدولية.,,40,2,0,credible,Sports News
source_1,credible,قمة مشتعلة بين برشلونة وأتلتيكو,"يستضيف برشلونة نظيره أتلتيكو مدريد اليوم السبت، على أرضية ""كامب نو"" انطلاقا من الساعة الثانية والربع، لحساب الأسبوع 35 من منافسات الدوري الإسباني.



ويسعى رفاق ميسي إلى تحقيق الانتصار في لقاء اليوم للارتقاء لصدارة الليغا، على اعتبار أن فارق النقاط بينه وبين أتلتيكو مدريد، المتصدر، لا يتجاوز نقطتين، في انتظار المباراة التي سيخوضها ريال مدريد غدا الأحد أمام إشبيلية.

#LaLigaSantander keeps the excitement going until the very last minute! 🤩🍿



Get ready for the final stretch of a truly 𝕤𝕦𝕡𝕖𝕣 title race! 🔥🔝#YouHaveToLiveIt pic.twitter.com/EOJesa6c9A — LaLiga English (@LaLigaEN) May 5, 2021



وأكد رونالد كومان في تصريحات صحافية قبل المباراة أن القوة الذهنية ستلعب دورا كبيرا في حسم نتيجة المباراة، مضيفا: ""علينا أن نكون أيضا في أفضل مستوياتنا لحظة امتلاك الكرة"".



في مقابل ذلك، يتطلع أتلتيكو مدريد لتحقيق انتصار يمكنه من توسيع الفارق مع المطاردة والاقتراب أكثر من اللقب، إلا أن ذلك لن يكون سهلا على اعتبار أن الفريق فشل في الفوز في ""كامب نو"" على برشلونة منذ الموسم الكروي 2005/2006.



ويعول سيميوني بشكل كبير على مهاجمه الأورغوياني لويس سواريز الذي لعب دورا هاما في النتائج الإيجابية التي حققها الفريق هذا الموسم، حيث تمكن من إحراز 19 هدفا لحدود الآن.",,189,0,1,undecided,Sports News
source_117,credible,مجموعات النفط الكبرى تستأنف تسجيل الأرباح بعد خسائر هائلة في 2020,"© ( أ ف ب: 11 ديسمبر 2019)

مصفاة لتكرير النفط في مدينة جبيل الصناعية التي تبعد حوالي 95 كلم عن الدمام، المملكة العربية السعودية

مونت كارلو الدولية / أ ف ب

نص: مونت كارلو الدولية / أ ف ب

بعد خسائر هائلة تكبدتها في 2020، بدأت مجمعات النفط الكبرى مسار الصعود بفضل تحسن أسعار الذهب الأسود وتخفيف بعض الدول القيود المفروضة لمكافحة وباء كوفيد-19 ما سمح بتحسن النشاط الإقتصادي

إعلان اقرأ المزيد

واستفادت أسعار النفط من هذا الانتعاش إذ بلغ متوسط سعر برميل برنت نفط بحر الشمال في الربع الأول من العام 61,1 دولارا مقابل 50,1 دولارا في الفترة نفسها من العام السابق و44,2 دولارا في الربع الأخير من 2020.

وهذا ما سمح للمجموعات النفطية الكبرى بتحقيق أرباح كبيرة، من الأميركيتين ""إكسون موبيل"" التي بلغت أرباحها 2,7 مليار دولار بين كانون الثاني/يناير وآذار/مارس، إلى ""شيفرون"" (1,38 مليار دولار) والإيطالية ""إيني"" (856 مليون يورو)، حسب نتائج أدائها التي نشرت خلال الأسبوع الجاري.

والأمر نفسه ينطبق على المجموعة الأوروبية النفطية العملاقة الأخرى مثل ""بريتيش بتروليوم"" (4,7 مليارات دولار) أو شل (5,7 مليارات دولار) وتوتال (3,3 مليار دولار).

ونجم هذا التحسن عن ارتفاع اسعار النفط وكذلك خفض التكاليف في بعض الأحيان عبر عمليات تسريح جماعي للعمال وانخفاض حاد في الاستثمارات.

وقال ستيوارت غليكمان الخبير في قطاع النفط في مكتب ""سي اف ار آ"" إن كل هذه الشركات ""تتنفس الصعداء على الأرجح في مواجهة انعكاس مسار الأسعار في السوق التي لا سيطرة فعليةلهم عليها"".

وكانت أكبر خمس مجموعات خاصة في العالم (بريتش بتروليوم وشيفرون وإكسون موبيل وشل وتوتال) تكبدت خسائر صافية بلغت 77 مليار دولار العام الماضي.

قال دارين وودز رئيس مجلس إدارة ""إكسون موبيل"" في مؤتمر عبر الهاتف ""طوال هذه الفترة لم نبتعد إطلاقا عن الأساسيات الطويلة الأمد لأعمالنا"".

وأضاف ""كنا نعلم أن الاقتصادات ستتعافى وأن السكان ومستويات المعيشة ستستمر في النمو، الأمر الذي سيؤدي في النهاية إلى الطلب على منتجاتنا وانتعاش القطاع"".

- في مواجهة المستثمرين الناشطين

مع ذلك بدت ""إيني"" حذرة في توقعاتها للأشهر المقبلة إذ إنها تعتقد أن ""إعادة التوازن إلى سوق النفط العالمية واستئناف استهلاك الوقود في 2021 يخضعان لمخاطر ما زالت قائمة مرتبطة بتأثير وباء كوفيد-19 على عدد من الاقتصادات العالمية الكبرى"".

وفي كل الأحوال، سمحت القفزة في أسعار النفط والغاز الطبيعي ل""إكسون موبيل"" و""شيفرون"" بالتعويض عن الصعوبات في التكرير ونشاط تحويل المنتجات الخام إلى بنزين أو ديزل أو كيروسين.

وقالت ""إكسون موبيل"" التي أنفقت مبالغ كبيرة في هذا المجال في آخر أربعة فصول إن الهوامش ""ما زالت أقل من معدلها في السنوات العشر الماضية بسبب العرض المفرط والمستويات المرتفعة للمخزونات"".

وتعاني شركة شيفرون أيضا من الأمر نفسه. فعائدات أنشطتها التكريرية بلغت خمسة ملايين دولار في الربع الأول مقارنة بـ1,1 مليار دولار خلال نفس الفترة من 2020.

وخسرت المجموعتان الأميركيتان أموالا بسبب موجة البرد التي ضربت جنوب الولايات المتحدة في شباط/فبراير وعرقلت استخراج النفط والغاز ونشاط المصافي الواقعة على طول سواحل خليج المكسيك لأيام.

وقال غليكمان إن إكسون موبيل وشيفرون لم تخططا بعد لزيادة إنفاقهما الاستثماري بقوة ""ربما لإعطاء الوقت لخفض ديونهما"".

وتبدو المجموعات الأميركية الكبرى متخلفة عن ركب نظيراتها الأوروبية في استثماراتها في الطاقات المتجددة.

وأشار غليكمان إلى أن ""إكسون موبيل تقول بشكل أساسي إنها تفضل، لمحاربة تغير المناخ، التركيز على الأنشطة المرتبطة بأعمالها الأساسية"" مثل احتجاز الكربون.

وأضاف ""تحت ضغط مستثمرين ناشطين (في مكافحة تغير المناخ)، تحاول المجموعات أن توضح بشكل أفضل قليلا ما تفعله في الأسواق"".

الرسالة الإخباريةأبرز الأحداث الدولية صباح كل يوم اشترك",,540,0,2,not credible,Source-Specific Artifacts / Boilerplate
source_86,credible,مصرع مزارع وإصابة عاملين في مشاجرة بين أبناء عمومة على الميراث بسوهاج,"أنا معجب بالشروق بالفعل، لا تظهر هذه الرسالة مرة أخرى

شهد مركز شرطة المنشاة جنوب محافظة سوهاج، وقوع مشاجرة بين أبناء عمومة بسبب خلافات على الميراث، نتج عنها مصرع مزارع عقب وصوله إلى مستشفى سوهاج الجامعي، وإصابة ابنه وعامل آخر بجروح رضية وكدمات متفرقة بالجسم، وتم ضبط طرفي المشاجرة وأخطرت النيابة العامة للتحقيق.

تلقى اللواء حسن محمود مدير أمن سوهاج، إخطارا من اللواء عبدالحميد أبو موسى، مدير إدارة البحث الجنائي، بتلقي مركز شرطة المنشاة بلاغا بوقوع مشاجرة ومتوفي ومصابين بناحية دائرة المركز.

انتقل لمكان الواقعة اللواء نائب المدير لقطاع الجنوب ومأمور وضباط المركز، وبالفحص تبين أنها بين كلا من: طرف أول ""طلعت ع."" 57 سنة، مزارع مصاب بنزيف داخلي في المخ، وتوفى عقب وصوله لمستشفى سوهاج الجامعي، وابنه ""محمد ط."" 30 سنة، عامل مصاب بجروح رضيه بفروة الرأس، وطرف ثان ""علاء م."" 35 سنة"" عامل مصاب بجروح وكدمات متفرقة بالجسم، الطرفان أبناء عمومة ويقيمان بذات الناحية.

تم ضبط طرفي المشاجرة، وبسؤالهما تبادلا الاتهامات فيما بينهما بتعدي كلا منهما على الآخر بالضرب وإحداث الإصابات المنوه عنها ووفاة الأول بسبب خلافات على الميراث.

تم تحرير المحضر اللازم، وأخطرت النيابة العامة لمباشرة التحقيقات.",,180,0,1,undecided,Health & COVID-19
source_100,credible,فيديو.. المغرب: انتشال 28 جثة بحادثة غرق داخل مصنع للنسيح بمدينة طنجة,"













كما تم انتشال جثث 28 شخصا آخرين، فيما تستمر عمليات البحث للوصول وإنقاذ بقية الأشخاص المحاصرين المحتملين"".

رام الله - دنيا الوطنقالت وسائل إعلام مغربية، مساء اليوم الاثنين، إنه تم انتشال 28 جثة، وإنقاذ 18 شخصا، بحادثة الغرق داخل مصنع للنسيح بمدينة طنجة.وذكرت وكالة (المغرب العربي) للأنباء اليوم الاثنين، أن ""وحدة صناعية سرية للنسيج كائنة بمرآب تحت أرضي بفيلا سكنية بحي الإناس، بمنطقة المرس بطنجة، تعرضت صباح اليوم الإثنين، لتسرب مياه الأمطار، مما تسبب في محاصرة عدد من الأشخاص كانوا يعملون بداخل هذه الوحدة الصناعية""​​​، وفق ما نقل موقع (روسيا اليوم).ووفقا للوكالة، فقد تدخلت السلطات المحلية والأمنية ومصالح الوقاية المدنية، حيث تم إنقاذ 18 شخصاً، نقلوا إلى المستشفى الجهوي لتلقي الإسعافات الضرورية.",,112,0,1,undecided,Health & COVID-19
source_47,credible,ماهي مطالب إسرائيل والفصائل الفلسطينية التي سبقت وقف إطلاق النار؟,"مرصد مينا – فلسطين

أفادت مصادر فلسطينية بأن الفصائل طالب خلال اتصالات ما قبل إعلان وقف اطلاق النار التزام إسرائيل بوقف كافة أشكال الاعتداءات على أهالي حي الشيخ جراح في القدس المحتلة، والتراجع عن طردهم من منازلهم وتهديدهم بتسكين مستوطنين بدلا منهم.

الفصائل شددت بحسب “سكاي نيوز” على ضرورة وقف حماية الجيش الإسرائيلي للمستوطنين، وعدم الاعتداء على الفلسطينيين في مدن الضفة الغربية وفى مناطق عرب 48.

وأضافت المصادر الفلسطينية أن الفلسطينيين طلبوا وقف الانتهاكات الإسرائيلية في المسجد الأقصى والاعتداءات المتكررة من جانب المستوطنين المتطرفين وإنهاء التضييق على المصلين والمرابطين في الأقصى.

أما بشأن الوضع في غزة فطلبت حماس، وفق المصادر فتح المعابر المشتركة مع إسرائيل وعدم التضييق على عبور البضائع والمنتجات منها، وتشمل معبري كرم أبو سالم وبيت حانون، والسماح بمرور ووصول المساعدات والمعونات الدولية إلى غزة وعدم حجب الاحتلال لها، والسماح بتحركات إعادة الإعمار، ووصول حصص الوقود اللازمة لتشغيل محطات الطاقة الكهربائية في القطاع، وعدم التعرض لخطوط الكهرباء داخله.

وفى المقابل كشفت المصادر المطلعة على الاتصالات التي تمت مع الجانبين أن إسرائيل في بداية الأزمة طرحت ما يمكن وصفه بـ”مطالب تعجيزية” منها “نزع سلاح الفصائل الفلسطينية”.

وفسرت المصادر هذا المطلب الإسرائيلي بأنه كان يهدف لتعطيل المفاوضات وكسب مزيد من الوقت لحين تنفيذ عمليات إسرائيلية معدة سلفا لاستهداف البنية التحتية لمنظومة الصواريخ في غزة، في إطار الهدف الاسرائيلي المعلن لـ”كبح القدرات القتالية للمقاومة” واستنزاف قدرات الفصائل الفلسطينية بشكل عام.

المصادر لفتت إلى أن إسرائيل أثارت أيضا ملف المساعدات الخارجية التي تتلقاها حماس، والتي عادة ما تعقب الحملات الإسرائيلية على غزة، واشترطت إسرائيل أن أي مساعدات موجهة إلى غزة مستقبلاً لا يجب أن تذهب لتمويل القدرات العسكرية للفصائل الفلسطينية ومنظومة الصواريخ، مثلما حدث في السنوات الماضية، وإلا يعتبر ذلك نقضا لاتفاق التهدئة المزمع التوصل إليه.

ولفتت إلى أن إسرائيل نبهت إلى خطر شبكة الأنفاق الأرضية في غزة، وحذرت من أن استخدامها في تخزين الأسلحة وإطلاق الصواريخ سيجعلها أداة لتهديد إسرائيل في أي وقت.",,302,0,1,undecided,Government & Official Statements
source_8,not credible,قال ان فرنسا هي الوجهة الوحيدة للجزائر,"قال ان فرنسا هي الوجهة الوحيدة للجزائر

كشف سفير الجزائر في باريس، محمد عنتر داوود، عن تظيم 5 رحلات جوية للجزائريين من فرنسا الى الجزائر، وهذا بعد الفتح الجزئي للحدود بتاريخ 1 جوان المقبل.

وقال محمد عنتر داوود انه تم اختيار فرنسا كوجهة وحيدة بعد الفتح الجزئي للحدود يوم الفاتح جوان، من خلال تنظيم 5 رحلات يومية.

وتم اختيار كل من مطارات باريس، ليون، مرسيليا كوجهات من فرنسا الى الجزائر العاصمة، وهران وقسنطينة.

وقال السفير الجزائري في باريس انه سيتم دراسة إمكانية إطلاق رحلات من ليل وتولوز و مطاري عنابة وتلمسان في قادم الايام",,94,2,0,credible,General/Other Ambiguous Context
source_53,not credible,الإمام الأكبر: التعاون مع الإمارات ساهم في مواجهة التطرف بشكل كبير,"Adver1

الإمام الأكبر: التعاون مع الإمارات ساهم في مواجهة التطرف بشكل كبير الأربعاء 10/مارس/2021 – 02:54 م خلال اللقاء مع شيخ الأزهر Advertisements محمد شحتة استقبل فضيلة الإمام الأكبر د. أحمد الطيب، شيخ الأزهر الشريف، اليوم الأربعاء بمقر مشيخة الأزهر الشريف، الدكتور حمد سعيد الشامسي، سفير دولة الإمارات بالقاهرة، المندوب الدائم لدولة الإمارات العربية المتحدة لدى جامعة الدول العربية.

وخلال اللقاء، رحب فضيلة الإمام الأكبر بالسفير الإماراتي، متمنيا له التوفيق والسداد خلال فترة خدمته بالقاهرة، مؤكدا فضيلته على متانة العلاقات بين الأزهر والإمارات، وأن التعاون المشترك قد ساهم بشكل كبير في مواجهة الفكر المتطرف ومد جسور الحوار بين الشرق والغرب.

من جانبه، أعرب السفير حمد الشامسي، عن سعادته بلقاء شيخ الأزهر، مؤكدا علي تقدير الإمارات للأزهر الشريف وشيخه فضيلة الإمام الأكبر ومشيدا بالدور المحوري الذي يقوم به فضيلته في ترسيخ قيم السلام والأخوة الإنسانية على المستويين الإقليمي والعالمي، والدور الكبير الذي يقوم به فضيلته في بيان الصورة الصحيحة عن الدين الإسلامي ونشر منهج الأزهر الوسطي المعتدل. Advertisements

المصدر أخبار البلد",,160,2,1,undecided,Source-Specific Artifacts / Boilerplate
source_121,undecided,ممثل الأمير : أميركا قدّمت التضحيات لمساندة بلدنا,"تفضل سمو أمير البلاد فشمل برعايته، اليوم، الاحتفال بإزاحة الستار عن التمثال الزجاجي المقدم من السفارة الأميركية بذكرى التحرير.

وألقى ممثل سمو أمير البلاد وزير شؤون الديوان الأميري، الشيخ علي الجراح، كلمة بهذه المناسبة، تقدم خلالها بالشكر للسفيرة الأميركية ألينا رومانوسكي.

وقال الجراح: إنه لشرف كبير أن نلتقي للمشاركة في احتفال الكويت بالذكرى الستين لاستقلالها والذكرى الثلاثين للتحرير، مؤكداً أن العلاقات الثنائية بين الولايات المتحدة والكويت كانت ولا تزال استثنائية في جميع المجالات، ونتطلع اليوم إلى كتابة فصل جديد في تاريخ بلدينا اللذين تميزا دائما بالتعاون الوثيق والاحترام المتبادل كما شهدناه خلال السنوات الستين الماضية.

وأضاف: يذكرنا هذا التضامن بالموقف الحازم الذي اتخذته الولايات المتحدة لقيادة التحالف الدولي لدعم الكويت وتحريرها، ونستذكر بفخر كل التضحيات التي قدمتها الولايات المتحدة الأميركية، ولذلك أعرب عن خالص امتنان الكويت لشعب أميركا الصديق على دفاعه عن مبادئ الحرية والسيادة التي تعكس العلاقات المتينة بين البلدين الصديقين.

بناء التحالف

بدورها، جددت السفيرة رومانوسكي تأكيد التزام بلادها بأمن الكويت وازدهارها «كما كانت قبل ثلاثين عاما، ومهما كانت التحديات التي قد تأتي يمكن للكويت أن تعتمد دائما على الولايات المتحدة كشريك وحليف».

وأوضحت أن «هذا التمثال المذهل هدية من شعب الولايات المتحدة الأميركية إلى سمو الأمير الشيخ نواف الأحمد والشعب الكويتي».

وبينت أن التمثال يعتبر رمزا لما يمكن إنجازه عندما نعمل معا على الرغم من الظروف الصعبة، مضيفة أنه قبل ثلاثين عاما وقفت الولايات المتحدة «إلى جانب أصدقائنا الكويتيين لبناء تحالف دولي لطرد قوات صدام حسين من الكويت بعد التحرير، كما عمل الجيش والشركات الأميركية مع الكويتيين لإخماد الحرائق التي تسببت فيها القوات المنسحبة والمساعدة في إعادة بناء الكويت».

وتابعت أنه في السنوات الثلاثين التي تلت ذلك، أقامت الولايات المتحدة والكويت شراكة لا تشمل الدفاع والأمن فحسب، بل تشمل أيضا التجارة والاستثمار والتعليم والتعاون في القضايا الإقليمية والإنسانية.

وأوضحت أنه «مثلما عملت شعوبنا يدا بيد للتغلب على مآسي الغزو، لم يدع الفنانون الأميركيون والكويتيون الذين صنعوا هذا التمثال لوباء (كوفيد 19) حدا للشراكة الثقافية بين بلدينا، إذ اكتشف فنانون من متحف كورنينج للزجاج في نيويورك إلى جانب لبنى سيف عباس ومحمد الدويسان من مؤسسة (يدوي) للبرامج الإبداعية، طرقا إبداعية للتعاون عبر مؤتمرات باستخدام الاتصال المرئي وتصميم القطعة الرائعة التي انتم بصدد رؤيتها».

تقدير عميق

وأعربت رومانوسكي عن التقدير العميق للشيخ علي الجراح والديوان الأميري للموافقة على عرض التمثال في مركز الشيخ جابر الأحمد الثقافي، ذي المكانة العالمية والمركز الأول للفنون في الكويت، و«نشكر رنا الحمد وموظفي المركز لمساعدتنا في تركيب النحت واستضافة الاحتفال».

وقالت إنه بفضل الديوان الأميري «يمكننا عرض هذا الإبداع الرائع في أنسب مكان، وهو المركز الثقافي الذي سمي باسم الأمير الراحل الشيخ جابر الأحمد قائد البصيرة في الكويت، الذي قاد هذا البلد للنهوض بعد الغزو ودخوله حقبة جديدة من الازدهار».

وأكدت أن «الأميرين الراحلين الشيخ جابر الأحمد، والشيخ صباح الأحمد كانا صديقين حميمين للولايات المتحدة، واليوم نكرم المساهمات المهمة التي قدماها لبناء السلام والأمن في الكويت وفي المنطقة».",,454,1,2,not credible,Government & Official Statements
source_117,credible,أبرز الطوائف المسيحية في العراق,"منظر داخلي لكاتدرائية في بلدة قرقوش ذات الأغلبية المسيحية في محافظة نينوى على بعد حوالي 30 كيلومترا من الموصل

يزور البابا فرنسيس العراق في رحلة تاريخية بداية تستمرأربعة أيام. وسيتحدث البابا عن التعايش بين الأديان ويسعى لدعم المسيحيين الذين فروا من العراق ومن الشرق الأوسط عموما بسبب الصراعات على مدى قرون.

إعلان اقرأ المزيد

والأغلبية الساحقة من سكان العراق مسلمون، غير أن هناك طوائف مسيحية قديمة عديدة يتراوح عدد أفرادها حاليا بين 200 ألف و300 ألف، بعد أن كان يقدر بنحو 1.5 مليون قبل الغزو الذي قادته الولايات المتحدة وأطاح بصدام حسين في 2003.

وهناك 14 طائفة مسيحية معترف بها رسميا في العراق. وتعيش الغالبية منهم في بغداد، ومحافظة نينوى بالشمال وإقليم كردستان الذي يتمتع بحكم ذاتي.

وفيما يلي أبرز الطوائف المسيحية في العراق:

* الكلدان

الكلدان هم أكثر الطوائف عددا بين مسيحيي العراق، إذ يشكلون ما يصل إلى 80 بالمئة من الإجمالي. والكنيسة الكلدانية هي كنيسة تنتمي للمذهب الشرقي للكاثوليكية، لكن تحتفظ بشعائرها وطقوسها.

وتأسست في بلاد ما بين النهرين، العراق حاليا، في القرن الأول الميلادي.

ومقر الكنيسة في بغداد ويرأسها الكاردينال روفائيل ساكو. ويعيش معظم الكلدانيين في العراق وإيران ولبنان. ويتحدثون بلهجة مشتقة من الآرامية، وهي لغة سامية كانت مستخدمة في زمن المسيح. ويوجد 110 كنائس كلدانية في أنحاء العراق.

* السريان

يشكل السريان حوالي عشرة بالمئة من المسيحيين بالعراق. ومنهم كاثوليك، وهم الأغلبية، وأرثوذكس. وتضم بلدات قره قوش وبعشيقة وبرطلة في الشمال أكبر تجمع للسريان في البلاد.

والكنيسة السريانية الكاثوليكية الرئيسية مقرها في لبنان، بينما الأرثوذكسية في سوريا. وتوجد 82 كنيسة سريانية في العراق، كاثوليكية وأرثوذكسية.

* الآشوريون

يمثل الآشوريون، بمن فيهم الكاثوليك الآشوريون، حوالي خمسة بالمئة من مسيحيي العراق. وينحدر أغلبهم من إيران وتركيا. وفر كثيرون منهم إلى العراق في أعقاب أعمال قتل على يد الجيش العثماني خلال الحرب العالمية الأولى.

ويصف الآشوريون قتل شعبهم في عام 1915 بأنه إبادة جماعية، وقعت في نفس وقت مذبحة الأرمن تقريبا. وتوجد 21 كنيسة آشورية في العراق، منها 17 في بغداد.

* الأرمن

يشكل الأرمن حوالي ثلاثة بالمئة من المسيحيين بالعراق. بعد الإبادة الجماعية للأرمن في الفترة من 1915-1923 على يد الدولة العثمانية، فر كثيرون منهم إلى العراق. وهم يتحدثون بالأرمينية. وتوجد 19 كنيسة أرمينية في العراق، ما بين أرثوذكسية وكاثوليكية.

* العرب وجماعات أصغر

يمثل العرب حوالي اثنين بالمئة من المسيحيين في العراق.

وتوجد أيضا ثلاث كنائس يونانية أرثوذكسية وأربع كنائس أرثوذكسية قبطية في بغداد، و57 كنيسة للروم الكاثوليك في أنحاء البلاد، فضلا عن عدد صغير من البروتستانت.

المصادر: مؤسسة مسيحيو العراق/كتاب (حرية المعتقد للأقليات فيالعراق) الذي نشره الأكاديمي سعد سلوم المتخصص في شؤون الأقلياتالعراقية ومؤسس معهد دراسات التنوع الديني/وتقرير وزارة الخارجيةالأمريكية لعام 2019 بشأن الحريات الدينية في العراق.

الرسالة الإخباريةأبرز الأحداث الدولية صباح كل يوم اشترك",,429,0,2,not credible,Government & Official Statements
source_82,undecided,تيارت: توقيف 3 أشخاص يروّجون المخدرات بالسوقر — النهار أونلاين,"تمكنت الفرقة المتنقلة للشرطة القضائية بأمن دائرة السوقر ولاية تيارت، من توقيف شخصين يروّجان المخدرات.

وحسب بيان لذات المصالح، فإن الأمر يتعلق بكل من (ح،ك 31 سنة)، و(ح،م46 سنة) تم توقيفهم عن قضية حيازة المؤثرات العقلية.

وتمت العملية إثر معلومات وردت لذات المصالح بخصوص ترويج شخص للمؤثرات العقلية بوسط مدينة السوقر.

ومكنت العملية من توقيف المشتبه فيه وبعد إخضاعه لعملية التلمس الجسدي ضبط بحوزته 51 قرص مهلوس من نوع كلوراكسن.

ليتم إستصدار إذن بالتفتيش لمسكن المشتبه فيه من طرف وكيل الجمهورية،حيث تم توقيف بداخله شريكه في القضية.

كما تم ضبط وحجز ( 62 قرص مهلوس من مختلف الأنواع ، مبلغ مالي قدره 120 ألف دينار من عائدات البيع.

وعلى إثر معلومات مؤكدة تمكنت الفرقة المتنقلة للشرطة القضائية بأمن ولاية تيارت من توقيف مشتبه فيه ثالث يروج المخدرات.",,127,1,0,credible,Source-Specific Artifacts / Boilerplate
source_82,undecided,بعد شهر دون إصابات.. كورونا تعود للفيتنام و176 إصابة خلال 24 ساعة — النهار أونلاين,"قالت اليوم السبت وزارة الصحة الفيتنامية أنها سجلت بعد شهر خال من الإصابات 176 حالة إصابة مؤكدة بكورونا في 19 منطقة بالفيتنام خلال الأيام العشرة الأولى.

وحسب سكاي نيوز عربية، تم إغلاق المستشفى الوطني للأمراض الاستوائية في هانوي بعد ثبوت إصابة طبيب وممرضتين وأزيد من 20 مريضا بالفيروس

وأضاف ذات المصدر، تم إغلاق أيضا مستشفى كيه بالمدينة المختص بمرضى السرطان بعد اكتشاف 11 إصابة بالفيروس القاتل

كما كشف، أمس، وزير الصحة نوين تانه لونغ ، عن دق ناقوس الخطر تزامنا والإصابات المتوزعة في الفيتنام بالموازاة مع انعدام مصادر انتقال العدوى

ووفي سياق ذي صلة، تم غلق المدارس ونقل الفصول الدراسية عبر الانترنيت في 19 مقاطعة يتمركز بها الوباء.

كما حثت السلطات في هانوي مواطنيها حظر التجمع في حين أُغلقت حدائق المدينة وأماكن الأكل.

أما في مدينة هو تشي منه جنوبي اليلاد حُددت التجمعات بـ 30 شخصا، كما تم غلق الحانات والنوادي وصالات الألعاب الرياضية والمطاعم.

للإشارة، فقد أحصت الفيتنام منذ بداية تفشي كورونا 35 حالة وفاة و3137 ألف حالة إصابة مؤكدة بالوباء القاتل",,163,1,2,not credible,Source-Specific Artifacts / Boilerplate
source_100,credible,سلطة جودة البيئة تصدر بياناً بشأن تلويث المياه الجارية بقرية قرواة بني زيد,"رابط مختصر:

رام الله - دنيا الوطن

قالت سلطة جودة البيئة، إنها تتابع مع كافة الجهات ذات العلاقة، اليوم السبت، ما حدث من تلويث للمياه الجارية في أراضي قرية قراوة بني زيد، شمال رام الله بمواد ملونة.



وأوضحت سلطة جودة البيئة في بيان لها، وصل ""دنيا الوطن"" نسخة عنه، أنها تتابع مع كافة الجهات المختصة، بما فيها المجلس القروي والشرطة والدفاع المدني، التحقيق بالحادث، للوصول إلى الفاعلين، والتأكد من طبيعة المواد الملوثة، إن كانت طلاءات أو أي نفايات كيماوية أخرى.



وأكدت بأن التعامل مع هذا النوع من النفايات، خلافاً لأحكام المادة ""12"" من قانون البيئة المعاقب عليها بالمادة ""62"" إضافة إلى التعويض عن الضرر البيئي، وسيتم تحويل من تثبت مسؤوليته عن هذا الفعل للجهات القضائية.



وأهابت سلطة جودة البيئة بالمواطنين، ضرورة الامتناع عن القيام بالأفعال، التي تؤدي إلى تلويث البيئة، أو تشكل تعدياً على الحياة الطبيعية، والتعاون معها، بالتبليغ عن أي اعتداء على البيئة والحياة الطبيعية والبرية.



وصرح رئيس مجلس قراوة بني زيد، التي تتبع لمحافظة رام الله والبيرة، خالد عرار، بأن أحد المواطنين قام بإلقاء براميل من مواد كيميائية ""الدهان"" منهية الصلاحية في منطقة الواد بالقرية، وهي منطقة مخصصة لكب النفايات قريبة من عيون المياه في المنطقة.



وأضاف في تصريحات لـ ""دنيا الوطن"": أنه مع أمطار المنخفض، تشكلت سيول اختلطت مع النفايات، مما أدى لتلوث مياه الوادي وتحولها للون الأحمر.



وتابع عرار: بأنه يتم العمل ومتابعة الواقعة، وكذلك نعمل على التواصل مع الجهات المعنية، لأن إلقاء نفايات كيميائية مثل ""الدهان"" يحتاج لتراخيص خاصة، وإجراءات خاصة أيضاً.



وأكد رئيس مجلس قراوة بني زيد: لذلك يتم التواصل مع مركز شرطة ديرغسان، والقرى المجاورة لمعرفة المناطق التي يتواجد فيها مصانع للدهانات؛ لملاحقة العابثين قانونياً.",,262,0,1,undecided,Government & Official Statements
source_82,undecided,"لقطة ""محرز"" و""نيمار"" تشعل مواقع التواصل الإجتماعي ! — النهار أونلاين","سخرت جماهير “مانشستر سيتي” من النجم البرازيلي “نيمار جونيور” بعد تألق النجم الجزائري “رياض محرز”.

وتداولت الجماهير صورة الحديث الذي دار بين “محرز” و”نيمار” في إحدى اللقطات وكانت ردود الفعل ساخرة.

فالبعض راح يسخر ويقول أن “محرز” طلب من زملائه عن هوية اللاعب مثلما حدث مع بيكير في مباراة الذهاب، في حين أن بعض الأخر قال أن “نيمار” معروف بنرفزته عند الخسارة.

ويبدو أن راقص “السامبا” لم يتحمل رؤية “محرز” يقود فريقه للتغلب على البياسجي والتأهل لنهائي دوري الأبطال وسرقة الأضواء.",,81,1,0,credible,Source-Specific Artifacts / Boilerplate
source_6,credible,الجزائر-الصين: مذكرة تفاهم حول مشروع غار جبيلات ــ أخبار الجزائر,"تنظم وزير الطاقة والمناجم هذا الثلاثاء حفل توقيع بمناسبة توقيع مذكرة تفاهم حول مشروع غار جبيلات.

المذكرة من توقيع الشركة الوطنية للحديد والصلب، المكلفة باستغلال مخزون غار جبيلات “فيرال”، ومجمع صيني حسب بيان للوزارة.

حفل التوقيع يجري تحت إشراف وزير الطاقة والمناجم محمد عرقاب، وبحضور السفير الصيني بالجزائر.",,48,0,2,not credible,Government & Official Statements
source_7,not credible,عرقاب يبحث مع السفير الروسي علاقات التعاون و آفاق تعزيزها في مجال الطاقة,"استقبل وزير الطاقة و المناجم، محمد عرقاب، امس الأربعاء، سفير روسيا الاتحادية بالجزائر، إيغور بيلييف، حيث تناول الجانبان علاقات التعاون والشراكة بين البلدين في مجال الطاقة والمناجم وآفاق تعزيزها، حسبما أفاد به بيان للوزارة.

و خلال هذا اللقاء الذي تم بمقر الوزارة, “بحث الجانبان علاقات التعاون والشراكة بين البلدين في مجال الطاقة والمناجم وآفاق تعزيزها”, حسب نفس المصدر.

وتمت بالمناسبة مناقشة التحضير لأعمال اللجنة المشتركة الجزائرية الروسية العاشرة.

كما نوه الطرفان بفرص وإمكانيات الاستثمار والشراكة في مجال الطاقة و خاصة المحروقات وفي مجال التنقيب وتطوير واستغلال الأبار، التكوين والتصنيع المحلي لقطع الغيار والإنتاج وصيانة ونقل الكهرباء.

و بالمناسبة, دعا الوزير الشركات الروسية إلى الاستثمار أكثر في هذه المجالات وإقامة شراكات مع المؤسسات الجزائرية ذات المنفعة المتبادلة مع نقل الخبرة والتكنولوجيا، خاصة وأن “الفرص والإمكانيات المتاحة للشراكة والاستثمار التي يوفرها قطاع الطاقة كبيرة وهامة”.

كما دعا الجانبان إلى “تعزيز المشاورات الاقتصادية وتبادل الخبرات من أجل تهيئة الظروف اللازمة لتكثيف التبادلات بين البلدين.",,151,2,0,credible,Government & Official Statements
source_82,undecided,"""elfirma.dz"" لبيع المنتوجات.. كيف يعمل الموقع؟ — النهار أونلاين الأخبار المميزة","أطلقت وزارة الفلاحة منصة رقمية “elfirma.dz”، لبيع المنتجات الفلاحية بجودة عالية وأسعار تنافسية، مباشرة من المنتج إلى المستهلكين.

ويحتوي الموقع المسمى “Elfirma.dz” على معلومات حول 300 نقطة بيع عمومية تابعة للوزارة و200 نقطة خاصة ومستثمرة فلاحية.

كيف يعمل الموقع؟

عند الدخول إلى موقع “elfirma.dz”، تظهر للمشاهد خانتين كبيرتين، الأولى خريطة الجزائر والثانية خاصة باختيار الولايات والنوع المنتوجات.

وبعدها،يقوم المستهلك بالنقر على خانة التي تظهر باليسار، لاختيار الولاية، إضافة لاختيار المنتوج المرغوب فيه على غرار اللحوم الخضر والفواكه.

ومباشرة بعد اختيار الولاية المعنية، تظهر في الأسفل، أسماء نقاط البيع والمستثمرين، متبوعة برقم الهاتف الخاص بالبائع.

ومن جانبه أوضح مدير الأنظمة المعلوماتية بوزارة الفلاحة، أن المنصة ستسمح للمواطنين بتحديد المنتجين ونقاط البيع الأقرب إلى منازلهم.

وكشف أنه تم وضع أيضا تطبيق معلوماتي يسمح لهم بمتابعة الأسعار بصفة يومية على مستوى جميع نقاط البيع وكل الأسواق.",,133,1,2,not credible,Source-Specific Artifacts / Boilerplate
source_89,undecided,ليبيا تبدأ مرحلة انتقالية جديدة غداة انتخاب سلطة تنفيذية مؤقتة,"طرابلس – دخلت ليبيا مرحلة انتقالية جديدة أمس غداة انتخاب سلطة تنفيذية موقتة وموحدة يتعين عليها تشكيل حكومة والتحضير للانتخابات الوطنية المقرر إجراؤها في كانون الأول(ديسمبر) لإنهاء عقد من الفوضى.

وسيحاول أربعة قادة جدد من المناطق الثلاث في ليبيا إعادة توحيد مؤسسات بلد يعاني انقسامات مع وجود سلطتين متنافستين في غرب البلاد وشرقها.

ففي الغرب، حكومة الوفاق الوطني برئاسة فايز السراج التي تتّخذ طرابلس مقرّا وتعترف بها الأمم المتحدة وتدعمها تركيا، وسلطة يجسدّها المشير خليفة حفتر في شرق البلاد مدعومة من روسيا والامارات خصوصا.

وتم الترحيب بهذه الانتخابات في كافة أنحاء العالم.

في نيويورك، قال الأمين العام للأمم المتحدة أنطونيو غوتيريش “أعتقد أن ذلك يمثل اختراقا”، مضيفا أنها “أخبار جيدة جدا في بحثنا عن السلام” بعد اتفاق لوقف إطلاق النار.

وانضمت حكومات المانيا وفرنسا وايطاليا وبريطانيا إلى الولايات المتحدة في الترحيب بالحكومة الانتقالية الليبية الجديدة، لكنها مع ذلك حذرت بأن الطريق “لا يزال طويلا”.

وانتخب المهندس عبد الحميد محمد دبيبة (61 عاما) الجمعة رئيسا للوزراء للفترة الانتقالية في ليبيا، وذلك من جانب المشاركين في الحوار الذي أطلق في تشرين الثاني(نوفمبر) بين الفرقاء الليبيين في سويسرا برعاية الأمم المتحدة.

وحصدت قائمة عبد الحميد دبيبة 39 صوتا من أصل 73.

وسيكون أمام هذا المهندس المتحدر من مصراتة 21 يوما كحد أقصى لتشكيل حكومته. وبعد ذلك سيكون أمامه مدة مماثلة لنيل ثقة البرلمان، أي بحلول 19 آذار(مارس) على أبعد تقدير.

وبهذه الانتخابات، تطوى صفحة مرحلة انتقالية بدأت مع اتفاق الصخيرات في المغرب العام 2015 برعاية الأمم المتحدة، والذي أفضى إلى تشكيل حكومة الوفاق الوطني (مقرها طرابلس) برئاسة فايز السراج.

لكن لم تنل هذه الحكومة قط ثقة البرلمان في الشرق، ولم تتمكن من فرض سلطتها على القوى السياسية والعسكرية في البلاد.

ورئيس الوزراء الجديد بعيد كل البعد عن الإجماع خصوصا أنه شغل مناصب مهمة في ظل نظام معمر القذافي الذي سقط عام 2011 بعد 42 عاما في السلطة. وهو كان ينتمي إلى دائرة الأشخاص الموثوق بهم لدى القذافي.

كذلك، كان قريبه علي دبيبة، وهو أيضا رجل أعمال، رهن تحقيقات في ليبيا وأماكن أخرى بتهم الاختلاس. وهو كان مشاركاً في المنتدى الذي اختار السلطة التنفيذية الجديدة الجمعة.

وبعد عشر سنوات من الانتفاضة الشعبية، ما زالت ليبيا غارقة في أزمة سياسية كبرى.

وبالنسبة إلى الحكومة الجديدة، فإن التحدي كبير بعد أكثر من أربعين عاما من حكم سلطة لا منافس لها وأفسح سقوطها المجال أمام العنف والصراعات على السلطة والتدخل الأجنبي.-(ا ف ب)",,376,1,0,credible,Government & Official Statements
source_131,credible,الرئاسة التركية: يمكننا فتح صفحة جديدة في علاقاتنا مع مصر لتحقيق الاستقرار الإقليمي,"الرئيس التركي رجب طيب أردوغان

قال المتحدث باسم الرئاسة التركية، إن حكومة بلاده يمكنها فتح صفحة جديدة في علاقاتها مع مصر ودول الخليج في الفترة المقبلة، لضمان تحقيق الاستقرار الإقليمي في المنطقة.

وأضاف المتحدث باسم الرئاسة التركية، في مؤتمر صحفي صباح اليوم الاثنين، أن بلاده تسعى إلى حل جميع المشكلات، خاصة مشكلة صواريخ إس 400 مع الولايات المتحدة الأمريكية، وذلك عبر الحوار، مؤكدًا أنه على واشنطن تفهم مخاوف الأمن القومي لتركيا.

وتصريحات المتحدث باسم الرئاسة التركي بالتقرب والتودد إلى الحكومة المصرية من أجل عودة العلاقات تأتي بعد أيام من تصريحات وزير الدفاع التركي، حول القيم التاريخية المشتركة بين البلدين والتي يجب استغلالها في تطور علاقاتهما.

وكان وزير الدفاع التركي خلوصي أكار قد أكد في وقت سابق، أن مصر أبدت احترامًا كبيرًا لأنشطة التنقيب التي تقوم بها بلاده في شرق البحر المتوسطـ، مؤكدًا أنها خطوة جديدة في عودة العلاقات بين البلدين.

وفي وقت سابق، أعرب محمد مصطفى كوكصو سفير تركيا في العاصمة القطرية الدوحة، عن تفاؤل بلاده بتحسن العلاقات مع مصر خلال الفترة المقبلة، رغم استمرار التوتر السياسي بين الطرفين في الوقت الحالي.",,172,0,1,undecided,Government & Official Statements
source_86,credible,مصرع شخص إثر انقلاب سيارة بالدقهلية,"لقي عامل مصرعه في انقلاب سيارة ملاكي بقرية أبو جلال في مركز شربين بمحافظة الدقهلية.



وتلقى اللواء رأفت عبد الباعث، مدير أمن الدقهلية، إخطارًا من اللواء مصطفى كمال، مدير المباحث الجنائية، يفيد بورود بلاغ لمركز شرطة شربين، من مستشفى شربين العام بوصول ""هيثم م. م""، ۳۰ سنة عامل ومقيم في قرية أبو جلال دائرة المركز جثة هامدة؛ إثر حادث طريق.



وبانتقال الضباط والفحص وسؤال والده أقر بأنه أثناء قيادة نجله السيارة خاصته على طريق أمام القرية محل إقامته، اختلت عجلة القيادة بيده، مما أدى إلى انقلاب السيارة على جانب الطريق، وحدوث إصابته التي أودت بحياته، ولم يتهم أحدًا بالتسبب في ذلك.



وورد تقرير مفتش الصحة يفيد بأن سبب الوفاة هبوط حاد بالدورة الدموية والتنفسية؛ نتيجة كسر في قاع الجمجمة ونزيف داخلي بالمخ ولا توجد شبهة جنائية.



وتحرر عن ذلك المحضر رقم ۳۳ لسنة ٢٠٢- عوارض مركز شرطة شربين، وجاري العرض على النيابة العامة.",,143,0,2,not credible,Health & COVID-19
source_100,credible,الاحتلال يخطر بمصادرة أراضي غرب بيت لحم,"رابط مختصر:

رام الله - دنيا الوطن

أخطرت سلطات الاحتلال الإسرائيلي، مساء الأربعاء، عددا من أصاحب الأراضي الزراعية بمصادرة أراضيهم في بلدة حوسان غرب بيت لحم، جنوبي الضفة الغربية.



وأفادت مصادر محلية أن الاحتلال أخطر عددا من أصاحب الأراضي الزراعية في منطقة الحرايق بمصادرة أراضيهم، وذلك بموجب قرارات عسكرية صادرة عن قوات الاحتلال.



وتضمنت الاخطارات خرائط تحدد مواقع الأراضي المصادرة ومساحتها.



وإلى جانب الإخطارات المتكررة بمصادرة الأراضي في البلدة، فإن قوات الاحتلال تمنع المزارعين من الوصول إلى أراضيهم في حوسان.



وكانت قوات الاحتلال قد أقدمت خلال شهر حزيران الماضي على مصادرة أراض من بلدات حوسان ونحالين ووادي فوكين وتغيير صفة استخدامها من زراعية إلى صناعية، وإقامة منشآت ترفيهية وإدارية وشوارع للمستوطنين.



وتقع قرية حوسان إلى الغرب من بيت لحم وعلى بعد 5.6 كم هوائي منها، يحدها من الشرق بلدة الخضر، ومن الشمال قرية بتير، ومن الغرب قرية وادي فوكين والخط الأخضر، ومن الجنوب قرية نحالين.



وحسب اتفاقية أوسلو، تم تصنيف أراضي قرية حوسان إلى مناطق (ب) و (ج)، حيث تم تصنيف 928 دونما (6.12 %من المساحة الكلية للقرية) من أراضي القرية منطقة (ب)، و6433 دونما (4.87 % من أراضي القرية منطقة (ج).",,182,0,1,undecided,General/Other Ambiguous Context
source_47,credible,انهيار تاريخي لليرة السورية أمام الدولار,"مرصد مينا – سوريا

سجّلت الليرة السورية، اليوم الأربعاء، تدهوراً قياسياً جديداً في قيمتها في السوق الموازية، حيث لامست عتبة الأربعة آلاف، مقابل الدولار الأمريكي.

مصادر محلية في العاصمة دمشق، أكدت لمرصد “مينا” أن قيمة الليرة واصلت تراجعها أمام العملات الأجنبية، ولامس سعر صرف الدولار الواحد في السوق السوداء، أربعة آلاف ليرة للمرة الأولى.

وبحسب المصادر، فإن هناك شح كبير في الدولار في الأسواق السورية، في وقت تشهد فيه البلاد تردي بالأوضاع المعيشية وارتفاع حاد بأسعار المواد الغذائية والأدوية.

يشار الى أن الليرة السورية، تشهد منذ كانون الثاني/يناير الماضي انخفاضاً جديداً في قيمتها، وقد تراوح سعر الصرف خلال الأسابيع الماضية بين ثلاثة آلاف و3500 ليرة للدولار، بينما سعر الصرف الرسمي المعتمد من المصرف المركزي يعادل 1256 ليرة مقابل الدولار.

ويرى خبراء الاقتصاد أن “هناك عدة مستجدات زادت من تراجع سعر الليرة، منها سياسي يتعلق بإعادة فتح الإدارة الأميركية الجديدة برئاسة “جو بايدن” الملف السوري، وبدء العمل أوروبياً على معاقبة نظام “بشار الأسد”، وتوقف بعض الدول عن دعم النظام”.

كما يؤكد محللون، أن طرح عملة جديدة من فئة 5 آلاف ليرة، قبل شهرين، أدى إلى خلل في العرض والطلب بالسوق، وبدأت الآن تظهر آثار التمويل بالعجز على الأسعار، مشيرا إلى أن هناك مخاوف من تفاقم الوضع إن استمر نظام الأسد بطباعة أوراق نقدية كبيرة لتمويل عجز الموازنة ودفع أجور الموظفين.

الجدير بالذكر، أن أغلب السوريين يعيشون تحت خط الفقر، وفق تقارير أممية، فيما يعاني أكثر من 12,4 مليون شخص من انعدام الأمن الغذائي، وفق برنامج الأغذية العالمي.",,236,0,1,undecided,Government & Official Statements
source_86,credible,بدء الجلسة العامة للنواب في حضور وزير الإسكان,"أنا معجب بالشروق بالفعل، لا تظهر هذه الرسالة مرة أخرى

بدأت قبل قليل أعمال الجلسة العامة للبرلمان، برئاسة المستشار الدكتور حنفي جبالي.

ووفقا لجدول الأعمال من المتوقع أن يتم مناقشة عددا من طلبات إحاطة والأسئلة البرلمانية الموجهة إلى رئيس مجلس الوزراء، ووزير الإسكان والمرافق والمجتمعات العمرانية.

ووافق المجلس أمس الأثنين، على قانون الوقف الخيري، وفي جلسة الأحد وافق المجلس على تقرير حد أدنى للعلاوة الدورية.",,65,0,1,undecided,Government & Official Statements
source_79,credible,قرار وزاري يلزم فروع هيئة تنظيم النقل البري بالمحافظات بتوريد الرسوم إلى حساب الهيئة في البنك المركزي,"الرئيسية/أخبار/ قرار وزاري يلزم فروع هيئة تنظيم النقل البري بالمحافظات بتوريد الرسوم إلى حساب الهيئة في البنك المركزي أخبار قرار وزاري يلزم فروع هيئة تنظيم النقل البري بالمحافظات بتوريد الرسوم إلى حساب الهيئة في البنك المركزي

عدن- “الشارع”: أصدر وزير النقل، عبدالسلام صالح حُميد، أمس، قراراً وزارياً، قضى بإلغاء تقاسم إيرادات الموانئ البرية بين المركز الرئيسي للهيئة العامة لتنظيم شئون النقل البري وفروعها بالمحافظات، وتحصيل كافة الرسوم القانونية بموجب السندات الرسمية المعدة من وزارة المالية وتوريدها إلى حساب الهيئة في البنك المركزي. وألغى القرار الوزاري، محضر اجتماع موسع برئاسة الهيئة العامة لتنظيم شئون النقل البري مع مدراء عموم الموانئ البرية والفروع بالمحافظات، المنعقد بمدينة المكلا في سبتمبر2017م. وجاء في القرار الوزاري، حصلت “الشارع” على نسخة منه: “يلغى محضر الاجتماع الموسع برئاسة الهيئة العامة لتنظيم شئون النقل البري مع مدراء عموم الموانئ البرية والفروع بالمحافظات، المنعقد بمدينة المكلا بشأن تقاسم الإيرادات بين المركز الرئيسي للهيئة والموانئ البرية وفروع الهيئة بنسبة 30٪ للمركز الرئيسي، و70٪ للموانئ البرية وفروع الهيئة في المحافظات”. وألزم القرار، الذي حمل الرقم (34 لسنة 2021م) “الهيئة العامة لتنظيم شئون النقل البري وفروعها بالمحافظات وموانئها البرية، تحصيل كافة الرسوم القانونية بحسب السندات المعدة لذلك، وتوريدها إلى حساب الهيئة طرف البنك المركزي”. وأوضح القرار، أنه تم إلغاء المحضر “نظراً لمخالفته للقانون” المالي رقم (8) لسنة 1990 ولائحته التنفيذية، ورقم (35) لسنة 1991 بشأن الهيئات والمؤسسات والشركات العامة، كما ألغى أي محاضر أخرى بهذا الشأن وما يترتب عليها من آثار. وأشار إلى أن القرار يأتي ضمن الخطوات التصحيحية لتنفيذ البرنامج العام للحكومة بشأن الإصلاحات الهيكلية لتعزيز البنية المؤسسية للدولة ومعالجة كافة الاختلالات المالية والإدارية. وكان وزير النقل قد اتخذ، خلال الفترة الماضية، عدداً من القرارات التصحيحية للاختلالات التي تم ممارستها من قبل الوزير السابق صالح الجبواني، الذي أصدر قرارات وتعميمات مخالفة للقوانين النافذة، سعى من خلالها إلى تركيز سلطاته في كل مفاصل المؤسسات التابعة للوزارة عبر أشخاص موالين له، عمل من خلالهم على تحقيق مصالح شخصية، وممارسة الفساد ونهب موارد تلك المؤسسات.",,311,0,1,undecided,Government & Official Statements
source_117,credible,ثلاثة ملايين وفاة جراء فيروس كورونا في العالم,"ثلاثة ملايين وفاة جراء فيروس كورونا في العالم

امرأة تخضع لاختبار صحي حول فيروس كورونا في 15 يونيو 2020 في أنقرة AFP - ADEM ALTAN

نص: مونت كارلو الدولية / أ ف ب 1 دقائق

سُجّلت رسمياً أكثر من ثلاثة ملايين وفاة جراء فيروس كورونا في العالم منذ ظهوره في الصين في كانون الأول/ديسمبر 2019، بحسب تعداد أجرته وكالة فرانس برس استناداً إلى بيانات السلطات الصحية الوطنية يوم السبت 17 أبريل 2021 حتى الساعة 08,30 ت غ.",,77,0,1,undecided,Government & Official Statements
source_86,credible,مستقبل وطن: 30 يونيه يوم لا ينسى في حياة من عاصروه,"قال المهندس حسام الخولي، نائب رئيس حزب مستقبل وطن، إن 30 يونيه يوم لا ينسى في حياة من عاصروه، مشيرًا إلى ضرورة تعريف الأجيال الجديدة بقيمة هذا التاريخ.

وأضاف خلال مداخلة هاتفية لبرنامج «صالة التحرير» الذي تقدمه الإعلامية عزة مصطفى عبر فضائية «صدى البلد»، مساء الأربعاء، أن ثورة الـ 30 من يونيه شهدت تكاتف جميع أطياف الشعب، لافتًا إلى أهمية تذكير الشباب دائمًا بما حدث خلال هذا التاريخ.

وذكر أن نصف الشعب المصري شارك في ثورة الـ 30 من يونيه ونزلوا الميادين، مؤكدًا أن ذلك التاريخ هو ذكرى خالدة.

وعن توجيه الرئيس بتحمل الدولة لتكاليف علاج مرضى ضمور العضلات، ذكر أن الدولة وصلت لمرحلة تهتم بها أدق مشكلات المواطنين، على الرغم من أن أعداد المصابين على مستوى الجمهورية بهذا المرض قليل، مضيفًا أن الرئيس نظر لهذه المشكلة نظرة أب.

",,129,0,1,undecided,Government & Official Statements
source_100,credible,مقابل اشتراك مادي.. آبل تخطط لإطلاق هذه الخدمة الصحية,"

ونبعت فكرة الخدمة الصحية لدى شركة ""آبل"" عندما حاولت معرفة كيفية استخدام رزم البيانات التي يتم جمعها من مستخدمي ساعاتها الذكية لتحسين الرعاية الصحية، لتقرر من بعدها توفير خدمة طبية خاصة بها تربط البيانات التي تم إنشاؤها بواسطة أجهزة ""آبل"" بالرعاية الافتراضية والشخصية التي يقدمها أطباء الشركة.





ولن تقوم جهود ""آبل"" على توفير الرعاية الأولية فحسب، بل ستقدم أيضا برامج صحية مخصصة قائمة على الاشتراك المادي.



وعلى سبيل التجربة، استحوذت شركة ""آبل"" على عيادة صحية بالقرب من حديقة ""آبل""، ووظفت الطبيبة، سمبل ديساي، من جامعة ستانفورد لإدارة المشروع، وذلك بغرض أن تختبر الشركة خدمتها الصحية على موظفيها، كما أنها شكلت فريقا يضم أطباء ومهندسين ومصممي منتجات.



وكان من المفترض أن تكون إحدى مبادرات خدمة آبل الصحية طرح تطبيق اسمه ""Health Habit"" (العادة الصحية)، يربط الموظفين بالأطباء عبر الدردشة معهم، ويشجعهم على وضع أهداف صحية، لكن ورد أن التطبيق واجه صعوبات في التسجيل المنخفض والأسئلة بشأن صحة البيانات في مجال ارتفاع ضغط الدم.



و في اجتماع عقد عام 2019، أبلغ أحد مديري شركة ""آبل"" مديرة المشروع، سمبل ديساي، بشأن مخاوفه من صحة البيانات وعدم دقتها، ما ساهم في مغادرة الأخيرة منصبها بعد عدة أسابيع.



من جانبها، قالت شركة ""آبل"": ""إن ديساي تطرقت إلى أهمية تكامل البيانات في نفس اجتماع 2019، وأضافت للمطبوعة الأمريكية: ""تم التحقيق في هذه المسألة بدقة ولم يمكن إثبات المزاعم"".



وأكدت على أن العديد من التأكيدات الواردة في هذا التقرير تستند إلى معلومات غير كاملة، قديمة وغير دقيقة، وشددت شركة ""آبل"" في ردها على أنها فخورة بعمل سمبل ديساي، وأنها كانت جزءا أساسيا من مساعيها في مجال الرعاية الصحية.



وكان رئيس شركة ""آبل""، تيم كوك، أكد أن الصحة ستكون أحد أعظم مساهمات شركته للإنسانية.







أوضحت تقارير الأسبوع الماضي، أن شركة ""آبل"" الأمريكية تخطط لإطلاق خدمة صحية خاصة بها، قائمة على الاشتراك المادي.وكانت ""آبل"" أرست فكرة خدمتها الصحية منذ عام 2016، ولكنها لم تتخذ خطوات جادة لإحيائها، بسبب تركيز جهودها في ذلك الوقت على مجال الرعاية الصحية المقدمة من ساعتها الذكية وتطبيقها ""آبل هيلث""، إلى جانب منتجات وخدمات أخرى، بحسب (سبوتنيك بالعربي).",,323,0,1,undecided,Government & Official Statements
source_86,credible,الرئيس السيسي ينعي الأمير فيليب زوج الملكة إليزابيث,"أنا معجب بالشروق بالفعل، لا تظهر هذه الرسالة مرة أخرى

سجّل إعجابك بصفحتنا على فيسبوك لتحصل على المزيد

أعجبك الموضوع؟ سجّل إعجابك بصفحتنا على فيسبوك لتحصل على المزيد

بعث الرئيس عبد الفتاح السيسي برقية تعزية إلى الملكة إليزابيث الثانية ملكة المملكة المتحدة في وفاة الأمير فيليب دوق أدنبرة.



وأعرب الرئيس عن خالص تعازيه وصادق مواساته للملكة ولجميع أعضاء الأسرة الملكية في مصابهم، حسبما أفاد المتحدث باسم الرئاسة السفير بسام راضي.",,70,0,2,not credible,Government & Official Statements
source_27,not credible,الأمن يسجل 2384 تدخل بفضل استغلال كاميرات الحماية,"سجلت مصالح الأمن الوطني خلال الثلاثي الأول من سنة 2021، (2384) تدخل بفضل استغلال كاميرات الحماية المنصبة عبر كل من ولايات الجزائر، وهران، البليدة، قسنطينة، سطيف، عنابة وغرداية.

وأفاد بيان للمديرية العامة للأمن الوطني، أن المتابعة الآنية للأحداث من داخل قاعات العمليات لأمن الولايات وبالتنسيق مع المصالح العملياتية بالميدان مكنت من رصد وتوقيف (632) شخص مشتبه فيه، في قضايا استهلاك و ترويج المخدرات وحيازة أسلحة بيضاء، تقديم المساعدة لـ (198) شخص محل خطر مادي ومعنوي بالإضافة إلى إحباط (38) محاولة انتحار.

وتمكنت ذات المصالح الأمنية عبر كاميرات المراقبة من تسجيل (284) تدخل يتعلق بالسرقة أو محاولة السرقة، (451) تدخل متعلق بالمشاجرة على الطريق العام و (781) حادث مرور مادي أو جسماني.",,111,2,0,credible,Crime & Accidents
source_94,credible,شيشاوة..الدرك الملكي يوقف بطل فيديو تسلق شاحنة البرتقال,"أوقفت مصالح الدرك الملكي بشيشاوة، شاب ظهر في شريط فيديو انتشر قبل أيام عبر مواقع وتطبيقات التواصل الإجتماعي، حيث قام بالخروج من النافذة العلوية لسيارة خفيفة بالطريق السيار، وتسلق شاحنة محملة بالبرتقال، ليحصل منها على حبات برتقال قبل العودة إلى السيارة، من أجل كسب التحدي مع رفاقه.

وحسب مصادر محلية، فإن الشاب المغامر يقطن ببني ملال، حيث حددت عناصر الدرك الملكي هناك مكانه وإلقاء القبض عليه، قبل تسليمه لدرك شيشاوة الذي يشرف عن البحث في القضية، والذي وضعه رهن تدابير الحراسة النظرية بتعليمات من النيابة العامة المختصة، من أجل التحقيق معه حول المنسوب إليه.

وكان الشريط الذي يظهر فيه الشاب قد انتشر بشكل واسع على تطبيقات التراسل الفوري ومواقع التواصل الإجتماعي، وحصد تفعالا كبيرا بين رواد هذه المنصات، واستنكر العديد منهم إقدام الشاب على تعريض حياته وسلامة مستعملي الطريق للخطر، من أجل الحصول على بضع برتقالات من شاحنة تسير بسرعة بالطريق السيار، حسب ما أورده “المراكشي”.",,146,0,1,undecided,General/Other Ambiguous Context
source_100,credible,الحساينة: العدوان الإسرائيلي المتواصل على قطاع غزة الأعنف والأكثر وحشية وتدميراً,"

وتتطرق الحساينة في حديثه إلى أن قيمة الأضرار حتى اللحظة بلغت حوالي 400,000,000 مليون دولار، وذلك حسب التقديرات الأولية للجهات المختصة في قطاع الانشاءات والقطاع الاقتصادي والتجاري، والبنية التحية وشبكات المياه والكهرباء.



وناشد الحساينة المجتمع الدولي والأشقاء العرب وأصدقاء الشعب الفلسطيني، بتوفير التمويل لإعادة اعمار ما دمره الاحتلال الإسرائيلي، والسماح بإدخال الآليات والمواد اللازمة لإزالة الركام، والذي له الأثر الكبير للحد من انتشار الأمراض والأوبئة

خاصة في ظل تفشي فيروس (كورونا).



وتوجه الحساينة بالتحية لطواقم وزارة الأشغال العامة والإسكان، ووزارة الحكم المحلي، والبلديات، وشركة الكهرباء، العاملة على إزالة الأنقاض وفتح الشوارع وتسويتها بعد تعرضها للقصف للتخفيف من معاناة أبناء شعبنا، مثمناً دور الأجهزة الأمنية وجهاز الدفاع المدني على جهودهم في دعم ومساندة أبناء شعبنا.







رام الله - دنيا الوطنقال الدكتور مفيد الحساينة، وزير الأشغال العامة والإسكان، السابق: ""إن العدوان الإسرائيلي المتواصل على قطاع غزة يعد الأعنف والأكثر وحشية وتدميراً في سلسلة الحروب التي شنتها إسرائيل ضد شعبنا خلال الأعوام الماضية، جاء ذلك خلال جولةتفقدية لعدد من المنشآت السكنية المدمرة والبنية التحتية والمرافق العامة والمنشآت الاقتصادية"".وأضاف"" إن العدوان الإسرائيلي أوقع أضرار جسيمة في الممتلكات والبنية التحتية والمرافق العامة والخاصة وشبكات المياه والكهرباء والاتصالات والورش والمصانع والأراضي الزراعية، جاعلاً إياها أكوام من الركام والخراب والدمار"".",,193,0,2,not credible,Government & Official Statements
source_8,not credible,وزارة الطاقة والمناجم يستقبل نظيره الصحراوي,"أعرب وزير الطاقة والمناجم، محمد عرقاب، استعداد قطاعه لتقديم كل الدعم اللازم لإنهاء مشاريع الإمداد بالكهرباء و تكوين التقنيين الصحراويين في مجال المتابعة وصيانة الهياكل الكهربائية.

وخلال استقباله بمقر وزارة الطاقة والمناجم، لوزير الطاقة والنقل بالجمهورية العربية الصحراوية الديمقراطية، السالك بابا حسنة، شدد عرقاب على أهمية مشروع إنشاء هيئة صحراوية لإدارة وتطوير الخدمات الكهربائية، واستعداد قطاع الطاقة والمناجم لتقديم كل ما لديه من خبرة لتحقيقه.

كما تم الاتفاق على تنسيق الجهود ووضع برنامج عمل لتلبية الاحتياجات المتعلقة بالتموين بالطاقة الكهربائية والتكوين في هذا المجال.

ويأتي هذا اللقاء في إطار دراسة سبل ووسائل تعزيز التعاون بين الجمهورية العربية الصحراوية الديمقراطية والجزائر، الموصوفة بالتاريخية والأخوية، في مجال الطاقة، لا سيما فيما يخص إمدادات الطاقة الكهربائية.

من جهته أعرب الوزير الصحراوي، السالك بابا حسنة، عن شكره للدعم المستمر الذي تقدمه الحكومة الجزائرية للجمهورية العربية الصحراوية والجهود التي يبذلها قطاع الطاقة في تحقيق مختلف المشاريع الهادفة إلى تزويد المدن الصحراوية بالطاقة الكهربائية.

هذا وتم الاتفاق على مواصلة الجهود للانتهاء من هذه المشاريع بهدف تلبية احتياجات السكان خاصة خلال فترة الصيف.",,166,2,0,credible,Source-Specific Artifacts / Boilerplate
source_82,undecided,تيزي وزو: العثور على جثة جنين حديث الولادة بمركز الردم التقني في واد فالي — النهار أونلاين,"عثر على الساعة التاسعة صباحا من نهار اليوم الخميس، على جثة جنين حديث الولادة من جنس أنثى، بتيزي وزو.

وعثر على الجثة وسط أكوام النفايات المنزلية بمركز الردم التقني بواد فالي في تيزي وزو، من طرف احد عمال هذه المؤسسة.

وقام هذا الأخير بإبلاغ الدرك الوطني عن طريق الرقم الأخضر 5510 التي شكلت دورية رفقة الشرطة التقنية للدرك بالمجموعة الإقليمية.

وباشرت بفتح تحقيق معمق لمعرفة حيثيات القضية، ومرتكبي هذه الجريمة.

كما تم تسخير أعوان الحماية المدنية لوضع الجثة بمصلحة حفظ الجثث بالمستشفى المركزي محمد ندير بتيزي وزو.",,87,1,0,credible,Source-Specific Artifacts / Boilerplate
source_55,credible,المهندس علي بن مرزوق: الدولة أولت اليتيم اهتماماً ورعاية خاصة,"صحيفة وصف :أكد عميد الكلية التقنية بتبوك المهندس علي بن مرزوق البلوي على اهتمام الدولة حفظها الله باليتيم، وقال إن دولتنا- رعاها الله- أولت اليتيم عناية خاصة منذ نشأته وحتى بلوغه سن الرشد، واعتماده على نفسه؛ حيث وفرت له سبل العيش الكريم، وأنشأت من أجله عديد المؤسسات الاجتماعية، المعنية بتقديم الرعاية والعناية به، ليكون مواطناً صالحاً ولبنة أساسية من لبنات هذا المجتمع.

وأثنى عميد الكلية على برامج وجهود الجمعية الخيرية لرعاية الأيتام بتبوك، وأكد على ضرورة تفعيل دور الكلية للمساهمة بدعم هذه الفئة الغالية على قلوبنا.

جاء ذلك خلال استقبال عمادة الكلية التقنية لرئيس مجلس إدارة الجمعية الخيرية لرعاية الأيتام بتبوك طلال الفقير، ويرافقه الدكتور عياش العنزي عضو مجلس الإدارة والمشرف المالي، والمهندس عبدالعزيز القيسي المدير التنفيذي للجمعية، وكان باستقبالهم عميد الكلية التقنية المهندس علي البلوي، والمهندس أحمد قصادي وكيل الكلية لخدمات المتدربين وإبراهيم بن هيازع الشهري رئيس خدمة المجتمع والتدريب المستمر بالكلية حيث تم بحث سبل خدمة هذه الفئة الغالية، واستعراض أعمال وبرامج الجمعية الخيرية لرعاية الأيتام.",,158,0,1,undecided,Government & Official Statements
source_8,not credible,ثروة النخيل بورقلة بحاجة ماسة الى المزيد من الاهتمام والتثمين,"تتوفر ولاية ورقلة على أعداد معتبرة من النخيل المنتج يفوق مليونين وخمسمائة ألف نخلة مما جعل المنطقة واحدة من أكبر جهات الوطن حيازة لمثل هذا النوع من الثروات الغابية لكنها بحاجة الى مزيد من الاهتمام والتثمين .

و يكمن هذا الاهتمام في تعويض ما تتعرض له هذه الثروة الهامة سنويا من نزيف وذلك بسبب الحرائق التي تتسبب في اتلاف أعداد كبيرة من اشجار النخيل وذلك على الرغم من المجهودات المبذولة من طرف السلطات العمومية للحد من هذه الظاهرة وما تشكله من انعكاسات سلبية على الاقتصاد المحلي والبيئة.

و في هذا الصدد تشير المعلومات المستقاة, عشية اليوم الدولي للغابات, من مديرية الحماية المدنية الى ان ولاية ورقلة عرفت على سبيل المثال من 2008 الى غاية سنة 2020 اتلاف ازيد من 48 ألف نخلة بفعل الحرائق ناهيك عن تدمير نسبة كبيرة من الأعشاب والحواجز التي تستعمل من طرف الفلاحين لوقاية بساتين النخيل من مختلف المؤثرات الخارجية.

وقد جرى احصاء خلال نفس الفترة نشوب 5.123 حريق بغابات النخيل المنتشرة عبر مختلف أقاليم الولاية ومن بينها ازيد من 500 حريق تم تسجيله خلال السنة الماضية وتسبب في إتلاف 4.226 نخلة استنادا الى مديرية الحماية المدنية ويتسبب في غالبية هذه الحرائق المزارعين انفسهم الذين لا يولون الاهتمام والعناية الكافية للتدابير الوقائية التي تحول دون ذلك خصوصا ما تعلق منها بتنظيف البساتين من الاعشاب والحشائش الضارة ومخلفات النخيل التي تساعد على الانتشار السريع للنيران بالإضافة الى عدم توفر نقاط المياه الكافية والضرورية لإخماد النيران عند اشتعالها وافتقار العديد من واحات النخيل بالجهة الى المسالك والممرات التي تسهل عملية التنقل والتدخل السريع لأعوان الحماية المدنية مثلما اشير اليه.

ولا تعود اسباب اندلاع حرائق الغابات الى المزارعين بمفردهم بل هناك اسباب اخرى مرتبطة بالطقس وبمناخ المنطقة صيفا حيث يؤدي احيانا الارتفاع الكبير في درجات الحرارة الى نشوب الحرائق الغابية كما ان البعض منها مرتبط بسلوكيات سلبية لتعض المواطنين (القاء اعقاب السجائر أو إشعال النار لأغراض الطهي ومغادرة المكان تاركا النار مشتعلة) كما ذكر .

وبالمقابل تبذل جهود حثيثة على مستوى الولاية من أجل تدارك هذه الوضعية والوقوف في وجه انعكاساتها السلبية على ثروة النخيل التي تعد من أهم الموارد الاقتصادية بالجهة وفقا لمديرية المصالح الفلاحية بالولاية.

وفي هذا الاطار جرى على سبيل المثال غرس خلال هذه السنة 40 الف فسيلة نخيل جديدة مزروعة عبر مساحة اجمالية قدرت بنحو 400 هكتار، مثلما جرى توضيحه واستمرارا لهذه الرؤية الهادفة الى تثمين ثروة النخيل بالمنطقة وتعويض أعداد النخيل التي أصابها التلف اما بفعل الحرائق او نتيجة لعوامل اخرى فان الأهداف المسطرة افاق 2024 هو تخصيص مساحة اجمالية قوامها 6.900 هكتار لزراعة النخيل مما سيسمح بغرس أكثر من 600 الف فسيلة نخيل جديدة مثلما اشير اليه.

ويذكر أن المساحة المخصصة خلال الموسم الفلاحي 2020 -2021 لزراعة النخيل بولاية ورقلة قدرت ب 23.139 هكتار بينما بلغ عدد النخيل بالجهة 2.723.853 نخلة منها 2.517.186 نخلة منتجة وفقا لمديرية المصالح الفلاحية بالولاية.

س.ع",,448,2,0,credible,Economics & Pricing
source_53,not credible,مفاجأة.. منتخب مصر في التصنيف الثاني بقرعة أمم أفريقيا,"Adver1

فجر تصنيف الاتحاد الدولي للنتخبات، مفاجأة غير سارة للفراعنة قبل قرعة بطولة الأمم الأفريقية 2022.

المصدر: فيتو",,18,2,1,undecided,Sports News
source_73,credible,الخميري: '' الأطراف المحيطة برئيس الجمهورية تدفعه إلى تفعيل آليات دستورية ليس لها مقتضيات شكلية ولا موضوعية '',"قال رئيس كتلة حركة النهضة في مجلس نواب الشعب عماد الخميري، اليوم الأحد، في تعليقة على الاوضاع السياسيىة في البلاد ""نحن نرى اليوم دعوات لا يمكن إلا أن تعمق الأزمة لأن الأطراف المحيطة برئيس الجمهورية تدفعه إلى تفعيل آليات دستورية ليس لها مقتضيات شكلية ولا موضوعية في الوقت الحاضر ولا يمكن إلا أن تزيد في إغراق البلاد في الأزمة وفي الخلافات"".

وأضاف الخميري في تصريح ل(وات) بخصوص ما يروج حول إمكانية المرور إلى عقد حوار وطني يضم فقط الأطراف الداعمة له والمؤمنة بجدواه في ظل تمسك رئيس الجمهورية بتنظيم حوار مشروط، ""هناك نقاش اليوم بين الأطراف السياسية واتحاد الشغل ومنظمة الأعراف حول إمكانية المضي في ذلك بالرغم من أننا نأمل أن يكون الحوار شاملا للجميع دون إقصاء "".",,118,0,2,not credible,Government & Official Statements
source_100,credible,حالة معابر قطاع غزة اليوم الأحد,"رام الله - دنيا الوطنأعلنت سلطة المعابر والحدود، بوزارة الداخلية والأمن الوطني بغزة، صباح اليوم الأحد، عن حالة معابر قطاع غزة.وأفادت بأن معابر قطاع غزة كانت على النحو التالي:معبر رفح البــري .. ""مفتوح""معبر كرم أبو سالم .. ""مفتوح""حاجز ""إيرز"" بيت حانون .. ""مغلق""",,43,0,1,undecided,Government & Official Statements
source_134,credible,الطرابلسي يقدّم استراتيجية الوقاية من التطرف العنيف,"أكّد وزير الشؤون الاجتماعية محمد الطرابلسي خلال ورشة عمل لتقديم استراتيجية الوقاية من التطرف العنيف في قطاع النهوض الاجتماعي أن ظاهرة الإرهاب تتغذى من الهشاشة الاجتماعية ولذلك تعمل وزارة الشؤون الاجتماعية على مقاومة الفقر وتحرص على المساهمة في جهود وقاية المجتمع من مختلف الظواهر الاجتماعية السلبية كمخاطر التطرف العنيف والارهاب والعنف والاتجار بالاشخاص.

وكشف الطرابلسي عن أبرز المحاور ذات الاولوية المضمنة في الاستراتيجية وهي حوكمة مرقمنة تعتمد على خطة اتصالية فعالة وتكرس تعزيز القدرات ورصد مبكر بطرق متجددة لمخاطر الاقصاء الاجتماعي والتهميش، كذلك إعداد منظومة تعهّد تستند إلى مقاربة حقوقية تدعم الصمود الفردي والاسري والمجتمعي، بالاضافة الى توفير ادماج اجتماعي واقتصادي يعتمد مسار تعهد إفرادي ومبتكر وكذلك ارساء شراكة ناجعة مع المتدخلين العموميين والمجتمع المدني والقطاع الخاص.

كما أكد وزير الشؤون الاجتماعية على أهمية دور المجتمع المدني ووزارة التربية في مقاومة التطرف والارهاب، معتبرا أنه من الضروري مراجعة المناهج التعليمية وتربية الاطفال على الحوار والاستماع. كما أعلن أنه سيتم العمل مع وزارة التربية على تدريس الحوار الاجتماعي.

وكشف رئيس اللجنة الوطنية لمكافحة الارهاب منير الكسيكسي أنه سيتم تقديم الاستراتيجية الوطنية لمكافحة الارهاب والتطرف العنيف خلال نوفمبر سنة 2021 التي انطلق العمل لاعدادها منذ سنة 2016.

وأضاف أن العمل على مكافحة الإرهاب يتطلب القضاء على الارهاب في الجذور وتحصين المجتمع التونسي من هذه الظاهرة من خلال القضاء على الهشاشة الاجتماعية من فقر وبطالة وغيرهما.

وأشار الكسيكسي إلى أن اللجنة تواصل عملها في المصادرة وتجميد الحسابات التي يشتبه في علاقتها بتمويل الارهاب بالتنسيق مع اللجنة التونسية للتحاليل المالية وتتم احالة الملفات على القطب القضائي لمكافحة الارهاب.

*أميرة محمد*",,246,0,2,not credible,Government & Official Statements
source_82,undecided,جراد: يجب خلق سوق منتجات جزائرية في بعض الدول الإفريقية — النهار أونلاين,"أشرف الوزير الأول، عبد العزير جراد، على الافتتاح الرسمي لمنتدى الاستثمار الفلاحي والصناعات الغذائية.

وخلال طوافه بالمعرض، دعا جراد إلى خلق سوق منتجات جزائرية في بعض الدول الإفريقية.

واستهل جراد، بالمكتب الوطني للدراسات الخاصة بالتنمية الريفية.

وقدم له عرض حول استصلاح الأراضي ومرافقة حاملي المشاريع.

كما وقف عند مجمع الصناعات الغذائية واللوجستيك.

وقدّم له عرض حول الفروع التابعة للمجمع ونشاطه الاقتصادي الخاص باللحوم من المنبع إلى المصب.

ويحضر المنتدى عدد من أعضاء الحكومة ومستشاري رئيس الجمهورية، وكذا متعاملين اقتصاديين ومستثمرين، ومنظمات أرباب العمل وهيئات ومؤسسات عمومية وخاصة.",,87,1,0,credible,Source-Specific Artifacts / Boilerplate
source_121,undecided,ليبرون جيمس محذراً إبراهيموفيتش: «أنا الشخص الخطأ للعبث معه»,"حذر نجم كرة السلة الأميركي ليبرون جيمس، مهاجم ميلان الإيطالي، السويدي زلاتان إبراهيموفيتش من العبث معه.



وقال ليبرون جيمس رداً على تصريحات لإبراهيموفيتش: «أنا الشخص الخطأ للعبث معه لأني أقوم بواجبي».

وكان النجم السويدي المشهور بتصريحاته النارية، طالب مؤخراً ليبرون جيمس -الملقب بالملك في أميركا- بعدم التدخل في الشؤون السياسية.

وقال زلاتان أنه لا يمكن للملك أن يكون مؤثرا بشكل كبير خارج ملاعب كرة السلة، كما يفعل في داخلها، مشيراً إلى تعاطي جيمس مع الشأن السياسي.

ويعتبر نجم لوس أنجلوس ليكرز من المؤثرين في المجتمع الأميركي كونه أحد المنادين بإحداث تغييرات جذرية، مركزا في الوقت ذاته جهوده واهتماماته على قساوة تعامل الشرطة واللاعدالة العنصرية تجاه أصحاب البشرة السمراء.

واعتبر إبرا أنه على الرياضيين «البقاء بعيدا عن السياسة»، ذاكرًا بالإسم جيمس، وطالبه بالكف عن نشاطاته السياسية.

ومما قاله الهداف السويدي: «ليبرون ظاهرة بما يفعله، ولكن لا أحب عندما يكون للناس هالة ما، فيعمدون إلى التعاطي بالشأن السياسي في الوقت ذاته».

وكان جيمس ساعد في تأسيس منظمة «أكثر من تصويت»، التي عززت من إقبال الناخبين في المناطق ذات الغالبية من ذوي الأصول الإفريقية.

وجندت هذه المنظمة أكثر من 40 ألف متطوع للعمل في صناديق الاقتراع خلال الانتخابات الفيدرالية التي أجريت في نوفمبر 2020.

ويؤكد جيمس أن الفوز بالألقاب هو أمر مهم، ولكن التأثير وإلهام الناس وتوحيد الأميركيين هو مجرد مكافأة.

ويقول: «في نهاية المطاف لا أسكت بشأن الأشياء الخطأ، أعظ عن شعبي وأعظ عن المساواة واللاعدالة الاجتماعية، العنصرية وقمع الناخبين. أشياء تحدث في",,231,1,2,not credible,Sports News
source_86,credible,وزير التموين: حملات على منافذ صرف السلع للتأكد من وصول الدعم لمستحقيه,"وجه وزير التموين والتجارة الداخلية الدكتور علي المصيلحي، الأجهزة الرقابية بالوزارة، ومديريات التموين، بتسيير حملات يومية على منافذ صرف السلع التموينية، للتأكد من وصول الدعم إلى مستحقيه، والتأكد من جودة السلع الموزعة على المواطنين.

وشدد المصيلحي على الشركة القابضة للصناعات الغذائية بضخ كميات كبيرة من الزيت التمويني مناصفة للعبوتين الـ 800 ملي جرام و العبوة الـ واحد لتر حتى يختار المواطن منها حسب احتياجاتة المنزلية .. مشيرا إلى ضرورة التأكد من صرف كل السلع بكميات كبيرة بمخازن الجملة التي يصل عددها إلى 1500 مخزن منتشر بمحافظات الجمهورية.

وطالب المواطنين بالتقدم بشكوى حال عدم التزام منافذ صرف السلع التموينية بصرف السلع المقررة على بطاقة الدعم على أرقام ""منظومة الشكاوي الحكومية الموحدة"" 16528"" أو رقم الواتس اب 01577779999 أو على رقم 19588 والخاص بجهاز حماية المستهلك.

من جانبه، أوضح رئيس مجلس إدارة الشركة القابضة للصناعات الغذائية أحمد حسنين، أن شركتي الجملة ( العامة - المصرية)، قامتا بضخ كل إحتياجات منافذ صرف السلع التموينية من السلع من يوم 27 من الشهر الماضي، منوها بأن مخازن الجملة تعمل يوميا حتى في أيام الأجازات الرسمية.

وأشار إلى أن الشركة تصرف السلع التموينية لأكثر من 38 ألف منفذ منها بقالو التموين، ومنافذ جمعيتي، إضافة إلى المجمعات الاستهلاكية التي يصل عددها إلى 1300 مجمع استهلاكي شهريا،مشيرا إلى أنه يتم ضخ 28 سلعة تتنوع ما بين الأرز، والسكر، والزيت، والمكرونة، والدقيق ومساحيق الغسيل وغيرها من السلع الأخرى.",,219,0,1,undecided,Government & Official Statements
source_86,credible,الرئيس السيسي يصل جيبوتي.. وعمر جيلة على رأس مستقبليه,"وصل الرئيس عبد الفتاح السيسي صباح اليوم إلى جيبوتي، حيث كان على رأس المستقبلين الرئيس إسماعيل عمر جيلة، فضلاً عن عدد كبير من كبار المسئولين الجيبوتيين.

وصرح السفير بسام راضي، المتحدث باسم رئاسة الجمهورية، إنه قد أقيمت للرئيس السيسي مراسم الاستقبال الرسمى وتم عزف السلامين الوطنيين واستعراض حرس الشرف.",,49,0,1,undecided,Government & Official Statements
source_134,credible,راشد الغنوشي يتلقى الجرعة الاولى من لقاح كورونا,"احترام خصوصيتك هو أولويتنا

نحن نستخدم ملفات تعريف الارتباط والبيانات الأخرى لتوفير خدماتنا وإعلاناتنا وصيانتها وتحسينها. إذا وافقت ، فسنخصص المحتوى والإعلانات التي تراها. لدينا أيضًا شركاء يقيسون استخدام خدماتنا.",,30,0,2,not credible,Health & COVID-19
source_7,not credible,وزارة الصحة: 128 إصابة جديدة و2 وفيات بكورونا خلال 24 ساعة,"سجلت وزارة الصحة 128 إصابة جديدة بفيروس كورونا (كوفيد-19) و2 وفيات في الجزائر خلال ال24 ساعة الأخيرة.

فيما تماثل 108 مريضا للشفاء، حسب ما كشف عنه اليوم الناطق الرسمي للجنة رصد ومتابعة فيروس كورونا، الدكتور جمال فورار.

وخلال اللقاء الإعلامي اليومي المخصص لعرض تطور الوضعية الوبائية لفيروس كورونا أوضح فورار أن إجمالي الحالات المؤكدة 115970 بلغ شخص من بينها 128 حالة جديدة.

بينما بلغ العدد الإجمالي للمصابين الذين تماثلوا للشفاء 80455 شخص والعدد الإجمالي للوفيات 3053 حالة.

ويتواجد حاليا 17 مريضا في العناية المركزة، حسب فورار .",,87,2,0,credible,Government & Official Statements
source_100,credible,خطأ طبي ... تلقي فتاة لقاح (فايزر) بمعدل 6 جرعات,"وكشفت وكالة الأنباء إيطالية أن شابة تبلغ من العمر (23) عاما تلقت ما يعادل (6) جرعات من لقاح (فايزر) المضاد لفيروس كورونا المستجد عن طريق الخطأ، وفق ما أوردته صحيفة (سكاي نيوز).



وأوضحت الوكالة الفرنسية أن الممرضة التي كانت تعطيها اللقاح عن طريق الخطأ، وبدلا من حقن جرعة واحدة للشابة، التي لم يكشف عن هويتها، حقنت القارورة بكاملها، أي ما يعادل

(6) جرعات من اللقاح.



خطأ طبي جسيم تعرضت له شابة إيطالية، بعد أن تلقت جرعة زائدة من لقاح (فايزر-بيونتيك) المضاد لـ (كوفيد-19).وأشارت الوكالة إلى أن الشابة وضعت تحت المراقبة الطبية في مستشفى في (توسكانا) وسط إيطاليا، منوهة إلى أنها بصحة جيدة.وبحسب وكالة الانباء الإيطالية، فإن تجربة لقاح (فايزر-بايونتيك) بخصوص الجرعة الزائدة المحتملة، توقفت عند (4) جرعات محقونة في الوقت نفسه، وبالتالي من غير المعروف ما هي تداعيات تلقي (6) جرعات دفعة واحدة.وفي سياق سابق تم الإبلاغ عن جرعات زائدة من لقاح (فايزر-بايونتيك) في كل من الولايات المتحدة وأستراليا وألمانيا وإسرائيل، ولكن لم يعرف تفاصيل بشأنها، أو على الأقل لم ترد تقارير حولهم لاحقا.",,164,0,1,undecided,Source-Specific Artifacts / Boilerplate
source_27,not credible,50 ألف تاجر لضمان المداومة في يومي العيد,"50 ألف تاجر لضمان المداومة في يومي العيد

أعلنت وزارة التجارة عن تسخير 50.042 تاجر عبر كامل ولايات الوطن من أجل ضمان المداومة خلال فترة عيد الفطر.

وأوضحت الوزارة من خلال بيان لها، بأن هذا العدد من التجار المناوبين، يتضمن 5.886 ينشطون في قطاع المخابز و30.752 تاجرا ناشطا في قطاع المواد الغذائية العامة والخضر والفواكه و12.953 تاجرا آخر ينشطون في قطاعات مختلفة.

كما كشفت ذات المصالح عن تسخير 451 وحدة إنتاجية، يوجد من بينها 131 ملبنة و276 مطحنة و44 وحدة إنتاج مياه معدنية.

وفي سبيل متابعة مدى تنفيذ برنامج المداومات، تم تسخير 2.036 عون مراقبة عبر كل التراب الوطني، ضمن برنامج مسطر تطبيقا لأحكام المادة 8 من القانون 13-06 المؤرخ في 13 جويلية 2013 المعدل والمتمم للقانون 04-08 المؤرخ في 14 أوت 2004 والمتعلق بشروط ممارسة النشاطات لتجارية.

ودعت وزارة التجارة كل المتعاملين الاقتصاديين للمساهمة بقوة في إنجاح برنامج المداومة، مذكرة المتعاملين الاقتصاديين بإلزامية استئناف نشاطاتهم التجارية وإعادة فتح محلاتهم التجارية بعد عطلة العيد طبقا للأحكام المنظمة للعطل خلال الأعياد الوطنية والدينية.",,162,2,0,credible,Government & Official Statements
source_134,credible,منح الصبغة الجامعية لأربعة أقسام استشفائية بالمستشفى العسكري بقابس,"احترام خصوصيتك هو أولويتنا

نحن نستخدم ملفات تعريف الارتباط والبيانات الأخرى لتوفير خدماتنا وإعلاناتنا وصيانتها وتحسينها. إذا وافقت ، فسنخصص المحتوى والإعلانات التي تراها. لدينا أيضًا شركاء يقيسون استخدام خدماتنا.",,30,0,2,not credible,Health & COVID-19
source_7,not credible,الخضر قد يواجهون زامبيا بوتسوانا بالمحليين,"ينتظر أن يجد الناخب الوطني جمال بلماضي صعوبات كبيرة في وضع قائمة 223 لاعبا التي ستواجه كل من منتخب زامبيا بلوساكا، وبوتسوانا بملعب تشاكر بالبليدة.

وذلك بسبب مخلفات جائحة “كورونا” المتحورة، التي ضربت أوروبا، مؤخرا، أين ترفض غالبية الأندية الأوربية تسريح لاعبيها، وهو ما يهدد خطط بلماضي للمواجهتين، رغم عدم أهميتها بالنسبة للمنتخب الذي ضمن تأهله لكأس إفريقيا للأمم المقبلة في الكاميرون سلفا.

الأندية الانجليزية كانت السباقة لرفض تسريح لاعبينا

وكانت الأندية الإنجليزية السابقة لرفض رحيل لاعبيها نحو منتخباتهم خارج المنطقة الأوربية، حيث أكد المدرب يبي غوارديولا أنه لن يسمح لمحرز ورفاقه من قارة أمريكا الجنوبية على غرار جيسوس وأغويرو بسبب حاجته لهم في البريمرليغ، وهو نفس الأمر بالنسبة لدفيد مويس الذي رفض تسريح بن رحمة للمنتخب الوطني.

الفرنسيون يحذون حذوها ويرفضون تسريح لاعبينا

من جانب آخر أعلن مدرب نادي ميتز الفرنسي فريديريك أنتونيتي ، لصحيفة “ليكيب” عن منعه للاعبين الدوليين من اللعب مع منتخباتهم بسبب تبعات جائحة “كورونا” المتحورة، مشيرا إلى انه لن يسمح للثنائي الجزائري أوكيدجة وبولاية من السفر خارج فرنسا، وقال : ” لن نترك أي لاعب دولي يرحل، فقد أعلنا للاعبين المعنيين أنه لن يتم الإفراج عنهم . لدي حوالي عشرة لاعبين يتم اختيارهم من بينهم ثمانية للعب دوليا. لا يمكنني الاستغناء عنهم في المباراتين أمام موناكو في البطولة ثم في الكأس “.

الأندية الأوروبية كلها قد تستغل الوضع

بعد الموقف المتخذ من طرف الأندية في فرنسا وانجلترا تتجه كل الأندية الأوربية رفض تسريح لاعبيها لمنتخباتهم، منها الاسبانية والايطالية، أين يلعب عيسى ماندي في نادي بيتيس الاسباني، ووناس، فارس، بن ناصر وزدادكة المرشح للانضمام للمنتخب هذا الشهر، في حين يلعب العديد من اللاعبين الجزائريين في البطولات البرتغالية والألمانية على غرار بن سبعيني ومديوب وزروقي.

قانون “الفيفا” يقف في صفها

ورغم أن المواجهات الحالية تندرج ضمن تواريخ الاتحاد الدولي للعبة، والذي يجبر الأندية على تسريح لاعبيها لمنتخباتهم، إلا أن قانون الفيفا في هذا الموقف يقف في صف الأندية، بما أن قانون البلدان الأوربية مثل انجلترا يجبر اللاعبين على البقاء 10 أيام في الحجر الصحي، قبل بداية المشاركة مع أنديتهم، في حين أن الفيفا سنت قانون جديد يتيح للأندية رفض تنقل لاعبيها خارج أوروبا للمشاركة مع منتخباتهم في حالة كانت مدة الحجر تتجاوز 5 أيام، وهو ما يعني وقوف الفيفا في صف الأندية هذه المرة.

لاعبو البطولة القطرية، والتركية فقط قادرون على التواجد مع الخضر

وفي حالة ما إذا نجحت الأندية الأوربية في مسعاها، فان مدرب المنتخب الوطني جمال بلماضي سيكون مجبرا على توجيه الدعوة للاعبين الناشطين في البطولة القطرية على غرار بلايلي، بونجاح، براهيمي، ولاعبو البطولة السعودية على غرار شافعي، مبولحي ودوخة، كما أن لاعبو البطولة التركية سيكونون متاحين على غرار فيغولي وغزال، بالإضافة إلى لاعبو البطولة المحلية.

زروقي وتوبة قد لا يحققان حلمهما باللعب للجزائر

من جانب آخر لن يكون بمقدور الثنائي توبة وزروقي تحقيق حلمهما باللعب رفقة المنتخب في حالة حذت هولندا حذو الدول الأوروبية الأخرى، حيث كان يعول الثنائي على التواجد مع الفريق الوطني في شهر مارس الجاري من اجل إثبات قدراتهما والتواجد معه في شهر جوان المقبل، لكن ذلك قد يتأجل إلى مناسبات أخرى.

الفرصة ستكون مواتية للمحليين وبوقرة يترقب

ورغم أن اللاعبين المحترفين يشعرون بالخيبة حاليا، بسبب عدم تواجدهم في المنتخب فان اللاعبين المحليين سيكونون أمام فرصة لا تعوض من اجل طرق أبواب المنتخب بما انب لماضي سيستنجد ببوقرة ليمنح تقارير عن أفضل اللاعبين الحالين، وقد يستدعي حتى 6 لاعبين لتدعيم المنتخب على غرار معاذ حداد، أمير سعيود وعمورة نجم وفاق سطيف الصاعد.

فراني جمال",,543,2,0,credible,Health & COVID-19
source_121,undecided,حسن جوهر: السحب من صندوق الأجيال قرار عشوائي يعبث بمقدرات البلد,"قال النائب حسن جوهر، إن الحكومة مستمرة في مسلسل الفشل، «ورئيس الوزراء عاجز عن تشكيل حكومة، ومُلام على طلب تفعيل المادة 106 من الدستور، مع احترامنا لقرار سمو الأمير»، والآن يفاجئنا بقرارات عشوائية والعبث بمقدرات البلد عبر طلب سحب 5 مليارات من صندوق الأجيال، أقول لرئيس الوزراء، اذا كانت هذه سياساتك وهذه قدراتك، فلا تحاول العودة إلى مجلس الأمة مرة أخرى.

وأحالت الحكومة إلى مجلس الأمة، مشروعاً بقانون يقضي بجواز سحب مبلغ من احتياطي الأجيال القادمة لا يتجاوز خمسة مليارات دينار سنوياً، لمواجهة أي عجز يطرأ على الاحتياطي العام بالدولة.",,90,1,2,not credible,Government & Official Statements
source_131,credible,الجونة يختتم تدريباته استعدادًا لمواجهة المقاولون العرب بالدوري,"رضا شحاتة

اختتم الفريق الأول لكرة القدم بنادي الجونة، تحت قيادة رضا شحاتة، تدريباته استعدادًا لمواجهة المقاولون العرب، في المباراة التي ستجمعهما، ضمن منافسات الدوري الممتاز.

وعقد رضا شحاتة جلسة مع اللاعبين، طالبهم فيها بضرورة التركيز خلال مباراة المقاولون العرب، واستغلال نقاط القوة والضعف لدى ذئاب الجبل، بجانب النتائج المتذبذة للفريق الأصفر خلال الفترة الماضية.

وأجرى لاعبو الجونة، بعض التدريبات الخفيفة والتأهيلية، لعدم تعرض أحد منهم للإجهاد، قبل مباراة الغد، حيث أطمئن رضا شحاتة على جاهزية جميع اللاعبين.

ويواجه نادي الجونة نظيره المقاولون العرب، في الساعة الثانية والنصف ظهر غدًا الأحد، في المباراة التي ستجمعهما على ستاد خالد بشارة، ضمن منافسات الدوري الممتاز.",,103,0,1,undecided,Sports News
source_82,undecided,محرز يشارك بديلا رفقة السيتي في فوزه بثلاثية على توتنهام — النهار أونلاين,"شارك الدولي الجزائري، رياض محرز في الفوز الجديد الذي حققه ناديه مانشستر سيتي، اليوم السبت، في مواجهة أمام توتنهام.

وفضل المدرب بيب غوارديولا ابقاء محرز على دكة البدلاء في بداية هذه المباراة، قبل أن يقحمه بديلا لزميله خيسوس، انطلاقا من الدقيقة 80.

وجاء دخول الدولي الجزائريـ في وقت كان فيه السيتي، قد حسم المباراة لصالحة بثلاثية نظيفة، من توقيع رودريغو، وثنائية من غوندوغان.",,63,1,2,not credible,Source-Specific Artifacts / Boilerplate
source_86,credible,ختام فعاليات التدريب المشترك المصرى الباكستانى «حماة السماء -1»,"أنا معجب بالشروق بالفعل، لا تظهر هذه الرسالة مرة أخرى

اختتمت فعاليات التدريب المصرى الباكستانى المشترك "" حماة السماء- 1 "" ، والذي نفذته عناصر من قوات الدفاع الجوى المصرى والباكستانى للمرة الأولى بجمهورية مصر العربية بالميادين المجهزة لقوات الدفاع الجوي.



تضمنت المرحلة الختامية من التدريب قيام عناصر من قوات الدفاع الجوى المصري والباكستاني بتنفيذ رمايات صاروخية للتعامل ضد الأهداف الجوية فضلاً على تنفيذ رمايات المدفعية المضادة للطائرات لعدة رمايات ضد العديد من الأهداف الأرضية والجوية وإصابتها بكفاءة عالية مماعكس المستوى الراقى الذى وصلت إليه القوات المشاركة في التدريب والسرعة والدقة في رصد وتمييز الأهداف المعادية والتعامل معها وتدميرها.



وألقى اللواء أركان حرب محمد حجازى قائد قوات الدفاع الجوي كلمة نقل من خلالها تحيات الفريق أول محمد زكى القائد العام للقوات المسلحة وزير الدفاع والإنتاج الحربي والفريق محمد فريد رئيس أركان حرب القوات المسلحة للعناصر المشتركة فى التدريب، مشيداً بالمستوى المتميز الذى ظهرت عليه العناصر المشتركة في التدريب لتحقيق أقصى إستفادة ممكنة للجانبين.



من جانبه، أكد الفريق حمود الزمان قائد قوات الدفاع الجوى الباكستانى على أهمية تنفيذ تدريب ""حماة السماء-1"" مع قوات الدفاع الجوي المصرية مما يعكس عمق علاقات الشراكة والتعاون الإستراتيجى بين البلدين الصديقين.



وفي نهاية التدريب تم تكريم عدد من العناصر المتميزة المشاركة فى التدريب لكلا الجانبين .",,200,0,2,not credible,Source-Specific Artifacts / Boilerplate
source_82,undecided,كريكو: أرضية رقمية لفائدة الأشخاص ذوي الإحتياجات الخاصة الراغبين في استحداث المشاريع — النهار أونلاين,"كشفت وزيرة التضامن الوطني كوثر كريكو ، أنه تم وضع أرضية رقمية للتسجيل عن بعد لفائدة الأشخاص ذوي الاحتياجات الخاصة.

وأوضحت الوزيرة، أن الأرضية تخص ذوي الإحتياجات الخاصة الراغبين في استحداث مشاريع، في إطار الوكالة الوطنية لتسيير القرض المصغر.

وأضافت الوزيرة، خلال جلسة علنية بالمجلس الشعبي الوطني، أن الوكالة الوطنية لتسيير القرض المصغر خصصت 1500 مشروع.

كما تم وضع حيز الخدمة أرضية رقمية للتسجيل عن بعد، قصد تبسيط الإجراءات الإدارية والتنظيمية للمشاركة الفعالة في التنمية الاقتصادية لهذه الفئة.

وأوضحت الوزيرة، أن قطاعها عن طريق مفتشيات العمل لمتابعة وتقييم عمليات توظيف الأشخاص ذوي الإحتياجات الخاصة.

وأشارت أن القطاع بادر بإعداد مسودة مشروع مراجعة القانون رقم 02-09 المتعلق بحماية الأشخاص المعوقين وترقيتهم.

وأكدت كريكو أن اللجنة الوزارية المكلفة بالمراجعة، على مشارف الإنتهاء من صياغة المسودة الأولى لمشروع هذا النص.

وقالت أن هناك مساعدات تضامنية لفئة الأشخاص ذوي الإعاقة المعوزين وتسهيل الاستفادة من آليات جهاز القرض المصغر وذلك في اطار الوكالة الوطنية لتسيير القرض المصغر.

وهذا قصد تمكينهم من المشاركة في التنمية الاقتصادية إلى جانب التكفل بالتربية والتعليم المتخصص للأطفال ذوي الإحتياجات الخاصة.",,170,1,2,not credible,Source-Specific Artifacts / Boilerplate
source_79,credible,حجة.. معارك عنيفة في عبس ومقتل مالا يقل عن 20 حوثياً وأسر 6 آخرين,"من معارك أمس الجمعة في عبس

حجة- “الشارع”: تواصلت المعارك العنيفة بين القوات الحكومية وبين مليشيا الحوثي الانقلابية، السبت، لليوم الثاني على التوالي، في محافظة حجة، شمال غربي البلاد. وقالت مصادر عسكرية لـ “الشارع”، إن مواجهات عنيفة شهدتها جبهات قتال مختلفة في عزلة بني حسن، في مديرية عبس، عقب محاولات هجوم حوثية فاشلة على مواقع القوات الحكومية، في إطار محاولاتها استعادة السيطرة على مواقع خسرتها أمس الأول. وبحسب المصادر، فقد أسفرت المواجهات المسلحة عن مقتل ما لا يقل عن 20 حوثياً، وإصابة عشرات آخرين، علاوة على أسر 6 آخرين من عناصر المليشيا. وأمس الأول، كانت القوات الحكومية في المنطقة العسكرية الخامسة، قد أطلقت عملية عسكرية واسعة تمكنت خلالها من تحرير 10 قرى ومناطق في عبس.",,115,0,1,undecided,Health & COVID-19
source_7,not credible,مجلس الأمة يجدد الموقف الثابت والراسخ للجزائر تجاه القضية الفلسطينية,"شارك عبد الكريم قريشي، عضو مجلس الأمة، اليوم الأربعاء عن طريق منصة الكترونية للتحاضر المرئي عن بعد في جلسة طارئة للاتحاد البرلماني العربي.

الجلسة لبحث موضوع: ” الأوضاع التي يمر بها القدس الشريف (المسجد الأقصى) وما يتعرض له الأشقاء الفلسطينيون من ممارسات بربرية على أيدي سلطات الاحتلال الإسرائيلي”.",,48,2,0,credible,General/Other Ambiguous Context
source_79,credible,الاتحاد الأوروبي يرحب بالمبادرة السعودية لإنهاء الأزمة اليمنية,"الرئيسية/سياسة/ الاتحاد الأوروبي يرحب بالمبادرة السعودية لإنهاء الأزمة اليمنية سياسة الاتحاد الأوروبي يرحب بالمبادرة السعودية لإنهاء الأزمة اليمنية صحيفة الشارع Send an email أقل من دقيقة

وكالات: رحب الاتحاد الأوروبي بالمبادرة السعودية، لإنهاء الأزمة الیمنیة والتوصل لحل سیاسي شامل في الیمن. وقالت المتحدثة باسم الاتحاد الأوروبي للشؤون الخارجیة والسیاسة الأمنیة، نبیلة مصرالي، في بیان: “إننا نعتبر ھذا الإعلان خطوة إیجابیة في مسیرة السلام”. وأضافت: “إن الاتحاد الأوروبي یشجع جمیع الأطراف على التواصل دون تأخیر مع المبعوث الخاص للأمم المتحدة إلى الیمن، مارتن غریفیث، حتى یتم إعلان وقف إطلاق النار على الفور، وبدء عملیة سیاسیة شاملة، تحت رعایة الأمم المتحدة، بسرعة”.",,100,0,1,undecided,Government & Official Statements
source_8,not credible,محرز ضمن التشكيلة المحتملة للسيتي للموسم الجديد,"كشف موقع “مانشستر إيفنينغ” الإنجليزي عن التشكيلة المثالية التي يريد أن يضعها “بيب غوارديولا” تحسبا للموسم الجديد، حيث ضمت التشكيلة إسم الجزائري “رياض محرز” كلاعب أساسي في الرواق الأيمن.

وأكد الإنجليز، أن رغبة غوارديولا الكبيرة بالتعاقد مع “غريليتش” و”هاري كين” من أجل مضاعفة العمل الهجومي وإيجاد الحلول في كل مباراة من طرف عدد من اللاعبين وليس لاعب واحد أو إثنين.

وفي مايلي التشكيلة المحتملة لـ “مان سيتي” في الموسم الجديد وفي حالة تعاقده مع “كين” و”غريليتش”:

حراسة المرمى: إيدرسون

خط الدفاع: كانسيلو – ستونز – دياز – زيشنكو

خط الوسط: رودري – دي بروين – غريليتش

خط الهجوم: محرز – كين – فودين

زينب.ر",,104,2,0,credible,Sports News
source_86,credible,المشدد 5 سنوات لقاتل شقيقته في دار السلام,"قضت محكمة جنايات القاهرة المنعقدة بالتجمع الخامس، اليوم الاثنين، بمعاقبة قاتل شقيقته بالسجن المشدد 5 سنوات بسبب سوء سلوكها في دار السلام.



صدر الحكم برئاسة المستشار أبو بكر عوض الله وعضوية المستشارين مصطفي معوض وهشام الدرندلي ومحمد عمارة وأمانة سر محمد طه وتامر حماد.



كشف أمر الإحالة قيام المتهم كريم . ع بقتل شقيقته ""سعاد.ع"" عمدا مع سبق الإصرار بأن بيت النية وعقد العزم علي قتلها واعد لذلك نية خبيثة بازهاق روح شقيقته مخطط إجرامي بجلبه سلاح أبيض مطواة قرن غزال حتي جاءت التوقيت الملائم لتنفيذ ما ضمره في نفسه فأصطحبها الي منزل العائلة وفاجأها أثناء الحديث معه بطعنة استقرت في عنقها وبمحاولتها الفرار أمسك بها وأدخلها دورة المياة ثم أغلق عليها الباب من الخارج للتيقن من أنها لفظت أنفاسها الأخيرة فحقق ما ابتغاه وصمم على إزهاق روحها بإحداثه الإصابة التي أودت بحياتها.",,133,0,2,not credible,Government & Official Statements
source_56,not credible,المعارضة التركية تتحرك لإلغاء قرار أردوغان بشأن الانسحاب من “اتفاقية إسطنبول”,"أعلن حزب “الشعب الجمهوري” التركي المعارض، التحرك لإلغاء قرار الرئيس أردوغان بالانسحاب من اتفاقية إسطنبول، الخاصة بمكافحة العنف ضد المرأة.

وأضاف: “الرئيس أردوغان خالف الدستور”، فيما أجمعت اللجنة التنفيذية للحزب على أن “الانسحاب من اتفاقية دولية استنادا على مرسوم رئاسي يفتح المجال أمام مرحلة غير قانونية وغير حقوقية”.

وقرر المجلس التنفيذي للحزب التقدم بطلب إلى مجلس الدولة لإلغاء قرار الانسحاب من اتفاقية إسطنبول، إذ أن تركيا أول دولة صدقت على اتفاقية إسطنبول عام 2012.

من جانبها، أرجعت الحكومة التركية سبب الانسحاب من معاهدة اسطنبول الخاصة بحماية المرأة من العنف، إلى ما وصفته بـ”تلاعب بعض الأطراف بها لتطبيع المثلية الجنسية، بما يخالف القيم التركية”.

واتفاقية إسطنبول هي أول اتفاقية بالقانون الدولي تؤكد أن “العنف هو نتاج التمييز ضد المرأة وعدم المساواة بين المرأة والرجل”، وتعتبر أول اتفاقية تتضمن أربعة مناهج أساسية، ألا وهي “سياسات المنع والحماية والملاحقة القانونية والدعم، فيما يخص مواجهة العنف الجسدي والجنسي والاقتصادي والمعنوي وشتى صور العنف”.",,149,2,0,credible,Government & Official Statements
source_131,credible,"""كان مستخبي عند صاحبه في الدرب الأحمر"".. تفاصيل مأموريات ضبط متحرش المعادي وضحيته","المتهم بالتحرش بطفلة المعادي

كشفت تحريات الأمن في محضر ضبط المتهم بالتحرش بطفلة في المعادي، ""محمد ج. 38 سنة""، ويعمل في شركة خاصة لمجالات الأمن، أنه تخفى عدة ساعات رفقة صديق له بمنطقة الدرب الأحمر ويعمل ""فني تكييف"".

أشارت التحريات إلى أن المتهم هاتف صديقه بعد انتشار فيديوهات له التي بينت ارتكابه واقعة التحرش بطفلة في مدخل أحد العقارات قائلا له: ""جاي لك ضروري.. جهز لي مكان.. أنا متبهدل ومش عارف اتصرف أزاي"".

وذهب المتهم إلى منزله عقب ارتكاب الواقعة وبدل ملابسه، ثم هرب للمبيت عند صديقه عقب انتشار الفيديوهات بصورة كبيرة وطالبت عشرات الصفحات بضبطه وتقديمه للعدالة.

وتوصلت معلومات الأجهزة الأمنية التي عكفت على البحث عن المتهم وتتبعه إلى تخفيه بمنطقة الدرب الأحمر عند صديق له ويدعى ""مدحت س"" فني تكييف، 39 سنة.

وعقب صدور إذن من النيابة العامة بسرعة ضبط المتهم خرجت مأموريات أمنية من الأمن العام والمباحث الجنائية بالقاهرة ومباحث المعادي أسفرت عن ضبط المتهم وصديقه المتهم الثاني في القضية، وتم تقديمهما إلى جهات التحقيق لاستجوابهما في الواقعة.

كما خرجت مأموريات بالتزامن للبحث عن الطفلة الضحية توصلت إلى مكان أسرتها في أبوالنمرس بالجيزة وتم اقتيادها ووالدها إلى جهات التحقيق لسماع أقوالها.

وبيّنت تحقيقات القضية التي حملت رقم 1840 لسنة 2021 أن الفتاة تتسول في الميادين وتبيع المناديل رفقة 3 من أشقائها بعلم الأب الذي يعمل ""سايس"" سيارات، وبه إعاقة جسدية ""أبكم"".

وكشفت التحقيقات الأولية مع الطفلة الضحية والمتهم ""محمد ج""، ويعمل في شركة مقاولات خاصة، أنه حاول الاعتداء أكثر من مرة على الطفلة في أوقات سابقة ""كان بيشوفها كل يوم وهو معدي في الإشارة وحاول الاعتداء عليها قبل المرة الأخيرة"" لكنه لم يجد المكان المناسب.

وتابعت التحقيقات أن المتهم، اصطحب الفتاة إلى مدخل أحد العقارات الأخرى ودلف بها إلى الأسانسير للتحرش بها لكنه اكتشف وجود بعض الأهالي فخرج دون إكمال رغبته ""حاول ياخدها ويعتدي عليها جنسيا لكن وجود مارة وأهالي منعه من تنفيذ رغبته"".

وتوصلت التحقيقات إلى أن المتهم اصطحب الفتاة إلى أكثر من عقار قبل دخوله العقار الأخير مقر الواقعة والذي ظن أنه مهجورا ولم ينتبه إلى وجود كاميرات مراقبة خاصة بمعمل تحاليل فضحت أمره عقب ذلك عن طريق اكتشاف موظفة المعمل ""أنجي أسامه"" للواقعة وأنها هي من رفضت فعلته ونهرته قبل هروبه.

وفجرت التحقيقات مفاجأة في الواقعة وهي أن هذه لم تكن المرة الأولى التي يتحرش فيها المتهم بطفلة حيث أنه ""دائم"" التحرش بالأطفال.

وأوضح مصدر مطلع على سير التحقيقات وجود متهم ثاني في القضية يدعى ""مدحت س"" فني تكييف هو من قام بالتخفي عنده المتهم بالتحرش ""محمد ج"" 38 سنة والذي يعمل في أحد الشركات المقاولات الخاصة.

وقالت النيابة العامة، في بيان لها أمس، إن ""وحدة الرصد والتحليل بإدارة البيان بمكتب النائب العام""، رصدت تداول مقطع فيديو لتعدي شخص على طفلة في مدخل أحد العقارات بحي المعادي بالقاهرة، صوّرته إحدى آلات المراقبة المثبتة به، وبعرض الأمر على ""السيد المستشار النائب العام"" أمر بالتحقيق العاجل في الواقعة.

وتواصلت ""النيابة العامة"" مع صاحبة المنشور المتداول واستدعتها لسؤالها، فشهدت برؤيتها عبر شاشات المراقبة المثبتة بالمعمل الطبي محل عملها بالعقار محل الواقعة تعديَ المتهم على الطفلة باستطالته إلى مواضع عفة من جسدها، فخرجت لمنعه من مواصلة تعديه عليها، فلما رآها ترك الطفلة التي هربت منه، وواجهته بما فعل وبرصد آلات المراقبة الواقعة، فبادر بالانصراف، وقد أدلت مرافقة للشاهدة بذات مضمون أقوالها.

و كلفت ""النيابة العامة"" ""خط نجدة الطفل"" باتخاذ اللازم قانونًا حيال الواقعة، وطلبت تحريات الشرطة حولها، وتحديد شخصي المتهم والمجني عليها، فتمكنت من تحديدهما، وعلى ذلك أذنت ""النيابة العامة"" بضبط المتهم لاستجوابه، فتم ضبطه وجارٍ استكمال التحقيقات.

وكشفت تحريات الأجهزة الأمنية في واقعة التحرش بطفلة في مدخل أحد العقارات بمنطقة المعادي أن الطفلة تدعى""يارا"" ٨ سنوات، وأنها تعمل بائعة مناديل في ميدان الحرية بالمعادي، مع والدتها وأن والدها يعمل سايس سيارات ولديها 3 اشقاء.

وتوصلت الأجهزة الأمنية بوزارة الداخلية للطفلة ضحية التحرش بميدان الحرية بالمعادي على يد شاب حاول هتك عرضها، في مدخل أحد العقارات، لكن كاميرات المراقبة الخاصة بمعمل تحاليل رصدته وقامت موظفة بالمعمل بالتشاجر معه ما دفعه للهرب حتى ضبطته أجهزة الأمن بوزارة الداخلية.",,629,0,1,undecided,Source-Specific Artifacts / Boilerplate
source_53,not credible,تطلعات لإقامة سباق “فورمولا إي” للسيارات الكهربائية في برلين,"برلين – (د ب أ):

يرغب منظمو بطولة “فورمولا إي” للسيارات الكهربائية في إقامة إحدى مراحل البطولة في برلين ولديهم “ثقة بالغة” في إمكانية إقامة السباق في العاصمة الألمانية بالفعل.

وقال جيمي ريجلي المدير الإداري لـ “فورمولا إي” خلال مؤتمر صحفي أمس الاثنين، على هامش السباق الافتتاحي للموسم مساء الجمعة المقبل في الدرعية بالمملكة العربية السعودية “واثقون للغاية من أننا سنتسابق في برلين”.

وأكد ريجلي أن ألمانيا “سوق مهم” لـ “فورمولا إي” حتى الآن وسط جائحة كورونا ، علما بأن الموسم جرى التخطيط له حتى يونيو المقبل دون أن يشمل مرحلة ثابتة في برلين.

وسيكون هذا الموسم السابع لسلسلة سباقات السيارات الكهربائية.

وفي الموسم الماضي استضافت برلين ستة سباقات لإنهاء الموسم في أغسطس في مطار تمبلهوف سابقًا، في ثلاث مسارات مختلفة بعد تنقيح أجندة المنافسات نتيجة جائحة كورونا.",,128,2,0,credible,Source-Specific Artifacts / Boilerplate
source_82,undecided,حديث سري بين سليماني ومُدربه يفتح له الأبواب في ليون — النهار أونلاين,"كشفت جريدة “ليكيب” الفرنسية، بأن الدولي الجزائري إسلام سليماني، كان يعلم منذ أول يوم له في ليون، بأنه سيكون “جوكر”، لا أكثر ولا أقل.

وأوضحت الصحيفة، عن حديث سري دار بين “سوبر سليم” ومدربه رودي غارسيا، كان سببا في فتح الأبواب له مع “لوال”.

وأشار ذات المصدر، بأن الرجل الأول في الطاقم الفني لـ”لوال”، كان صريحا مع رأس الحربة المُخضرم من البداية.

وأكد إبن عين البنيان، من جهته لمدربه بأنه مُستعد لرفع التحدي، بشرط أن تكون المُنافسة شريفة بين المُهاجمين.",,80,1,0,credible,Source-Specific Artifacts / Boilerplate
source_117,credible,دارفور: توقف القتال بين قبائل عربية وقبائل المساليت وحصيلة القتلى تبلغ 87,"قال السكان إن هدوءا حذرا بالتوتر ساد عاصمة ولاية غرب دارفور السودانية يوم الأربعاء 7 أبريل نيسان 2021 بعد قتال دام خمسة أيام بين قبائل عربية وقبائل المساليت وأسفر عن مقتل العشرات.

إعلان اقرأ المزيد

وذكرت لجنة أطباء ولاية غرب دارفور أن 87 شخصا قُتلوا وأُصيب 191 منذ يوم السبت في القتال الذي اندلع في مدينة الجنينة. وهذا القتال هو تجدد لعنف تضمن اشتباكات أسفرت عن سقوط قتلى في وقت سابق هذا العام وفي 2019 في ظل تدهور الأمن في أنحاء دارفور.

وقال السكان لرويترز إن الشوارع أصبحت أهدأ أخيرا، حيث انتشرت القوات الحكومية لأول مرة منذ دعوة لفرض حالة الطوارئ يوم الاثنين. وسجلت المستشفيات دخول عدد أقل من الإصابات الجديدة.

لكن الوضع الإنساني في المدينة لا يزال خطيرا حيث ظل ألوف في الشوارع في حاجة لمأوى بعد حرق مخيم للنازحين خلال القتال.

وقال طبيب طلب عدم ذكر اسمه ""الناس دي فترت (تعبت) بس والله""، في إشارة للمقاتلين، وأضاف ""أو استراحة محارب زي ما قالوا"".

وأعلنت لجنة أطباء ولاية غرب دارفور تعرض المستشفيات والمسعفين لهجوم خلال القتال، وأن إمدادات الكهرباء والمياه في المدينة مقطوعة.

وقالت الأمم المتحدة يوم الثلاثاء إن كل المساعدات الإنسانية توفقت بما في ذلك المقدمة لأكثر من 100 ألف من الفارين من القتال الذي اندلع في يناير كانون الثاني 2021.

الرسالة الإخباريةأبرز الأحداث الدولية صباح كل يوم اشترك",,211,0,2,not credible,Source-Specific Artifacts / Boilerplate
source_86,credible,95 مليون جنيه تعويضات لأصحاب العقارات لتنفيذ مخطط محور عدلي منصور حتى الآن,"• مصدر بمحافظة القاهرة: الانتهاء من إزالة 206 عقارات لتنفيذ مخطط توسعة الدائري بحي البساتين

قال رئيس حي المطرية، حسام لبيب، إنه تم صرف 95 مليون جنيه تعويضات لأصحاب العقارات التي تم إزالتها في إطار الحي لتنفيذ مخطط محورعدلي منصور الجديد حتى الآن، من إجمالي 248 مليون جنيه قيمة مرصودة لتعويض كل أصحاب العقارات المقرر إزالتها.

وأضاف لبيب، لـ""الشروق""، أن المحور يهدف إلى ربط شارع المشروع بشارع وسط البلد، ومنه إلى ميدان رنين، إذ يبدأ من محطة المنوريل ""عدلي منصور""، ثم يصل إلى ميدان رنين بالمطرية، ومن شارع المشروع حتى شارع وسط البلد، لينتهي عند منطقة المسلة، ومنها إلى طريق بنها الحر.

وأشار إلى الانتهاء من إزالة 31 عقارًا حتى الآن بنطاق حيا بالمطرية، حتى سطح الأرض بواسطة الجهات المعنية من إجمالي 159 عقارًا مقرر إزالتهم، متعارضين مع مخطط تنفيذ المحور للقضاء على المشكلات المرورية بشرق القاهرة، موضحًا أنه لم تتم إزالة أي عقارا من المنطقة إلا عقب تعويض قاطنيها ماليًا من خلال حسابتهم البنكية بطريقة مباشرة وآمنة، ليقوم صاحب الوحدة بإخلاء متعلقاته ثم تبدأ عملية الإزالة.

ولفت إلى أن قيمة التعويضات المالية تم تحديدها على أن يكون 3300 جنيه للمتر الواحد فى الوحدة السكنية، و10 آلاف جنيه لمتر فى المحال التجارية، بينما تبلغ قيمة تعويض المتر فى الأرض الفضاء 10 آلاف و600 جنيه.

ونوه بأنه جار إزالة 7 أبراج مرتفعة الفترة الحالية، حيث يتم عملية الإزالة دور تلو الآخر، حفاظًا على أرواح عمال الحى والجهات المختصة بالتأمين المتواجد بمحيط العقارات الجارى إزالتها، مؤكدًا حرص الدولة على حصول المتضررين على تعويضاتهم المالية أولاً قبل خروجهم من منازلهم والبدء في إزالة مسكنهم.

وقال إن هناك توجيهات مؤخرًا بتطوير شارع عمر المختار، متابعا: ""سيتم عمل كوبري لعدم التقاطعات مع شارع الترولي ليكون محور رئيسي""، مشيرًا إلى أن كل شارع سيكون على حدة دون تقاطعات، والذي سيساعد في تسهيل الحركة المرورية بالشوارع، وإزالة أي تعارضات تعيق حركة المارة.

وأشار إلى أن الجهات المختصة بدأت وضع قواعد كوبري عمر المختار، علاوة على تطوير شارع الترولي بطول 4 كيلومترات، بداية من شارع المشروع وصولا إلى شارع الكابلات، قائلًا: ""جاري تعديل البنية التحتية لشارع الترولي من كهرباء ومياه وصرف صحي وغاز طبيعي"".

وفي حي البساتين، كشف مصدر مسئول بمحافظة القاهرة، عن أنه تم تعويض جميع قاطني العقارات التي تم إزالتها في إطار مخطط توسعة الدائري، من خلال وزارة المالية وبالتنسيق مع وزارة النقل، موضحًا أنه لم يتبق إلا 22 عقارًا جاري تعويض قاطنيها ليتم إزالتهم.

وأضاف المصدر، لـ""الشروق""، أنه تم الانتهاء من إزالة 206 عقارات حتى الآن سواء بمنطقة بير أم سلطان أو منطقة النصر في امتداد شارع الجزائر، ومتبقي فقط 22 عقارًا آخرين جاري إزالتهم، ليكون إجمالي العقارات المقرر إزالتها 228 عقارًا، ما لم تحتاج التوسعة إلى مساحة أخرى بناء على طلب وزارة النقل.

وأوضح أن إجمالي عدد الأسر التي تم تعويضها حتى الآن بلغ 575 أسرة، علاوة على تعويض أصحاب 94 محلًا، و67 ورشة، و42 مخزنًا.",,452,0,1,undecided,Government & Official Statements
source_100,credible,محاولة تهريب 7 قطع من كسوة الكعبة المشرفة,"رابط مختصر:

رام الله - دنيا الوطن

ذكرت وسائل إعلام سعودية، أن سلطات الأمن في مكة المكرمة قبضت على آسيويين تورطا في ""حيازة 7 قطع من قماش ثوب الكعبة المشرفة"".



وأكدت صحيفة ""الوطن"" السعودية، أن القطع السبع من كسوة الكعبة ضبطت ""أثناء شحنها للخارج من خلال فرع البريد السعودي بحي الششة بمكة المكرمة"".



وقالت الصحيفة: إن ""الجهات الأمنية، تمكنت من الإطاحة بالمقيمين الآسيويين وهما من الجنسية الباكستانية، أثناء تواجدهما في فرع البريد السعودي بحي الششة""، مبينة أن المتهمين ""بعد التحقيق معهما، أوضحا بأنهما قاما بشرائها من أحد الباعة في شارع الستين"".



وأوضحت أن المتهمين الاثنين ""قاما بشراء القماش بمبلغ 300 ريال، من شخص هندي دون سابق معرفة""، مشيرا إلى أن المتهمين جرى تسليمهما إلى ""شرطة القرارة بمكة المكرمة للتحقيق معهما، والتي أحالتهما للنيابة العامة لاستكمال الإجراءات النظامية"".",,127,0,1,undecided,Crime & Accidents
source_55,credible,اداء قاصدو المسجد النبوى آخر صلاة جمعة فى رمضان المبارك,"أدى قاصدى المسجد النبوى، اليوم، آخر صلاة جمعة فى شهر رمضان المبارك فى أجواء روحانية ونفوس مطمئنة مفعمة بالإيمان، شاكرين الله عز وجل على ما أنعم عليهم من نعمة الأمن والأمان والراحة والاستقرار، سائلين الله عز وجل أن يرفع هذا الوباء عن المسلمين في مشارق الأرض ومغاربها، وفق وكالة الأنباء السعودية واس.

ووفرت وكالة الرئاسة العامة لشؤون المسجد النبوي كامل العناية والاهتمام من خلال الإجراءات الوقائية لجميع المواقع في المسجد ومرافقه بالتنسيق مع مختلف الإدارات والجهات ذات العلاقة، بالإضافة إلى نقاط فرز للتأكد من أهلية المصلين وحصولهم على المتطلبات اللازمة.",,90,0,1,undecided,Source-Specific Artifacts / Boilerplate
source_134,credible,الامن يمنع المتظاهرين من دخول ساحة باردو.. وموسي تقتحم الحاجز الأمني,"وصلت مسيرة أنصار الحزب الدستوري الحر مدخل ساحة باردو، ومنع الامن دخول المتظاهرين إلى الساحة قبالة المجلس، فيما رفع المحتدون شعارات تطالب بحل البرلمان، حسب مبعوث موزاييك الحبيب وذّان

واقتحمت رئيسة الحزب الدستوري الحر عبير موسي الحاجز البشري الامني ودخلت الساحة.

وأكّدت مصادر أمنية لمبعوث موزاييك أنّ ترخيص المسيرة لا يشمل الساحة‎.



وكان انصار الحزب قد توافدوا منذ الصباح، إلى شارع 20 مارس بباردو، أين انطلقت مسيرة نحو محيط البرلمان وذلك للمطالبة بـ''تحرير البرلمان من دكتاتورية الاخوان''، وفق شعار المسيرة.",,80,0,2,not credible,Government & Official Statements
source_15,credible,لقاء تاريخي بين البابا فرنسيس والمرجع الديني الأعلى لشيعة العراق,"النجف ( جنوب العراق ) – الناس نيوز :

الصورة : البابا فرنسيس بابا الفاتيكان خلال اجتماعه مع المرجع الديني الأعلى للشيعة في العراق آية الله العظمى علي السيستاني في مدينة النجف بجنوب العراق يوم السبت. صورة لرويترز. reuters_tickers

عقد البابا فرنسيس لقاء تاريخيا مع المرجع الديني الأعلى للشيعة في العراق آية الله العظمى علي السيستاني يوم السبت، في لفتة قوية تدعو للتعايش السلمي في أرض عصفت بها الطائفية والعنف.

يأتي الاجتماع بين البابا والسيستاني في مدينة النجف المقدسة بجنوب العراق في إطار جولة بابوية سريعة ومحفوفة بالمخاطر في العراق، وهي المرة الأولى التي يلتقي فيها بابا للفاتيكان بمرجع شيعي أعلى.

وبعد الاجتماع، دعا السيستاني، أحد أهم الشخصيات في المذهب الشيعي، القيادات الدينية إلى محاسبة القوى العظمى وتغليب العقل والحكمة على لغة الحرب. وفق رويترز .

ودعا البابا أيضا الطوائف الدينية للعمل معا.

وقال الفاتيكان في بيان بعد الاجتماع الذي استمر حوالي 45 دقيقة “أكد (البابا) على أهمية التعاون والصداقة بين الطوائف الدينية حتى يمكننا المساهمة من أجل صالح العراق والمنطقة عن طريق تشجيع الاحترام المتبادل والحوار”.

وسبق أن زار البابا (84 عاما) دولا يغلب المسلمون على سكانها مثل تركيا والأردن ومصر وبنجلادش وأذربيجان والإمارات والأراضي الفلسطينية ودعا خلال هذه الزيارات إلى الحوار بين الأديان.

وقال السيستاني في بيان إنه أشار إلى “الدور الذي ينبغي أن تقوم به الزعامات الدينية والروحية الكبيرة في الحد من هذه المآسي، وما هو المؤمل منها من حثّ الأطراف المعنيّة، ولا سيما في القوى العظمى، على تغليب جانب العقل والحكمة ونبذ لغة الحرب وعدم التوسع في رعاية مصالحهم الذاتية على حساب حقوق الشعوب في العيش بحرية وكرامة” مؤكدا اهتمامه بأن يعيش المسيحيون كسائر العراقيين في أمن وسلام.

وعُقد الاجتماع في منزل السيستاني المتواضع الذي يستأجره منذ عقود والذي يقع في حارة ضيقة بمدينة النجف قرب مرقد الإمام علي ذي القبة الذهبية.

وكشف مسؤول في الفاتيكان عن صورة يظهر فيها السيستاني (90 عاما) بثيابه السوداء وعمامته التقليدية جالسا أمام فرنسيس بردائه الأبيض.

وتوجه البابا بعد ذلك إلى أطلال مدينة أور الأثرية مسقط رأس النبي إبراهيم بجنوب العراق. ومن المقرر أن يلقي كلمة خلال اجتماع ديني.

وبعد عودته جوا إلى بغداد، من المتوقع أن يقود البابا قداسا في كاتدرائية القديس يوسف للكلدان.

* رجل دين بارز

والسيستاني أحد أهم الشخصيات في المذهب الشيعي سواء في العراق أو خارجه ويحظى بمكانة رفيعة للغاية وسط الملايين من أتباعه الشيعة وتدخل خلال منعطفات مهمة مع معاناة العراق من أزمة تلو الأخرى.

وجعلت فتاواه العراقيين يشاركون في انتخابات حرة للمرة الأولى عام 2005 كما شارك بفضلها مئات الآلاف في قتال تنظيم الدولة الإسلامية عام 2014 وأطاحت أيضا بحكومة عراقية تحت ضغط الاحتجاجات الحاشدة عام 2019.

ونادرا ما يظهر السيستاني في العلن أو يعقد الاجتماعات. ورفض إجراء محادثات مع رئيس الوزراء العراقي الحالي ورؤساء وزراء سابقين حسبما قال مسؤولون مقربون منه. وقال مصدر في مكتب الرئيس إن السيستاني وافق على لقاء البابا بشرط ألا يحضر أي مسؤول عراقي الاجتماع.

وبدأ البابا زيارته للعراق يوم الجمعة وسط إجراءات أمنية هي الأكثر صرامة خلال أي زيارة بابوية. ونشر العراق آلافا من أفراد قوات الأمن لحماية البابا أثناء الزيارة التي تأتي بعد سلسلة من الهجمات الصاروخية والتفجيرات الانتحارية وزيادة في عدد الإصابات بكوفيد-19.

وقال البابا إن زيارته تهدف إلى التعبير عن التضامن مع الطائفة المسيحية في العراق والتي أصبحت تضم حوالي 300 ألف شخص أي خُمس عدد أفرادها قبل الغزو الأمريكي عام 2003 وعنف الإسلاميين المتشددين الذي أعقب الغزو.

وتحسن الوضع الأمني في العراق منذ هزيمة تنظيم الدولة الإسلامية في عام 2017، لكن البلاد لا تزال مسرحا لتصفية حسابات دولية وإقليمية، لا سيما التنافس المرير بين الولايات المتحدة وإيران في الأراضي العراقية.

وبعد وصوله للعراق، وجه البابا دعوة للعراقيين لمنح صناع السلام فرصة وذلك خلال اجتماع مع مسؤولين عراقيين ودبلوماسيين في القصر الرئاسي.

وكان البابا السابق يوحنا بولس الثاني على وشك زيارة العراق لكنه اضطر لإلغاء زيارة مزمعة عام 2000 بعد انهيار محادثات مع حكومة صدام حسين.",,612,0,2,not credible,Source-Specific Artifacts / Boilerplate
source_53,not credible,طرائف كذب الإذاعة على المستمعين..مؤثرات صوتية بـ”الجردل والخرزانة وحمص الشام”,"Adver1

قديماً وقبل التطور التكنولوجى كانت الإذاعة تستخدم وسائل بدائية فى صنع المؤثرات الصوتية المصاحبة للأعمال الإذاعية، وكانت هذه الوسائل مضحكة وطريفة إلى حد كبير. المصدر:اليوم السابعطرائف كذب الإذاعة على المستمعين..مؤثرات صوتية بـ""الجردل والخرزانة وحمص الشام""المصدر اليوم السابع",,38,2,1,undecided,General/Other Ambiguous Context
source_100,credible,النخالة: دخول الجهاد الإسلامي منظمة التحرير مرهونًا بحوارات القاهرة,"زياد النخالة الأمين العام لحركة الجهاد الإسلامي

رابط مختصر:

رام الله - دنيا الوطن

أكد زياد النخالة، الأمين العام لحركة الجهاد الإسلامي في فلسطين اليوم الخميس، أن دخول حركة الجهاد الإسلامي منظمة التحرير، في ظل الوضع الحالي للمنظمة التي تحكمها سياسة الاعتراف بالاحتلال دون مقابل، سيكون محكومًا لطبيعة الحوارات التي ستجرى في القاهرة بعد أيام قليلة.



وأعرب النخالة، خلال كلمة له في المؤتمر الشعبي الذي نظمته حركة الجهاد الإسلامي بعنوان ""قدسنا لا أورشليم"" بمناسبة ذكرى الإسراء والمعراج، عن أمله في التوصل إلى اتفاق وطني شامل، يجعل من منظمة التحرير الفلسطينية مرة أخرى قائدة للمشروع الوطني الفلسطيني.



وقال النخالة: ""إن إجراء انتخابات جديدة، دون رؤية وطنية، وبرنامج سياسي واضح، ستأخذنا هذه الانتخابات حتمًا إلى مفاوضات جديدة مع العدو، في ظل خلل كبير في موازين القوى، أسوأ من أي وقت مضى.""



وأضاف النخالة: ""نحن ندرك أننا نحارب في ظل اختلال ميزان قوى استراتيجي لصالح العدو، ولكن يجب ألا يجعلنا هذا نستسلم، ونتخلى عن مسؤوليتنا، ونقبل باحتلال أرضنا ومقدساتنا وتشريد شعبنا.""



وقال النخالة: ""إن رفض الاعتراف بشرعية العدو الصهيوني، وعدم التنازل عن حقنا في فلسطين، هي الأسس التي نراها ركيزة للوحدة الوطنية، والتي يمكنها فقط أن تأخذنا إلى إطار جامع، كمنظمة التحرير الفلسطينية.



وتابع النخالة: ""نحن لا نريد إعادة التجربة مرة أخرى، والوقوع ضحايا الذين يعتقدون أنه لا خيار أمامنا إلا بالتكيف والمداراة، وأنه لا بد من المرونة، وتقديم الصيغ الكفيلة لتقبل بنا المعادلة الدولية والإقليمية.""



واضاف :""لقد أضاعوا سنوات من المفاوضات، عندما كانت موازين القوى أفضل. فماذا تعطينا موازين القوى الدولية والعربية الآن، في ظل اعتراف مسبق بالعدو دون أدنى مقابل؟!



وأوضح النخالة، أن السلطة تريد اليوم أن تذهب إلى الانتخابات، لتجديد شرعيتها على نفس الأسس التي قامت عليها، وقد اختلفت الحركة معها في حينه.



وقال النخالة: ""أي عار سيلحق بشعبنا وأمتنا، ونحن نقبل بالقدس وفلسطين تحت الاحتلال الصهيوني. فلنجدد العزم، ونشحذ الهمم، ونلتف حول المقاومة، فالمستقبل لنا إن شاء الله"".",,299,0,1,undecided,Source-Specific Artifacts / Boilerplate
source_108,credible,الدواء.. نضوب الإمداد.. تجمّع الصيادلة: ١٠٠ مليون يورو مديونية الإمدادات وفجوة في ١١٢٠ صنفاً,"التجمع: سعر بخاخ الأزمة ٤ ـــ ٥ آلاف جنيه في السوق السوداء

تسييرية شعبة ملاك الصيدليات: إحجام قرابة الـ٦٠٠ شركة دواء عن الاستيراد وإفلاس صيدليات ونتوقع زيادات بنسبة ٢٠٠ %

تسييرية اتحاد الصيادلة تتهم مجلس الوزراء بتعطيل الاتفاقيات المُبرمة لحل مشاكل الدواء.

تحقيق: إبتسام حسن

مشكلة الدواء ظلت أزمة متجددة منذ عهد الحكومة السابقة، ومنذ ارتفاع سعر الصرف، إذ تحول سعر صرف الدواء من ١٨ جنيهاً إلى ٥٥ جنيهاً وتفاقمت المشكلة بعد قرار تعويم الجنيه السوداني وتحرك سعر صرف عملة الدواء من ٥٥ جنيهاً إلى ٣٧٥ جنيهاً وبعد هذه الخطوة مباشرة أحجمت شركات الدواء من استيراد الأدوية كما أن مديونيات الإمدادات الطبية وصلت إلى أكثر من ١٠٠ مليون يورو حسب إحصائيات غير رسمية، وظل الوضع يتفاقم تحت مسمع ومرأى الحكومة، وهى تغض الطرف عن كل ذلك الأمر الذي أدى إلى إفلاس المواطن بحثاً عن أدوية نضبت من الصيدليات والبحث عنها خارج البلاد، وظلت الجهات المختصة تجأر بالشكوى من صيدليات وشركات أدوية وغيرها مؤكدين أن الدواء لا تضعه الحكومة ضمن أولوياتها .

بحث مُضنٍ

“تجاوزنا مشكلة ارتفاع سعر الدواء وظل همنا أن نجده… أنا ترددت بهذه الوصفة الطبية على أكثر من ٤ صيدليات ولم أجد الدواء الذي وُصف لي”.. هذا المريض ياسر بلال متحدثاً لـ(الصيحة)، وأكمل حديثه قائلاً: أنا أبحث عن إبر سعر الواحدة منها ٧٥٠ ألفاً مفروض أتناول ٥ إبر لعلاج التهاب فقط، وبعد أن وفرت قيمتها لم أجدها بالصيدليات .

أما يحيى حسن فيقول للصحيفة: الدواء أصبح منعدماً تماماً، فأنا مثلاً أبحث قبل أكثر من شهر عن حبوب بواسير بقيمة ٢.٥ الف جنيه لم أجده .

توصية

علي حسين يقول: أنا من منطقة الجيلي ونسبة لبعد المسافة عن الصيدليات في الخرطوم بحري يقوم مجموعة من سكان المنطقة بتوصيتي أن أحضر لهم دواء، والآن أنا أبحث من الصبح حتى الظهر ونسبة ٨٠ـــ٩٠% من الأدوية لم أجدها، وحتى ما وجدته من أدوية غالية السعر وبعض الأدوية وجدتها متضاعفة ثلاث مرات…

أما فدوى مصطفى فأكدت أن ارتفاع الدواء وصل نسبة 600%، وقالت إن حبوب البندول ترواحت أسعارها في الصيدليات بين 30ــ٤٠ جنيهاً، وقالت أنا أبحث عن دواء بسيط تنقلت على عدد كبير من الصيدليات لم أجده، وفي كثير من الأحيان نضطر أن نرسل إلى الأهل في مصر لإرسال أصناف من الأدوية غير متوفرة بالسودان، وأضافت: حتى عندما تجد دواء تجده لسركات بديلة والطبيب لا ينصح بتناوله .

ندرة

أكدت الصيدلانية د. ريان أنس أن عدداً من شركات الأدوية أوقفت تسعير الدواء خوفاً من الخسارة بعد قرار تعويم الجنيه، ما أحدث ندرة، منوهة في تصريح لـ(الصيحة) إلى أن عدداً من الشركات توقفت عن العمل، وقالت حتى الشركات التي استأنفت العمل رجعت وأحجمت بسبب تعويم الجنيه.

إحجام شركات وإفلاس

كشفت اللجنة التسييرية لشعبة ملاك الصيدليات ولاية الخرطوم عن إحجام قرابة الـ٦٠٠ شركة دواء عن استيراد الأدوية لمدة أسبوعين مضت، معلنة عن إفلاس عدد من الصيدليات، فضلًا عن توقف عدد وصفته بالكثير من الصيدليات عن العمل قبل إعلان الإضراب المتوقع خلال يومين بسبب انعدام الدواء ووضع الصيدليات الذي قالت إنه متهالك .

وتوقع نائب رئيس اللجنة د. أنس الحسين في تصريح لـ (الصيحة) ارتفاع أسعار الدواء بنسبة ١٥٠ـــ ٢٠٠% في أعقاب رفع سعر دولار الدواء من 55 جنيهاً إلى 120 جنيهاً، وأكد تسبب انعدام الأدوية المنقذة للحياة في وفيات، مشيراً إلى انعدام أدوية الأمراض المزمنة وأمراض القلب والكبد والمحاليل الوريدية، وأكد وجود ربكة في صنع القرارات الخاصة بالدواء، وشدد على أن أرفف الصيدليات خلت من الدواء، ووصف نظرة الحكومة تجاه الدواء بالنظرة التجارية.

وقال أنس إن إدارة الرقابة على الدواء تفرض على الصيدليات ١٠ آلاف على الصنف الواحد، مؤكداً وجود تهميش وتعامل تجاري مع الصيدليات. وقال إن الصيدليات تصرف على رسوم عداد الكهرباء فقط دون الإمداد ٤ آلاف شهرياً، فضلاً عن المياه والإيجار، واستنكر حديث الجهات الحكومية وقولها إنها تدعم دولار الدواء عبر محفظة السلع الاستهلاكية، ونادى بضرورة إغلاق شركات الأدوية التي تحجم عن الاستيراد، إذا صح الحديث عن الدعم.

واعتبر أنس خطوات وزير الصحة الاتحادية بزيارته إلى الصندوق القومي الإمدادات الطبية والمجلس القومي الأدوية والسموم بأنها خطوات غير إيجابية، واستشهد على ذلك بانعدام الدواء من أرفف الصيدليات، ووصف الوضع بغير المطمئن، وقال: الآن أكثر من أسبوعين بعد القرارات الاقتصادية الجديدة لم يصدر مجلس الأدوية والسموم أي تسعيرة جديدة، وقال: حالياً الناس بتموت بسبب انعدام الأدوية المنقذة الحياة، مشيرًا أن المريض يمر على ٦٨ شارعاً بحثاً عن الدواء .

إضراب مؤجل

وقال د. إنس إن شعبته لم تعلن الإضراب في انتظار مساعٍ لحل المشكل عبر تحركات تتم بالتواصل مع الجهات الحكومية، وقال: هناك ردود من بعضها، وقال إن الشعبة لم تعلن الإضراب لأنها لا تريد أن تدخل المواطن في معاناة أكبر، مشيراً إلى أن هناك عدم تقدير لأصحاب الصيدليات رغم أن الصيدليات هي الجهة الوحيدة التي كانت تعمل خلال فترة الإغلاق بسبب كورونا رغم توقف الأطباء عن العمل، وأضاف: هناك تهميش حاصل، ونوه إلى أن المريض في حال تعسره مالياً لا يلجأ إلى الطبيب بل يلجأ إلى الصيدلي .

فجوة الإمدادات

شدّد عضو تجمع الصيادلة د. عوض عبد المنعم على خلو أرفف الصيدليات من الدواء، وقال إن أغلب الصيدليات مغلقة، ويوكد عوض أن خطوة المعالجات الاقتصادية لم تعقبها توجيهات للمجلس القومي الأدوية والسموم، وقال إن الإمدادات الطبية أوقفت الإمداد بعد أن بلغت مديونيتها أكثر ١٠٠ مليون يورو، وقال إن الفجوة كبيرة في أدوية الإمدادات الطبية، إذ أن المتوفر ٦٥٠ صنفاً من ضمن ١٧٧٠ صنفاً، وأكد أن مشكلة الدواء تحتاج إلى حل جذري لتسعير دولار الدواء، وقال: ما يحدث من حلول لا تعدو كونها إطفاء حرائق فقط، منوهاً إلى أن جمهورية السودان لم تدفع بحلول سوى توفير ٦٠ مليون دولار لمحفظة السلع الاستهلاكية، منوهاً إلى أن المحفظة كانت تعمل على أساس أن سعر الدولار ٢٢٠ جنيهاً والآن تحرك إلى ٣٧٥ جنيهاً، وقال إن المحفظة كانت تتحمل فرق السعر عندما كان معقولاً، غير أن الآن الفارق كبير، مستنكراً أن الدولة لا تضع الدواء ضمن أولوياتها، مشيراً إلى أن المواطن أصبح يلجأ إلى السوق السوداء، وقال: لا يعقل أن يشتري المريض بخاخ أزمة بسعر يتراوح بين ٤ــ٥ آلاف جنيه، وقال إن السوق السوداء لا تجلب أدوية ذات مأمونية صحية، ولا يستطيع المريض أن يجزم بكيفية الترحيل ودرجة البرودة وطريقة حفظ الدواء الذي يأتي عبر السوق السوداء، وأكد ظهور قروبات واتساب تنشط فيها فتيات يروجن أدوية وكريمات، مستهجناً عدم وجود رقابة بسبب انعدام الإمكانيات وعدم توفر العربات والموظفين، ووصف ما يحدث في سوق الدواء بالتسويق عبر الواتساب، وأكد أن مثله مثل الطماطم، وشدد على أن الجهات المتأثرة استنفدت كل الخطوات التصعيدية من مذكرات ووقفات احتجاجية وإضراب دون فائدة .

مقترحات حلول

رفضت اللجنة التسييرية للاتحاد العام للصيادلة السودانيين أي خطوة حل في الأفق تفرض سعر الدولار بـ١٠٠ جنيه، واعتبرتها خطوة منقوصة، ودعت الحكومة لضرورة وضع الدواء ضمن أولوياتها، مطالبة بتقليل فجوة الدواء.

ودعا رئيس اللجنة د. بهاء الدين عبد الرحيم الحاج في تصريح لـ (الصيحة)، لضرورة تحديد سعر دولار متفق عليه من كل الجهات، منها المجلس القومي للأدوية، وتجمع المصدرين والمصنعين شريطة أن تكون بدعم من حكومة مجلس الوزراء، واتهم الأخير بأنه عطل كل الاتفاقيات المبرمة من قبل في عهد عدد من وزراء الصحة، وعزا ذلك لعدم الالتزام من المجلس بدفع الاستحقاقات وعدم الصرف على الاتفاقيات، وأكد أن هناك مديونيات على المستوردين بلغت ٢٠ مليون جنيه، وقال أن القطاع العام يعاني من نقص في قائمة الأدوية الأساسية، وقال بهاء إن المواطن لجأ لبيع منزله لتوفير سعر الدواء، موضحًا أن الدواء أصبح من الأسباب المؤدية إلى إفقار المواطن، داعياً إلى ضرورة تشكيل لجنة لحل مشكلة الدواء تُضمّن فيها الجهات الحكومية والمجلس القومي للأدوية والصيدليات، وقال إن أكبر جهة متأثرة بارتفاع سعر دولار الدواء هو القطاع العام نفسه باعتباره أكبر قطاع مُشترٍ للدواء، داعياً لضرورة تركيز الإمدادات الطبية والمجلس على الأدوية الأساسية.

مساعٍ لتوفير الدواء

وكان وزير الصحة الاتحادي د. عمر النجيب، قد أعلن في وقت سابق عن مساعٍ لتوفير الدواء لستة أشهر قادمة، وتعهد الوزير بحل مشاكل الدواء بالبلاد وسداد المديونيات، وقال النجيب لدى زيارته للصندوق القومي للإمدادات الطبية، إن نتائج اجتماعات الوزراء بمجلس الوزراء أسفرت عن تأكيد مجانية العلاج، وقال: الآن يتم التخطيط لحل مشاكل الدواء لفترة الستة أشهر القادمة حتى تتمكن الوزارة من الحلول الجذرية لمشاكل الدواء.

وكشف عن اجتماع سيعقد مع وزارة المالية لبحث معالجة مشاكل الدواء ومديونية الإمدادات البالغة 70 مليون يورو، ووعد بتوفير الدعم اللازم للإمدادات الطبية لتلافي حدوث أي مشاكل أو نقص في الدواء.

من جانبه، أكد مدير عام الصندوق القومي للإمدادات الطبية د. بدر الدين الجزولي، وجود تحديات تواجه الصندوق، تتمثل في تراكم ديون ومتأخرات في وزارة المالية مما يؤثر على استدامة وفرة الأدوية بجانب ارتفاع سعر صرف الدولار، وتوفير النقد الأجنبي، وطالب بحل المديونيات وجدولتها عاجلًا.

إلى ذلك تفقد وزير الصحة مخازن الدواء وغرفة التحكم كما

وجه وزير الصحة الاتحادي د. عمر النجيب بتشكيل لجنة دائمة تشمل جميع الجهات ذات الصلة لتحديد أسعار أدوية الصناعة الوطنية والوصول إلى حلول مشتركة، وأكد لدى زيارة نفذها لمقر المجلس القومي للأدوية والسموم، أن برنامج الحكومة الآن هو توطين صناعة الدواء بالبلاد، ووجه بوضع خطة لتطوير الصناعة الوطنية، وأشار إلى أن المجلس يقوم بدور عظيم ومقدر في حماية الصحة العامة، ومسؤوليتنا في الوزارة المساعدة في أداء دوره وتفعيل العمل به.

من جانبها قدمت الأمين العام لمجلس الأدوية والسموم د. مناهل عبد الحليم تنويراً عن مهام واختصاصات عمل المجلس إلى جانب شرح مفصل عن كيفية تسعير الدواء.

إلى ذلك تفقد وزير الصحة الاتحادي لدى زيارته للمجلس عدداً من الإدارات للوقوف على سير العمل، وأكد على ضرورة المحافظة على بيئة العمل والتي تنعكس إيجاباً على أداء العاملين.

المصدر من هنا",,1472,0,1,undecided,Source-Specific Artifacts / Boilerplate
source_82,undecided,وزير المالية يطالب شركات التأمين بمعالجة ملفات التعويضات في أقل من 21 يوما — النهار أونلاين,"وجه وزير المالية أيمن بن عبد الرحمان اليوم تعليمة لمدراء شركات التأمين عن الاضرار تخص معالجة ملفات التعويضات.

شدد وزير المالية خلال هذه التعليمة على تقليص الاجال التي تطلبها معالجة ملفات طالبي التعويض إلى فترة لا تزيد عن 21 يوما.

كما طالب الوزير شركات التأمين بضرورة تقليص آجال الطعون التي ترفع ما بين شركات التأمين.

بالإضافة إلى العمل على ترقية نوعية الخدمة الموضوعة تحت تصرف الزبون.

سواء في الوكالات أوعبر مواقع شركات التأمين عبر الإنترنت وبصفة مستمرة.

كما شدد الوزير على ضرورة حرص شركات التأمين على توفير ضروف استقبال جيدة للزبائن.

وأشار الوزير في بداية التعليمة انها جاءت بعد تلقي مصالحه عددا كبيرا من الشكاوى.

والتي تصب كلها في خانة تأخر تعويض أصحابها من طرف شركات التأمين أومعالجة ملفاتهم.

instruction_assurances_fr",,120,1,0,credible,Source-Specific Artifacts / Boilerplate
source_100,credible,الرزاز: العالم يتغير لصالح فلسطين,"رام الله - دنيا الوطنقال رئيس الوزراء الأردني السابق عمر الرزاز إن الساحة الفلسطينية شهدت تحولا في مرحلة قصيرة جدا، وما يجري في مواقع التواصل الاجتماعي هو تغير للرأي العام العالمي، والأهم من ذلك هو تغير مواقف الحكومات وخاصة الأوروبية والأميركية.وأضاف الرزاز خلال ندوة للمركز الأردني حول حماية وحرية الصحفيين، اليوم الأحد، بحضور نقيب الصحفيين الفلسطينيين ناصر أبو بكر، إننا نخرج من مرحلة التسويف والتأويل بأن القضية الفلسطينية انتهت، وصفقة القرن هي السائدة، وهذا ما لعب به الأردن بقيادة الملك دورا أساسيا، بحسب الوكالة الفلسطينية الرسمية.وأشار إلى تقرير هيومن رايتس ووتش المكون من 214 صفحة، وعنوانه ""الدولة التي تجاوزت الحدود ودخلت مرحلة أبرتهايد بشكل صارخ، داعيا إلى قراءة التقرير بتمعن، لتشخيصه الحالة بشكل دقيق.وتابع الرزاز: ""هم لا يستخدمون تعبير ابرتهايد كما نستخدمه، بل هو موثق بقوانين وأنظمة ومعايير لدولة الاحتلال للاستيلاء على الأراضي الفلسطينية وتطهيرها من الفلسطينيين وتهجيرهم"".وأوضح ""بعد أن تم الانتهاء من مرحلة التوصيف دعا التقرير إلى اتخاذ إجراءات، ومنها تجميد الأصول والموجودات الإسرائيلية في دول العالم، وعدم تصدير السلاح لها، ومنع الاستثمار الاقتصادي المرتبط بالاستيطان والجرائم الإسرائيلية، وتشكيل منصب مبعوث الأمم المتحدة حول الفصل العنصري وممارساته، وتشكيل لجنة جرائم حرب تدرس موضوع التهجير والاستيلاء على الأراضي، ووقف الدعم الاقتصادي والعسكري لدولة الاحتلال"".وقال الرزاز ""أعتقد أننا في لحظة تاريخية علينا اقتناصها، وتجاوز مرحلة الإدانة والشجب الانفرادي، والذهاب باتجاه عمل على المستوى العربي والعالمي، أعتقد أن الوقت اصبح مناسبا جدا"".",,220,0,1,undecided,Government & Official Statements
source_121,undecided,اجتماع لمجلس الوزراء بعد قليل,"ينطلق بعد قليل اجتماع لمجلس الوزراء برئاسة سمو الشيخ صباح الخالد.



ومن المنتظر أن يستعرض الاجتماع عدة ملفات بارزة لاتخاذ قرارات بشأنها، وعلى رأسها تطبيق الحظر الجزئي في البلاد، كما أشارت «القبس» في عددها الصادر، اليوم الإثنين.",,37,1,2,not credible,Government & Official Statements
source_82,undecided,إصابات كورونا تتجاوز الـ113.67 مليون عالميا وأزيد من مليوني ونصف وفاة — النهار أونلاين,"كشفت وكالة “رويترز”، عن حصيلة إصابات ووفيات كورونا حول العالم، حيث بلغ إجمالي الإصابات أكثر من 113.67 مليون شخص.

فيما بلغ عدد ضحايا الفيروس التاجي عالميا، مليونين و626218.

وتتوزع هذه الإصابات، على أزيد من 210 دولة، تتقدمها الولايات المتحدة بـ28555069 إصابة، فيما بلغ إجمالي عدد الوفيات 510931.

بينما بلغ عدد إصابات كورونا في دولة الهند، 11079979، بينها 156938 وفاة.

وفي البرازيل، فقد وصل عدد الإصابات إلى 10455630، فيما وصل عدد الوفيات إلى 252835.

وتسجل روسيا، 4234720 إصابة بالفيروس، فيما وصل عدد الوفيات إلى 191170 وفاة.",,85,1,2,not credible,Source-Specific Artifacts / Boilerplate
source_73,credible,كورونا: 2137 حالة شفاء في يوم واحد,"أعلنت وزارة الصحة في بلاغها اليومي حول الوضع الوبائي في الجمهورية، هن تسجيل 2137 حالة شفاء جديدة وذلك بتاريخ أمس 09 ماي 2021.

وحسب المعطيات التي نشرتها الوزارة مساء اليوم الإثنين 10 ماي، فإن عدد المتعافين يرتفع إلى 279634.

هذا وسجلت الجمهورية في نفس التاريخ 39 حالة وفاة و1024 إصابة جديدة بكورونا.",,52,0,2,not credible,Government & Official Statements
source_121,undecided,حوكمة (الجمعية العامة / مكافأة أعضاء مجلس الإدارة) (2),"جاءت تعليمات هيئة أسواق المال الكتاب الخامس عشر «حوكمة الشركات» من اللائحة التنفيذية للقانون رقم 7 لسنة 2010، وأضافت الملحق رقم 3، هيكل تقرير المكافآت، بحيث يشمل على سبيل المثال نظام المكافآت والحوافز المتبع لدى الشركة وبشكل خاص ما يرتبط بأعضاء مجلس الإدارة والادارة التنفيذية والمكافآت والرواتب والحوافز، وغيرها من المزايا المالية الأخرى، من خلال الشركة الأم والشركات التابعة، في ما يخص أعضاء مجلس الإدارة «رئيس مجلس الادارة، نائب رئيس مجلس الادارة، عضو مجلس الادارة»، أي مكافآت متغيرة «مكافأة سنوية - مكافآت لجان» مزايا ثابتة «تأمين صحي»، وعليه فان التقرير الخاص بالجهة الخاضعة لرقابة هيئة اسواق المال يستدعي شفافية اكبر وتوضيحا أدق، خصوصا المميزات او المكافآت التي يحصل عليها عضو مجلس الادارة في الشركة الام في حالة تمثيله لملكية الجهة في بنك/شركة، سواء كانت تابعة/زميلة، وبذلك يحصل على مكافأة أخرى ومميزات أخرى غير التي يحصل عليها لقاء عضويته في الشركة الام، كذلك نشير في هذا الشأن الى بند «الاطراف ذات العلاقة» فما هي هذه المعاملات وطبيعة هذه العلاقة مع اعضاء مجلس الادارة، وما حجم التمويل الممنوح لاعضاء مجلس الادارة او العقود الموقعة مع شركات يملكون بها او يسيطرون عليها بشكل او بآخر؟ وبالتالي فهي مزايا مخفية للاعضاء وغير مبينة تكون متضمنة بالبيانات المالية.

وهنا ندعو السادة المساهمين في تلك البنوك/الشركات بالوقوف على هذه النقاط للتأكد من حصافة الادارة وقوة تطبيق الحوكمة واعطاء مستوى اعلى للافصاح بما يعكس الادارة الحكيمة والبعد عن التكسب على حساب المساهمين، مما قد يكون بنوع اخر ما تشرحه بنظرية الوكالة.



كما انه ستتم تلاوة الجزاءات المطبقة من الجهات الرقابية وطرحها للمناقشة كبند اصيل في الجمعية العامة، وهنا نشيد بدور المساهمين في الجمعية العامة كجزء من ممارسة حقهم في مناقشة هذا البند بالتفصيل والوقوف على اسباب عدم الالتزام والمخاطر المرتبطة بذلك من اجل الحصول على معلومات اكثر، وبالتالي شفافية في الطرح وحوكمة للشركة وادارة حصيفة.

وكذلك الحال عند تلاوة تقرير ملاحظات الرقابة الشرعية «بالنسبة للبنوك/الشركات الاسلامية» يجب التدقيق على هذا البند في جدول الاعمال، حيث ان المسؤولية في التطبيق والرقابة تقع على عاتق اعضاء مجلس الادارة، ويجب هنا الالتفات الى ان تبرئة ذمة اعضاء مجلس الادارة والتصويت عليها في الجمعية العامة يجب ان يكون بعد هذه المناقشات والتأكد منها بشكل فعال، بحيث لا تتم ابراء الذمة الا بعد بيان ما سبق التنويه عليه والاستفاضة في ما يتم طرحه والتوسع في مناقشته وبيانه للمساهمين.

وعليه فندعو للمشاركة وابداء الرأي من قبل المساهمين في الجمعية العامة ولممارسة حقهم الاصيل في الذود عن مصالحهم.

وفي الختام، وبعد تبيان هذه الامور تتبادر تساؤلات عدة:

هل ستتم مراجعة المكافآت الخاصة باعضاء مجلس الادارة لهذه السنة من قبل الجهات الرقابية لاعتمادها وفق ما تقدم واسلفنا؟

وهل سيتم الاخذ بالاوضاع الحالية من «كوفيد ١٩»؟

وهل سيقوم المساهمون بدورهم في الجمعيات العامة في سبيل الدفاع عن اموالهم واستثماراتهم؟

كل ذلك سينجلي ويتضح في قادم الايام.

ناصر بورسلي

",,442,1,2,not credible,Government & Official Statements
source_55,credible,الأمير خالد الفيصل يستقبل السفيران التنزاني والمصري لدى المملكة,"الأمير خالد الفيصل يستقبل السفيران التنزاني والمصري لدى المملكة

صحيفة وصف :استقبل صاحب السمو الملكي الأمير خالد الفيصل، مستشار خادم الحرمين الشريفين، أمير منطقة مكة المكرمة، في الإمارة بجدة، السفير التنزاني لدى المملكة علي جابر مواديني.

كما استقبل سمو الأمير خالد الفيصل، في الإمارة بجدة، السفير المصري لدى المملكة أحمد فاروق محمد توفيق.

وجرى خلال اللقاءان تبادل الأحاديث الودية، ومناقشة الموضوعات ذات الاهتمام المشترك.",,64,0,1,undecided,General/Other Ambiguous Context
source_86,credible,«الشروق» تنشر أبرز تعديلات لائحة الشيوخ قبل إقرارها نهائيا,"يبدأ مجلس النواب برئاسة المستشار حنفى جبالى، مناقشة مشروع قانون لائحة مجلس الشيوخ، فى جلسته العامة، غدا الأحد.

ويتضمن مشروع القانون 292 مادة مقسمة إلى 12 بابا، وقد انتهت المناقشات التى شهدها اجتماع لجنة الشئون الدستورية والتشريعية بمجلس النواب، إلى تعديل صياغة بعض المواد التي وردت باللائحة.

وترصد ""الشروق"" أبرز التعديلات التي أثارت الجدل داخل اللجنة التشريعية، وصولا إلى إقرارها تمهيدا لعرضها على الجلسة العامة اليوم:

- جرى استبدال عبارة ""يمثل مجلس النواب والشيوخ جمهورية مصر العربية فى المؤتمرات البرلمانية الدولية""، بعبارة ""تتكون شعبة جمهورية مصر العربية للمؤتمرات البرلمانية الدولية من مجلسي الشيوخ والنواب"" الواردة بالمادة (5)

- إضافة عبارة ""المحالة إلى مجلس الشيوخ"" لنص الفقرة الأولى من المادة (22) إحكاما للنص وإعمالاً لأحكام الدستور بشأن اختصاصات مجلس الشيوخ.

- إضافة عبارة ""وذلك دون الإخلال بنص المادة 253 من الدستور"" إلى عجز المادة (29)، لضبط الصياغة وتأكيداً على تطبيق النص الدستوري الوارد بالمادة (253) من الدستور.

- حذف الفقرة قبل الأخيرة من المادة (38) والتي تنص على ""ويجوز بقرار من المجلس إنشاء لجان نوعية أخرى أو دمجها أو إلغاؤها أو تعديل اختصاصاتها""، لأن اللائحة الداخلية تصدر بقانون ولا يجوز تعديلها إلا بقانون.

- إضافة كلمة ""النوعية"" بعد ""لجان المجلس"" الواردة فى المادة (41) لضبط الصياغة.

- إضافة عبارة ""المحالة إلى المجلس"" بعد عبارة ""وتعد محاضر كاملة لمناقشات لجان المجلس فى مشروعات القوانين"" الواردة فى الفقرة الثانية من المادة (78) وذلك حتى تتفق مع أحكام الدستور واختصاصات مجلس الشيوخ.

- إعادة صياغة المادة (88) ليكون نصها على النحو التالي: ""لكل لجنة من اللجان النوعية دراسة أي موضوع يدخل فى اختصاصها من الموضوعات المحالة إلى المجلس، وفقاً لنص المادتين (248، 249) من الدستور، والوارد أحكامها فى المادة (3) من هذه اللائحة، واقتراح ما تراه فى شأنه وتقديم اللجنة تقرير بنتائج دراستها يعرض على المجلس""؛ ضبطاً للصياغة وحتى تتوافق مع أحكام الدستور.

- إضافة كلمة ""النوعية"" بعد اللجان الواردة فى صدر المادة (89)، وإضافة فقرة ثانية لذات المادة تنص على الآتي: ""وفي حالة موافقة المجلس يُحال مقترح القانون لرئيس الجمهورية، لإعمال شئونه طبقاً لنص المادة (122) من الدستور، إن رأى مقتض لذلك""، وذلك حتى تتوافق مع أحكام الدستور.

- حذف عبارة ""أو رئيس مجلس الوزراء"" الواردة فى نهاية الفقرة الثالثة من المادة (160) والفقرة الأولى من المادتين (164، و168)، وكلمة ""الحكومة"" الواردة فى صدر المادة (217)، وذلك حتى لا تتدخل السلطة التنفيذية فى أعمال السلطة التشريعية إعمالاً لمبدأ الفصل بين السلطات.

- حذف عبارة ""بدرجة وزير"" الواردة فى الفقرة الأولى من المادة (279)، وحذف عبارة ""نائب وزير"" الواردة فى الفقرة الثالثة من ذات المادة، وذلك أسوة بالأحكام الواردة بالمادة (416) من اللائحة الداخلية لمجلس النواب.",,412,0,1,undecided,Source-Specific Artifacts / Boilerplate
source_134,credible,سوسة: إيداع مستغل مطعم سياحي السجن.. السبب حفل 'نوردو' !,"إرتفع عدد المتهمين في قضية الحفل الفني الذي أثثه مغني الراب المعروف باسم ""نوردو' بأحد المطاعم السياحية بسوسة ليلة السبت إلى 5 أشخاص وفق ما أفاد به الناطق الرسمي بإسم المحكمة الإبتدائية سوسة 1 والمساعد الأول لوكيل الجمهورية جابر غنيمي لموزاييك.

وأضاف غنيمي أن النيابة العمومية أصدرت بطاقة إيداع بالسجن ضد مستغل المطعم السياحي كما أحالت بقية المتهمين على المجلس الجناحي لمقاضاتهم من أجل مخالفة التحجيرات والتدابير الوقائية والمراقبة المأمور بها حال وجود مرض وبائي وعدم الامتثال لما أمرت به القوانين والقرارات الصادرة ممن له النظر ومخالفة قانون الطوارئ والحجر الصحي .

ويشار إلى أن الحفل الفني لاقى موجة إنتقادات عارمة في صفوف نشطاء مواقع التواصل الاجتماعي وأهالي الجهة بسبب ما إعتبروه تجاوزات وخروقات لم تحرك لها ساكنا السلطة الجهوية و القيادات الأمنية .

وتمثلت هذه التجاوزات في عدم إحترام البروتوكول الصحي و الإكتفاء بنصف طاقة الإستيعاب حيث أظهرت صورا نشرت على مواقع الفيسبوك والانستغرام لمشاهير وفنانين حضور أعداد كبيرة من الشباب وسط تجاهل تام للبروتوكول الصحي من تباعد وإرتداء الكمامات إضافة إلى تجاوز توقيت حظر الجولان إلى مابعد الساعة العاشرة ليلا.

وعلمنا أن الحفل تواصل لاحقا بأحد النزل إلى حدود الساعات الأولى من صباح اليوم .

من جهته نفى مصدر مسؤول من شرطة المرور بسوسة لموزاييك ما تم تداوله بخصوص غلق الطرقات بهدف تأمين الحفل موضحا أن أعوان الامن قاموا بتحويل حركة المرور من شارع الحبيب بورقيبة في اتجاه شارع محمد معروف والطريق الوطنية رقم 1 لتخفيف الإكتظاظ .",,230,0,2,not credible,Government & Official Statements
source_117,credible,"بعد أشهر من الخلاف... ماكرون يعلن أنه سيلتقي إردوغان ""قبيل"" قمة حلف شمال الأطلسي","© أ ف ب

مونت كارلو الدولية / أ ف ب

نص: مونت كارلو الدولية / أ ف ب

أعلن الرئيس الفرنسي إيمانويل ماكرون يوم الخميس 10 يونيو 2021 أنه سيلتقي نظيره التركي رجب طيب إردوغان ""قبيل"" قمة حلف شمال الأطلسي التي من المقرر أن تبدأ الإثنين 14 يونيو 2021، وذلك بعد تزايد الخلافات بين البلدين في الأشهر الأخيرة.

إعلان اقرأ المزيد

وقال ماكرون ""عندما نكون أعضاء في نفس المنظمة، لا يمكننا أن نقتني تجهيزات لا تسمح بالتشغيل البيني، ولا يمكننا أن نقرر تنفيذ عمليات أحادية الجانب تتعارض مع مصالح الأحلاف التي بنيناها""، معربا عن أمله في الحصول على ""توضيح"" من تركيا حول هذا الموضوع.

ووفق مصادر في الرئاسة الفرنسية، فإن الاجتماع سيعقد في بروكسل حيث ستبدأ القمة بعد ظهر الإثنين، دون تحديد موعد.

ودعا إيمانويل ماكرون حلف شمال الأطلسي أيضا إلى ""إعادة تنظيم استراتيجية"" و""إنشاء إطار عمل واضح للعلاقات بين الحلفاء""، مشيرا إلى ""تناقضات"" لم يتم ""حلها"".

واتخذت فرنسا وتركيا مواقف عدائية في عدد من الملفات داخل حلف شمال الأطلسي، انعكست بشكل خاص في شرق البحر الأبيض المتوسط حيث دعمت باريس أثينا في مواجهة طموحات أنقرة في المنطقة.

كما تدهورت العلاقات الثنائية بين الدولتين بسبب خلافات حول سوريا وليبيا، وأيضاً على خلفية النزاع الأخير بين اذربيجان وأرمينيا في ناغورني قره باغ.

الرسالة الإخباريةأبرز الأحداث الدولية صباح كل يوم اشترك",,210,0,2,not credible,Government & Official Statements
source_108,credible,بعد سداد متأخرات البنك الدولي.. كيف سيستفيد السودان؟,"خطا السودان خطوة مهمة في اتجاه تطبيع علاقاته مع مجتمع المال الدولي، بتسديده متأخرات بقيمة ملياري دولار للبنك الدولي عبر قرض تجسيري قدمته الولايات المتحدة، حسبما أكدت مصادر رسمية الجمعة.

واعتبر خبراء أن الخطوة ستعزز جهود الخرطوم الرامية لحلحلة أزمة الديون البالغة أكثر من 64 مليار دولار، كما تفتح المجال أمام الحصول على منح وقروض ومساعدات تنموية حرم منها قرابة 3 عقود.

في مؤشر قوي على إمكانية انفتاح السودان على المجتمع الدولي خلال الفترة المقبلة، أشادت وزارة الخزانة الأميركية بالإصلاحات التي تجريها الحكومة الانتقالية المدنية، وقالت إنها ستساعد على استعادة الاستقرار الاقتصادي، وتعزيز جهود البلاد لتخفيف الديون، وتحسين الآفاق الاقتصادية لمواطنيها في نهاية المطاف.

كما أوضحت وزارة الخزانة الأميركية في بيان، أنها قدمت تمويلا تجسيريا بنحو 1.15 مليار دولار لمساعدة السودان في سداد متأخراته للبنك الدولي، من دون أي تكلفة على دافعي الضرائب الأميركيين “تقديرا للتقدم الذي أحرزه السودان”، الأمر الذي يعد خطوة مهمة في تطبيع علاقة السودان مع المجتمع الدولي.

وأكدت الوزارة أنها ستحفز الجهود لدفع تخفيف عبء الديون عن السودان، في إطار مبادرة مساعدة البلدان الفقيرة المثقلة بالديون، مما يضع الأساس لنمو اقتصادي مستدام طويل الأجل لصالح الشعب السوداني.

وقالت وزيرة الخزانة الأميركية جانيت يلين: “تستحق الحكومة الانتقالية المدنية في السودان الثناء على إجرائها إصلاحات اقتصادية صعبة لكنها ضرورية لاستعادة عقدها الاجتماعي مع الشعب السوداني”.

وأضافت أن الولايات المتحدة “يسرها أن تدعم السودان في جهود سداد المتأخرات المستحقة للبنك الدولي”، معتبرة أن من شأن الإجراء أن يساعد الخرطوم على “المضي قدما نحو تخفيف عبء الديون الذي تحتاجه بشدة، ومساعدتها على الاندماج في المجتمع المالي الدولي”.

وأشارت الوزيرة الأميركية إلى أن الحكومة الانتقالية في السودان نفذت برنامج إصلاح اقتصادي جديا، بالتعاون مع صندوق النقد الدولي والبنك الدوليين، مما يدعم انتقال البلاد إلى الحكم الديمقراطي.

خطوة مهمة

ويرى أستاذ الاقتصاد في الجامعات السودانية محمد شيخون أن أهمية الخطوة تكمن في 3 محاور، يتمثل الأول في رمزيتها كونها أسست لعودة السودان لمجتمع المانحين الدولي، إضافة إلى أنها تفتح باب التعامل المباشر مع البنك الدولي، كما تعطي انطباعا قويا بجدية السودان وقدرته على معالجة أزمة الديون.

ويقول شيخون لموقع “سكاي نيوز عربية”، إن معالجة أزمة متأخرات السودان للبنك الدولي “خطوة في الاتجاه الصحيح نحو معالجة ديون السودان السيادية، التي لا تدخل ضمن مبادرة إعفاء التزامات الدول الفقيرة المثقلة بالديون”.

ووفقا للباحث الاقتصادي أحمد إلياس، فإن السودان بهذه الخطوة “يكون قد استوفى شرطين مهمين من الشروط اللازمة للاستفادة من مبادرة إعفاء ديون البلدان الفقيرة المثقلة، وهما الخروج النهائي من قائمة الدول الراعية للإرهاب واستعادة التعامل مع البنك الدولي”.

واستفادت من هذه المبادرة إلى الآن 37 دولة معظمها في إفريقيا، وأبرزها إثيوبيا وتشاد وإفريقيا الوسطي والصومال، حيث تم تخفيض ديونها في المتوسط بنسبة 75 بالمئة.

ويقول إلياس لموقع “سكاي نيوز عربية” عبر الهاتف من شيكاغو، إن “السودان أصبح بعد هذه المرحلة مؤهلا أيضا للتفاوض مع نادي باريس، الذي تتطلب قواعده تطبيق برنامج التكييف الهيكلي الذي تتبناه مؤسسات التمويل الدولية”.

يمكن قراءة الخبر من المصدر من هنا",,462,0,2,not credible,Government & Official Statements
source_82,undecided,كورونا في الجزائر.. 182 إصابة جديدة و3 وفيات خلال الـ24 ساعة الأخيرة — النهار أونلاين,"كورونا في الجزائر.. 182 إصابة جديدة و3 وفيات خلال الـ24 ساعة الأخيرة

بقلم عبد الرحمن سالمي Share

Tweet",,18,1,0,credible,Source-Specific Artifacts / Boilerplate
source_100,credible,التغيير والاصلاح: حماس تجسد اليوم نموذجاً ديمقراطياً فريداً ونهجاً شورياً باختيار قيادتها,"رابط مختصر:

رام الله - دنيا الوطن

باركت كتلة التغيير والاصلاح البرلمانية انتخاب يحيى السنوار

قائداً لحركة حماس في قطاع غزة للمرة الثانية، وتؤكد أن الحركة تجسد اليوم نموذجاً ديمقراطياً فريداً ونهجاً شورياً في اختيار قيادتها السياسية.



وأكدت الكتلة أن حركة حماس اليوم بإجرائها الانتخابات الداخلية تعكس أنها حركة تؤمن بالخيار الديمقراطي والتداول السلمي على مواقع القيادة على قاعدة ترسيخ مبدأ الديمقراطية والشورى والتنافس الشريف على القيادة.



ودعت كتلة التغيير والإصلاح السنوار إلى مواصلة جهوده

الحثيثة للمضي في مسار الانتخابات الفلسطينية العامة على قاعدة قانونية سليمة، وتعزيز الوحدة الوطنية الفلسطينية وإنهاء الانقسام، وفتح آفاق جديدة للتواصل مع الدول العربية وشعوبها والتي تشكل عمقاً أصيلاً لقضيتنا الفلسطينية العادلة.",,107,0,1,undecided,Source-Specific Artifacts / Boilerplate
source_82,undecided,ملف السيارات المحجوزة.. بلجود يكشف الجديد — النهار أونلاين,"قال وزير الداخلية كمال بلجود، إنّ دائرته الوزارية قد وضعت خلية لمتابعة ملف السيارات المحجوزة، مؤكدا العمل على الخروج بحلول.

وأفاد، اليوزم الخميس، خلال رده على أسئلة أعضاء مجلس الأمة، أن المواطن ضحية والدولة ضحية.

وأوضح وزير الداخلية أن الملف طاله التزوير، رغم أن المواطن اشتراها بحسن نية.

وأكد تنصيب خلية لمتابعة الملف، تتشكل من إطارات في وزارة الداخلية ومصالح الأمن والجمارك.

من جانب آخر، كشف الوزير أن رئيس الجمهورية طالب بإصلاحات شاملة في قطاع الداخلية والجماعات المحلية.

وقال إن الدستور جاء بعديد الإصلاحات، داعيا إلى تطبيق عدد من القوانين مع الدستور.

وعن الاصلاحات قال إنه سيتم محاربة اللامركزية في التسيير، بالاضافة الى تعزيز الديمقراطية التشاركية في التسيير.

كما سيتم ضمان التوازن الاقتصادي والاجتماعي في البلديات وهذا بتصنيفها، مع ارساء نظام اداري جديد.

وأكد العمل على تخضير مجموعة أحكام وقوانين جديدة، تتعلق أساسا بتسيير الجباية المحلية واللامركزية في التسيير وقانون المدينة.",,141,1,2,not credible,Source-Specific Artifacts / Boilerplate
source_8,not credible,مهياوي : الوضعية الوبائية في الجزائر “مقلقة ” .. الحذر مطلوب,"حذّر عضو اللجنة العلمية لرصد ومتابعة فيروس كورونا البروفيسور رياض مهياوي ، من أن الوضعية الوبائية في الجزائر أصبحت “مقلقة جدا” في الأيام الأخيرة بعد أن أخذت حالات الإصابة منحى تصاعديا ، قال إنه قد ينذر بقدوم موجة ثالثة للوباء في البلاد.

صرّح البروفيسور مهياوي للإذاعة الوطنية امس، بأن حالات الإصابة بفيروس كوفيد-19 قد عاودت الصعود بعد تراجعها في خلال الأشهر الماضية، مفسّرا ذلك بـ”حالة التراخي والتهاون في سلوكات المواطنين فيما يتعلق بالالتزام بالتدابير الوقائية كاحترام مسافة التباعد الاجتماعي وارتداء الكمامات”.

ولم يستبعد البروفيسور احتمال حدوث موجة ثالثة للجائحة في الجزائر “في حال استمرار ما وصفه بـ”لامبالاة المواطنين وعدم تقيّدهم بتدابير الوقاية والبروتوكولات الصحية”.

ودعا مهياوي المواطنين إلى “التحلي بروح وطنية وتضامنية في أداء واجبهم ومساعدة السلطات العمومية في احتواء الوباء”، مؤكّدا “ضرورة مواصلة الحملات التحسيسية والتوعوية بخطورة الوباء بالنسبة للأشخاص وتطبيق البروتوكولات الصحية بالنسبة للمؤسسات”.

من جهة أخرى أشار مهياوي إلى أن عدد الحالات التي تم تشخيص إصابتها بالسلالتين النيجيرية والبريطانية بلغ 400 حالة وأن الأخيرة سجلت بعشرين ولاية حتى الآن، لافتا إلى أن السلالات الجديدة أصبحت تصيب الأشخاص أقل من أربعين سنة كما سجلت أيضا حالات وسط الأطفال الذين تتراوح أعمارهم بين 13 و14 سنة.

....العودة إلى الحجر العام “مستبعد” وهذا هو الحلّ البديل

وبخصوص إمكانية العودة إلى فرض الحجر الصحي عبر ولايات الوطن، قال مهياوي إن ذلك “يبقى مستبعدا في الوقت الراهن”، معلّلا ذلك بأن الوضعية الحالية “ليست كارثية ولا تستدعي ذلك”، قبل أن يشير إلى أن المصالح الصحية تتجه بدلا من ذلك إلى “تطبيق إستراتيجية التحريات الوبائية الميكروسكوبية التي ستسمح بتحديد البؤر بدقة من أجل تفادي الحجر العام على منطقة بكاملها”.

….الإجراء الوقائي الأول من كورونا.. الكمامة

تحث الإجراءات الوقائية من فيروس كورونا، على ضرورة ارتداء الكمامة في جميع تحركات وتنقلات المواطنين، خاصة في الأماكن المزدحمة كالمحلات التجارية وأماكن التسوق وأيضا ارتداءها أثناء الدخول إلى الإدارات العمومية، كما أقرت الإجراءات الوقائية ارتداءها في المساجد أثناء الصلاة وغيرها من الأماكن العامة، لكن الملاحظ، أن شريحة معتبرة من المواطنين لا تلتزم بتطبيق هذا الإجراء من الأساس، وأكثر من ذلك تعتبر أن ارتداء الكمامة تحصيل حاصل فقط لا يقدم ولا يؤخر في الأمر شيئا.

وبحسب العديد من تصريحات المواطنين، فإن ارتداء الكمامة يكون فقط أثناء الدخول إلى المحلات التجارية والتي يفرض أصحابها إراتداءها قبل الدخول أو ارتداءها للدخول إلى المؤسسات العمومية ونفس الإجراء أثناء الركوب في وسائل النقل، ليتم نزعها مباشرة بعد ذلك، زيادة على أن أصحاب المركبات يفضلون ارتداءها عند المرور بنقاط المراقبة الأمنية، وهو ما يعني أن الأصل في ارتداء الكمامة للوقاية من عدوى فيروس كورونا غير مطروح لدى هذه الفئة من الجزائريين وأن المطروح هو ارتداءها لكون مصالحهم اليومية مرتبطة بها وفقط.

وأضاف مواطنون أنهم يحملون الكمامات في جيوبهم ليتم ارتداءها بعد المطالبة فقط ومادون ذلك فهي محفوظة في الجيب إلى إشعار آخر، وأكثر من ذلك يؤكد آخرون أن تغيير الكمامة غير مطروح في ساحتهم، حيث تحدث مواطنون بالقول ” نملك كمامات منذ حوالي شهرين نستعملها فقط حينما يُطلب منا ذلك “.

هذا الوضع يؤكد أن ارتداء الكمامة أو القناع الواقي بالنسبة للجزائريين ليس أولوية صحية بالنسبة لهم والدليل أن شريحة معتبرة من المواطنين يتجولون في الأسواق ويقصدون المساجد في صلاة التراويح ويركبون وسائل النقل بدون كمامة، ليبقى استعمالها في حدود المطلوب وفرض الارتداء فقط.

سليمان عبدوش",,511,2,0,credible,Health & COVID-19
source_86,credible,فيديو.. متحف الحضارة: نواكب العصر بأحدث التقنيات,"قال أحمد غانم، الرئيس التنفيذي للمتحف القومي للحضارة، إن المتحف يحاول مواكبة العصر، نظرًا لأن الطريقة التقليدية في العرض المتحفي لم تعد تجذب السائحين.

وأضاف، في مداخلة هاتفية لفضائية «إكسترا نيوز»، مساء اليوم السبت، أن استخدام التكنولوجيا والتفاعل معها هو ما سيجذب الزائرين، ويضع المتحف في مكانة كبيرة بالنسبة للمصريين والأجانب جميعًا.

وأكد أنه تم استخدام أحدث التقنيات خلال عرض موكب المومياوات، بالإضافة إلى الاعتماد على التكنولوجيات الحديثة التي ستستخدم في العرض المتحفي للملوك والملكات.

ووصل موكب المومياوات الملكية إلى المتحف القومي للحضارة بالفسطاط، حيث استقبله الرئيس عبدالفتاح السيسي، والدكتور مصطفى مدبولي، رئيس مجلس الوزراء، والدكتور خالد العناني، وزير السياحة والآثار.

وانطلق، مساء اليوم السبت، موكب 22 مومياء ملكية، نقلت من المتحف المصري بالتحرير إلى المتحف القومي للحضارة بالفسطاط، بحضور مديرة منظمة اليونسكو، أودري أزولاي، والأمين العام لمنظمة السياحة العالمية، زوراب بولوليكاشفيلي، وشخصيات دولية ومحلية معنية بالتراث الإنساني والعالمي.",,139,0,1,undecided,Government & Official Statements
source_46,not credible,إعلان مبادي بين الحكومة والحلو يضمن عدم تبني الدولة دينا رسميا — صحيفة متاريس الإلكترونية,"إعلان مبادي بين الحكومة والحلو يضمن عدم تبني الدولة دينا رسميا

الخرطوم: كامل أبو محمد

كشفت وثيقة إعلان المبادي الذي سيتم توقيعه اليوم بين الحكومة والحركة الشعبية عبد العزيز الحلو عن بنود مثيرة للجدل.

ووفقا لموقع الرواية الاولى أتفق الجانبان على تأسيس دولة مدنية فيدرالية تضمن “حرية الدين دون تبني دين رسمي” ولا تنحاز لشؤون المعتقد.

وبحسب رصد (متاريس) تقرر الوثيقة إدراج حقوق المرأة والطفل الواردة في المعاهدات الدولية ضمن اتفاقية السلام.

واشترطت الوثيقة دمج القوات بصورة متدرجة تكتمل بعد حل مسألة العلاقة بين الدين والدولة.",,86,2,1,undecided,Government & Official Statements
source_134,credible,مرزوق: لا يجب أن تتحوّل القضية الفلسطينية إلى صراع داخلي,"قال رئيس حزب مشروع تونس محسن مرزوق في تصريح لموزاييك الأربعاء 19 إن الحق الفلسطيني لم ولن يسقط بالتقادم ورسالة تونس هي الدعم المتواصل لهذه القضية وشعبها وحقه الإنساني.

لا يجب تحويل التضامن الجماعي مع فلسطين لصراع داخلي

وشدد على قيام تونس بدورها في مجلس الأمن الدولي مع اشقائها العرب داعيا الجميع لمقاطعة الكيان الصهيوني وكل مكوناته الاقتصادية وعلى مستوى ثقافي وغيره .

وحذر الجميع في تونس وخاصة منهم السياسين من خطر تحويل التضامن الجماعي التونسي مع هذه القضية الى ملف صراع داخلي في تونس.

هناء السلطاني",,87,0,2,not credible,Government & Official Statements
source_27,not credible,وزير التعليم العالي: مسابقة الدكتوراه سيعلن على ما تبقى منها اليوم على أبعد تقدير..,"وزير التعليم العالي: مسابقة الدكتوراه سيعلن على ما تبقى منها اليوم على أبعد تقدير..

أكد وزير التعليم العالي، عبد الباقي بن زيان، اليوم الأربعاء، مسابقات الدكتوراه تتوالى بمختلف التخصصات الموزعة على مؤسسات التعليم العالي، مشيرا إلى مستجدات مسابقات الدكتوراه للسنة الجامعية 2020/2021.

وأشار المتحدث، عبر صفحته على فايسبوك، إلى أنه يوم 16 مارس 2021 تم إجراء مسابقة على مستوى جامعة واحدة وتم الإعلان عن النتائج عبر الموقع الرسمي للجامعة، أما بخصوص يوم 18 مارس 2021، فقد جرت المسابقات على مستوى 3 جامعات، وتم الإعلان عن النتائج عبر المواقع الرسمية للجامعات المعنية.

وأضاف الوزير، أنه وبتاريخ 20 مارس 2021، بلغ العدد الإجمالي لمؤسسات التعليم العالي التي جرت بها المسابقات 27 مؤسسة جامعية، مضيفا أنه قد تم إجراء الامتحانات ونشرت أغلب النتائج عبر المواقع الرسمية للمؤسسات، وسيعلن على ما تبقى منها اليوم على أبعد تقدير.

هذا وبلغت نسبة المشاركة الإجمالية خلال 3 أيام 31 بالمائة، منها 34 بالمائة ناحية الشرق، و31 بالمائة ناحية الغرب، أما بخصوص ناحية الوسط فقد بلغت 29 بالمائة، يضيف الوزير.",,162,2,0,credible,Government & Official Statements
source_7,not credible,بالصور.. حملة إعادة التشحير بإقليم الناحية العسكرية الخامسة,"شارك أفراد الجيش الوطني الشعبي عبر إقليم الناحية العسكرية الخامسة في هذه الحملة الوطنية، أين تم غرس العديد من الأشجار.

الحملة في إطار البرنامج الوطني لإعادة التشجير، وبمناسبة اليوم العالمي للغابات المصادف ليوم 21 مارس 2021.

هذه الحملة تمت بالتنسيق مع المحافظات الولائية للغابات ، وبمشاركة أفراد الأمن الوطني، الحماية المدنية، الكشافة الإسلامية وبعض فعاليات المجتمع المدني حيث رحب المواطنون بهذه المبادرة وثمنوا جهود أفراد الجيش الوطني الشعبي في ترسيخ ثقافة التشجير وتنمية الحس البيئي لدى كافة فئات المجتمع وكذا إبراز أهمية حماية الغابات والمساحات الخضراء.",,86,2,0,credible,Crime & Accidents
source_82,undecided,"تحدث فيه عن ألم فقدان والدته ""ديانا"".. الأمير هاري يصدر كتابا جديدا — النهار أونلاين","أصدر الأمير هاري، كتابا، تحدث فيه عن ألم فقدان والدته الأميرة “ديانا”، والتي توفيت في حادث سيارة بباريس أوت 1997.

وكتب الأمير هاري مقدمة لدعم أبناء العاملين في مجال الصحة الذين توفوا في جائحة كورونا.

وشاطرهم الألم الذي عانى منه عندما كان صبيا بعد وفاة والدته الأميرة ديانا.

وكتب هاري أن فقدان والدته في سن الثانية عشرة ترك “فجوة كبيرة بداخله”.

ويحكي كتاب “مستشفى بجوار التل” لكريس كونوتون قصة شاب عملت والدته في مستشفى وتوفيت أثناء الوباء.

وكتب هاري: ” أتمنى لو أنني استطيع معانقتكم الآن، آمل أن تتمكن هذه القصة من منحكم الراحة لستم بمفردكم”.

وتابع “عندما كنت طفلاً صغيراً فقدت أمي، في ذلك الوقت لم أرغب في تصديق ذلك أو قبوله”.

وتابع “ترك ذلك فجوة كبيرة بداخلي، أدرك ما تشعرون به، وأؤكد لكم أن تلك الهوة ستمتلئ بمرور الوقت بالحب والدعم”.",,133,1,0,credible,Source-Specific Artifacts / Boilerplate
source_53,not credible,50 ألف مواطن يستفيدون من مبادرة حياة كريمة بتكلفة 500 مليار جنيه.. فيديو,"Adver1

50 ألف مواطن يستفيدون من مبادرة حياة كريمة بتكلفة 500 مليار جنيه.. فيديو الجمعة 12/مارس/2021 – 05:30 م حياة كريمة Advertisements نورهان رأفت قالت الدكتورة رشا إسحاق، أمين سر لجنة حقوق الإنسان والتضامن الإجتماعي بمجلس الشيوخ، إن مبادرة ""حياة كريمة"" تهدف لتوصيل الخدمات الآدمية مثل الصرف الصحي والمياه، للقرى التي لا تمتلك شبكات مياه وتفتقر للاحتياجات الأساسية.

وأضافت رشا إسحاق، خلال مكالمة هاتفية لـ فضائية ""إكسترا نيوز"" ، أن هناك قرى محرومة من الخدمات الصحية والتعليمية، مما ينتج عنها أفراد متطرفين، ومن هذه الأسباب تولدت المبادرة، بدعم كامل من الرئيس عبد الفتاح السيسي.

ولفتت إلى أن المبادرة تشمل كل جوانب تطوير المراكز الشبابية في جميع القرى، على مستوى محافظات الجمهورية، بهدف تحسين معيشة المواطنين.

وتابعت: كلنا كمصريين شايفين أن المبادرة أعادت الأمل لأبناء الصعيد، والذي عانا من فترة طويلة من الفقر والمرض.. عدد المستفيدين من المبادرة 50 مليون مواطن معظمهم من الشباب، بتكلفة 500 مليار جنيه. Advertisements

المصدر أخبار البلد",,151,2,1,undecided,Government & Official Statements
source_95,credible,مقاييس التساقطات المطرية المسجلة بالمملكة خلال الـ24 ساعة الماضية,"في ما يلي مقاييس التساقطات المطرية المسجلة من طرف المديرية العامة للأرصاد الجوية، من الساعة السادسة من صباح أمس الخميس إلى غاية الساعة السادسة من صباح اليوم الجمعة :

– الحسيمة : 14 ملم

– تطوان : 10 ملم

– الناظور : 9 ملم

– تاوريرت : 7 ملم

– شفشاون : 2 ملم

– وجدة و تازة : ملمتر واحد

– طنجة والنواصر ومكناس وبنسليمان وسيدي إفني : أقل من ملمتر

المصدر: الدار- وم ع",,76,0,1,undecided,General/Other Ambiguous Context
source_53,not credible,لتقديم محتوى راق.. تركي آل الشيخ يكشف تفاصيل مبادرته لدعم المنتجين العرب,"Adver1

لتقديم محتوى راق.. تركي آل الشيخ يكشف تفاصيل مبادرته لدعم المنتجين العرب السبت 13/مارس/2021 – 02:31 ص تركي آل الشيخ Advertisements حمزة شعيب كشف المستشار تركي آل الشيخ رئيس الهيئة العامة للترفيه، تفاصيل مبادرته لدعم المنتجين العرب.

وقال آل الشيخ خلال مداخلة هاتفية مع الإعلامي عمرو أديب مقدم برنامج ""الحكاية"" والمذاع عبر قناة ""إم بي سي مصر""،:""نقوم بالتنسيق مع وزيري الثقافة والإعلام السعوديين والكيانات الإعلامية السعودية والمنتجين السعوديين والعرب من أجل تقديم محتوى فن نظيف وراق وعلى أعلى مستوى يراعي العادات والتقاليد وما يخدم الشباب السعودي والعربي.

وأشار إلي أنه يحاول حل المعوقات التي تواجه القائمين على عملية صناعة السينما والدراما والمسرح.

وأكد أن مبادرته رحب بها كل من العدل جروب والسبكي وأوسكار وفي السعودية والإمارات والكويت كلا يرحب بدعوتي، والأمر لن يكون إنتاجا سعوديا فقط ولكنه عربيا. Advertisements

المصدر أخبار البلد",,133,2,1,undecided,Government & Official Statements
source_100,credible,تغيير النظام السياسي مطلوب حتى للرئيس.. ولكن كيف؟,"تغيير النظام السياسي مطلوب حتى للرئيس، ولكن كيف؟







مع احترامنا لكثير من الأسماء الواردة في بيان إقالة أو استقالة الرئيس أبو مازن الذي تداولته وسائط التواصل الاجتماعي فإن هذا البيان محاولة ممن يقفون متفرجين على نضالات ومعاناة الشعب داخل فلسطين أن يكون لهم دور او تعبير عن حالة غضب على النظام السياسي ورئيسه لضعف تفاعلهم مع الاحداث، وإن كان من حقهم ولا شك ان يكون لهم دور الا انهم للأسف نهجوا الطريق الخطأ وبيانهم قد يثير الفتنة ويذكرنا بشعار (الشعب يريد اسقاط النظام) الذي تم رفعه في بداية ما يسمى الربيع العربي وقد رأينا مآل الربيع العربي، مع أنه في الحالة الفلسطينية الراهنة فإن من يرفع الشعار ويطالب بإسقاط رأس النظام مجموعة من النخبة وليس الشعب.



هذا لا يعني أن النظام السياسي لا يحتاج للتغير على كافة المستويات من الرئيس إلى المنظمة والسلطة والحكومة، فهو نظام بات عاجزا ومهترئا؛ ولكن على الشعب أن يغير النظام من خلال صناديق الانتخابات وليس من خلال الانقلاب وإثارة الفتنة والاملاءات الخارجية ويجب أن نستحضر ونتذكر البيانات والدعوات التي كانت تصدر قبيل اغتيال إسرائيل للرئيس أبو عمار 2004 وهي شبيهة بما نسمعه اليوم، مع الفرق بين شخصية ونهج الزعيم البطل أبو عمار وشخصية الرئيس أبو مازن ونهجه.



يمكن أن نفهم مطالبة الرئيس بالاستقالة وهكذا دعوة نجدها في كل الأنظمة حتى الديمقراطية، ولكن الدعوة لإقالة الرئيس فهو الخطأ والشيء غير المفهوم. مثلا من الذي يملك قرار الاقالة أو حتى مناقشته؟ هل هي حركة فتح ولجنتها المركزية باعتباره رئيسا لها؟ أم السلطة باعتبار الرئيس ابو مازن رئيساً لها؟ أم منظمة التحرير الفلسطينية باعتباره رئيسا لها ؟ أم الاجهزة الامنية الفلسطينية من خلال انقلاب عسكري؟ أم إسرائيل من خلال التخلص من الرئيس بطريقتها الخاصة كما فعلت مع أبو عمار مع الإشارة إلى أنه قبل تخلص إسرائيل من أبو عمار باغتياله جسدياً ارتفعت أصوات فلسطينية وصدرت بيانات ضد ابو عمار تتهمه بالفساد والعجز وتطالب بتغييره؟.



كما ان من يُقيل الرئيس عليه تعيين البديل، فهل في المؤسسات المُشار إليها من هو محل توافق ويصلُح للرئاسة؟ وإن كان المطلوب رئيسا من خارج هذه الدائرة أو المؤسسات فكيف سيتم اختياره وتنصيبه ان لم تكن هناك انتخابات؟ ويجب أن لا ننسى أن إسرائيل قادرة أيضاً على صناعة قيادة جديدة للفلسطينيين.



وهذا يرجعنا إلى المطلوب وهو حراك شعبي شامل يشارك فيه ولا بأس أن يقوده المثقفون والاكاديميون ومؤسسات المجتمع المدني من أجل إجراء انتخابات عامة متزامنة: مجلس وطني لمنظمة التحرير، والرئاسةـ والمجلس التشريعي، وإن لم تكن متزامنة فلتبدأ بانتخاب مجلس وطني جديد وتفعل المنظمة.

[email protected]}} وهذا يرجعنا إلى المطلوب وهو حراك شعبي شامل يشارك فيه ولا بأس أن يقوده المثقفون والاكاديميون ومؤسسات المجتمع المدني من أجل إجراء انتخابات عامة متزامنة: مجلس وطني لمنظمة التحرير، والرئاسةـ والمجلس التشريعي، وإن لم تكن متزامنة فلتبدأ بانتخاب مجلس وطني جديد وتفعل المنظمة.

بقلم: إبراهيم أبراشالمثقف الفلسطيني الحقيقي ليس من يحمل شهادة عليا أو يمتهن نشاطا ثقافيا فقط. بل هو الذي لا ينتمي إلا لفلسطين، ولا يؤجر نفسه وقلمه وعقله للغير وخصوصا إن كان الغير أنظمة وحركات سياسية تعمل من أجل مصالحها واجندتها كما انها حليفة لأمريكا ؛أيضا هو الذي يوظف ثقافته وموقعه الوظيفي في خارج الوطن لتعزيز الوحدة الوطنية وليس وضع نفسه موجها ومقررا ومتعالياً عن الشعب.",,500,0,2,not credible,Government & Official Statements
source_7,not credible,عرقاب يشرف على مراسم إستلام باخرة ” طولقة”,"اشرف وزير الطاقة محمد عرقاب اليوم بمناء الجزائر على مراسم استلام باخرة ” طولقة”.

وأشرف وزير الطاقة والمناجم السيد محمد عرقاب، اليوم السبت على مراسم استلام باخرة” طولقة ” التابعة لمؤسسة الوطنية لتسويق المنتجات النفطية (نفطال)، بحضور وزيرة التضامن الوطني والأسرة وقضايا المرأة ووزراء، العمل والتشغيل والضمان الاجتماعي، وزير النقل والأشغال العمومية، وزير الصحة والسكان واصلاح المستشفيات، والي ولاية الجزائر، الرئيس المدير العام لمجمع سوناطراك والرئيس المدير العام لنفطال وإطارات الوزارة وقطاع الطاقة والمناجم.

سفينة الامداد طولقة هي أكبر سفينة ضمن أسطول المؤسسة الوطنية للإنتاج وتسويق المنتجات النفطية نفطال، انطلقت اشغال صناعتها في سبتمبر 2019، بتكلفة بلغت 17 مليون اورو وقدرة استيعاب تبلغ 4500 طن ستقوم السفينة بإمداد السفن الجزائرية والأجنبية بالوقود البحري سوآءا كان على مستوى الموانئ او حتى في عرض وأعالي البحار حيث تصبح موردا للعملة الصعبة.

أشار الوزير،بأن هذه الباخرة ستقوم بنقل المواد البترولية من ميناء الى آخر، وأضاف قائلا إلى أن البواخر الثلاث تزيد من مضاعفة الأمن الطاقوي في البلاد لأنها ستضمن نقل المنتجات النفطية من الشرق للغرب. وأوضح بأن هذه البواخر ستدعم مجمع نفطال، كما ستفيد السوق المحلية وتسهل نقل وتوفير المنتجات النفطية في انحاء الوطن.",,181,2,0,credible,Government & Official Statements
source_82,undecided,وزير الصناعة يجتمع بسليم لعباطشة ومسؤولي الفيدراليات النقابية لقطاع الصناعة — النهار أونلاين,"إجتمع وزير الصناعة ، محمد باشا، اليوم الخميس مع الأمين العام للإتحاد العام للعمال الجزائريين، سليم لعباطشة.

وحسب بيان للوزارة، فقد إجتمع الوزير أيضا مع مسؤولي الفيدراليات النقابية لقطاع الصناعة التابعة للإتحاد.

ويتعلق الأمر بكل من فيدرالية النسيج، فيدرالية مواد البناء، فيدرالية الصناعات الغذائية وفيدرالية الميكانيك والإلكترونيك.",,47,1,0,credible,Source-Specific Artifacts / Boilerplate
source_89,undecided,“لُعبة الاختباء” مجموعة قصصية جديدة لرندة عوض عن دار”العائدون للنشر والتوزيع”,"عمّان- الغد- ضمن أحدث إصداراتها، صدرت في دار العائدون للنشر والتوزيع- عمّان، مجموعة قصصية جديدة للكاتبة الفلسطينية- السّورية رندة عوض (تقيم في هولندا)، وحملت المجموعة عنوان “لعبة الاختفاء”، متضمّنة خمس عشرة قصّة من قصص الكاتبة، في مائة صفحة، وجاء في الإهداء “إلى أطفال الحريّة في بلادنا العربية، إلى أطفال أرض البرتقال والزّيتون من النّهر إلى البحر، إلى الطّفلة السّورية “ريّان” التي تعيش حاليًّا في تركيا.. الحرب قبيحة جدًّا يا صغيرتي وأنت جميلة جدًّا حتّى بساقٍ صناعيّة”.

تكتب رندة عوض عن الحبّ والحرب، عن الموت والضّياع، وبقدر من الرومانسيّة تكتب عن دموع القمر، وعن عشق القطار، وعن ذئبة الثّلج الأبيض، ورقصة الحياة، وعن الانتظار والحلم والسلام المنشود، وتختم بـ”الاختباء” حيث تحلم بمن يخترع قبّعة إخفاء “كنّا نُسمّيها طُميمة”. وهي لعبة يمارسها الموت منذ عشر سنوات.

ومن قصّة بعنوان “البْواب” نقرأ على الغلاف الأخير للمجموعة هذا المقطع “أشعر أنّني أختنق. أتحسّس رقبتي. أرتدي عقدَ ألماسٍ بدلًا من طوق ياسمين، كنّا نشبكه بخيطٍ نسرقه من ماكينة خياطة أمي، ثمّ نركض على الدرج، ونطلّ من المشربيّة، ثمّ الشرفة، وصوتُ أمّي يصدح: “انتبهي لا تسقطي”. لم نسقط من الشرفة يا أمّي. سقطنا بخداع الأخرين. سقطنا في قبرٍ جماعيّ. سقطنا من الخذلان، من أعين بعضنا. سقط طوقُ الياسمين والغاردينيا. سقطتْ بتلاتُ الجوري. وسقط معها أطفالُ الحارة. سقط بيتُنا. وأنا هنا أتأمّل سقفَ غرفتي، فيأخذني النّوم”.

رندة عوض كاتبة من مواليد دمشق، درست الهندسة وإدارة الأعمال، تعيش مع طفلتها في هولندا، صدرت لها مجموعة قصصية بعنوان “وطن وخبز وذاكرة” (2018)، ولها عمل مسرحيّ بعنوان “الإنسانيّة المفقودة” تم عرضه في أوترخت، ولها اهتمام بالموسيقا.",,246,1,2,not credible,Source-Specific Artifacts / Boilerplate
source_55,credible,هيئة الاتصالات وتقنية المعلومات تصنف مقدمي الخدمات البريدية وفق اهتمامهم بعملائهم,"صحيفة وصف : أصدرت هيئة الاتصالات وتقنية المعلومات اليوم مؤشر تصنيف مقدمي الخدمات البريدية من حيث الشكاوى المصعّدة للهيئة خلال الربع الأول من عام2021، وذلك وفقًا لمستويات اهتمام مقدمي الخدمات بعملائهم.

وكشف المؤشر انخفاض عدد الشكاوى التي صعّدها المستفيدون للهيئة نتيجةً لعدم معالجة الشكوى من قبل مقدم الخدمة خلال المهلة المحددة (10 أيام) أو نتيجةً لعدم رضا مقدم الشكوى عن رد مقدم الخدمة، حيث بلغ مجموع الشكاوى 662 شكوى مصعّدة، بنسبة انخفاض تصل إلى 67 % مقارنةً بالربع الرابع من العام المنصرم 2020، مشيرةً إلى أن ما يقارب 82% من إجمالي الشكاوى تتعلق بالشحنات الدولية.

وأسفرت نتائج المؤشر عن تصدر شركة فيدكس لقائمة الشركات الأكثر شكاوى في فئة الشحنات الدولية بواقع 38 شكوى، تلتها مؤسسة البريد السعودي “سبل” بواقع 21 شكوى، وذلك لكل 100 ألف شحنة، فيما جاءت شركتا (DHL) و “زاجل” كأقل شركات تقديم الخدمات البريدية شكاوى في فئة الشحنات الدولية.

أما على صعيد فئة الشحنات المحلية فقد كشف المؤشر عن تصدر شركة فيدكس لقائمة الشركات الأكثر شكاوى بواقع 13 شكوى، تلتها شركة زاجل بــ 3 شكاوى، وذلك لكل 100 ألف شحنة، فيما جاءت شركة (UPS) كأقل شركات تقديم الخدمات البريدية شكاوى في فئة الشحنات المحلية.

وأوضحت الهيئة أن غالبية الشكاوى المصعّدة إليها كانت بسبب التأخر في تسليم الشحنات عن الوقت المتفق عليه، إلى جانب فقدان المادة البريدية، كما أشارت إلى أن مؤشر تصنيف مقدمي الخدمات البريدية من حيث الشكاوى المصعّدة للهيئة يعدّ أحد أحدث الممارسات المطبقة عالميا على صعيد تحقيق الشفافية وتحفيز المنافسة بين مقدمي الخدمات لرفع كفاءة الخدمة وتعزيز جودتها وتطويرها، حيث يقوم المؤشر بتحليل البيانات مقابل كل 100 ألف شحنة لدى كل مقدم خدمة، بناءً على الرصد الآلي للشكاوى من الموقع الإلكتروني والتطبيقات المرتبطة به.",,269,0,1,undecided,General/Other Ambiguous Context
source_108,credible,مؤتمر صحفي للامين العام المساعد ليوناميد بسونا,"الخرطوم 28-6-2021 (سونا) – يستضيف منبر وكالة السودان للأنباء الأمين العام المساعد لليوناميد بابكر سيسي، اليوم الثلاثاء الساعة الثانية عشرة ظهراً ، وذلك للحديث عن سحب اليوناميد .

والدعوة موجهة لكافة الأجهزة الإعلامية.

وتلفت سونا انتباه الحضور الالتزام بالاحترازات الصحية المتبعة لجائحة الكورونا.",,43,0,1,undecided,Health & COVID-19
source_55,credible,جامعة الملك عبدالعزيز تنظم الندوة العلمية الافتراضية “وقفات مع بيان هيئة كبار العلماء والتحذير من جماعة الإخوان الإرهابية” غدا,"جامعة الملك عبدالعزيز تنظم الندوة العلمية الافتراضية “وقفات مع بيان هيئة كبار العلماء والتحذير من جماعة الإخوان الإرهابية” غدا

صحيفة وصف :تنظم جامعة الملك عبدالعزيز الندوة العلمية الافتراضية تحت عنوان “وقفات مع بيان هيئة كبار العلماء والتحذير من جماعة الإخوان الإرهابية” برعاية معالي رئيس الجامعة الأستاذ الدكتور عبدالرحمن بن عبيد اليوبي بالشراكة مع وزارة الشؤون الإسلامية والدعوة والإرشاد ووزارة التعليم ورئاسة أمن الدولة وذلك يوم الثلاثاء 25 رجب 1442هـ عبر برنامج الزوم.

وتستعرض الندوة بيان هيئة كبار العلماء ومكانة العلماء الراسخين، ووسائل الجماعات وجماعة الإخوان في نقض وتقليل هذه المكانة، التحذير من فكر وخطر جماعة الإخوان الإرهابية، والحث على الاجتماع ولزوم الجماعة، وأساليب جماعة الإخوان في هدم هذا الأصل.

ويشارك في الندوة فضيلة الشيخ الدكتور محمد بن عبدالعزيز العقيل مستشار معالي وزير الشؤون الإسلامية والدعوة والإرشاد، والدكتور عبدالعزيز بن عبدالرحمن الهليل الباحث بالقضايا والأمن الفكري، وفضيلة الشيخ الدكتور عمر بن عبدالرحمن العمر، مستشار رئيس جامعة الإمام محمد بن سعود الإسلامية والمشرف العام على وحدة التوعية الفكرية، ويدر الندوة الدكتور مسعود بن محمد القحطاني عميد شؤون الطلاب ومشرف وحدة الوعي الفكري بجامعة الملك عبدالعزيز.",,173,0,1,undecided,Government & Official Statements
source_131,credible,غدًا.. المصرية اللبنانية تنظم ندوة عن الفاتورة الالكترونية,"الجمعية المصرية اللبنانية

تنظم لجنة الصناعة بالجمعية المصرية اللبنانية لرجال الأعمال، غداً الأربعاء ندوة عبر تقنية الفيديو كونفرانس بعنوان: ""آليات تحفيز الشركات على الانضمام لمنظومة الفاتورة الإلكترونية""، بحضور المستشار ياسر تيمور، مستشار وزارة المالية لتطوير مصلحة الضرائب المصرية، والدكتور محسن الجيار، مدير إدارة مساعدة المسجلين بمصلحة الضرائب.

وقال محمد أمين الحوت، رئيس لجنة الصناعة بالجمعية، إن الندوة تهدف إلى تعزيز التعاون والتواصل بين القطاع الخاص المصري واللبناني والحكومة، من أجل المشاركة الفعالة في التنمية الاقتصادية وتعريف الأعضاء والشركات بآليات التعامل مع منظومة الاقرارات الإلكترونية.

وزيرة التعاون الدولي: جائحة كورونا لم تؤثر في أجندة التنمية بالدولة

وأضاف الحوت، أن الندوة تعقد في إطار حرص مصلحة الضرائب المصرية على تقديم التوعية والدعم للشركات، ومساعدة الممولين لتقديم اقراراتهم الضريبية الكترونيا بكل سهولة، وحل كافة المشكلات والعقبات والإجابة على جميع الاستفسارات وتحفيز الشركات علي الانضمام لمنظومة الفاتورة الالكترونية الجديدة.

ويشارك في الندوة المهندس فتح الله فوزي رئيس مجلس إدارة الجمعية وفؤاد حدرج نائب رئيس مجلس الإدارة، وعمرو فايد، المدير التنفيذي للجمعية، وعدد من رؤساء الشركات المصرية واللبنانية المستثمرة في مصر في المجالات المختلفة.",,169,0,1,undecided,Government & Official Statements
source_73,credible,باجة: مواطنون يشتكون من تواصل إغلاق مركز التلقيح,"اشتكى اليوم الثلاثاء 04 ماي 2021، عدد المواطنين وخاصة المسنّين في باجة من غلق باب مركز التلقيح للنهار الثاني على التوالي بسبب إضراب الأطباء.

وأكدت مواطنة أنها تلقت رسالة قضصيرة لاجراء التلقيح وقد تم التأكيد عليها للحضور ولكن عند توجهها إلى مركز التلقيح وجدت الأبواب مقفلة.

وبينت مواطنة ثانية أنها قدمت من مدينة تستور التي تبعد عن وسط مدينة باجة أكثر من 20 كلم لتلقي التلقيح وتكبدت مصاريف كراء سيارة لكنها لم تتمكن من إجراء التلقيح.

ومن جابنه، أفاد مواطن أصيل منطقة ريفية تابعة لمعتمدية عمدون أنه قدم من قريته التي تبعد أكثر من 40 كلم وتكبد مصاريف التنقل لكن وجد النمركز مغلق.

طالب أحد أصحاب الإحتياجات الخصوصية في تصريح لمراسل شمس أف أم بالجهة، بتغيير الفضاء المخصص لتلقّي التلقيح الى الطابق السُفلي خاصة في ظل عدم توفرّ مصعد في المركز.",,131,0,2,not credible,Health & COVID-19
source_86,credible,النائب محمد الجارحي: سأتقدم بمقترحات للبرلمان لتغليظ عقوبات المتحرشين,"أنا معجب بالشروق بالفعل، لا تظهر هذه الرسالة مرة أخرى

الجارحي: التحرّش بِطفلةِ المعادي جريمة نكراء وممقوتة تتطلب عقوبة رادعة

عبر النائب محمد الجارحي، عن إدانته لِجَريمة التحرش «النكراءِ» التي قام بِها شخص افتقد كل معنى للإنسانية بحق طفلة بمنطقة المعادي.

وَأكد الجارحي، في بيان له اليوم، أن التحرش الجِنسي ليس حدثا عاديا قد نتجاهله، بل هو انتهاك صارِخ لحُرمة الجسد.

وَطالبُ الجارحي، بمراجعة التشرِيعات ذات الصلة، دَاعِيًا مَجلس النواب والمجلس القومي للأمومةِ وَالطفولةِ وَالمَجلِس القومي لِلمَرأةِ وَكافة الجِهات ذات الصِّلة بِالتَّعاونِ؛ لِصياغةِ حلولٍ جادةٍ لِمشكلةِ التحرُّشِ الجِنسي.

وَأكد الجارحي، أنَّه سيتقدمُ بعدَ الدراسة الدقيقة بمقترحات لتعديلات تشريعية، لِتغليظِ العقوباتِ المقررةِ لهذا الفعل؛ حتى يحقق القَانون غايته بردع كل من تسول له نفسه الإقدام على ارتكاب هذا العمل الإجرامي الفاحش وَالخطير.",,121,0,1,undecided,Crime & Accidents
source_86,credible,السجن من 5 إلى 15 عاما لـ4 متهمين بقتل وإصابة شخصين في الإسكندرية,"عاقبت محكمة جنايات الإسكندرية، برئاسة المستشار محمود عبدالعاطي مبارك، اليوم الخميس، ""م. ع."" بالسجن 15 عاما، وكل من ""هـ. هـ.""، و""ع. ع.""، و""م. ا.""، بالسجن 5 أعوام، لاتهامهم بقتل ""ع. م.""، والشروع في قتل ""ال. ك.""، وذلك في القضية رقم 35957 لسنة 2019 جنايات أول المنتزه.



تعود وقائع القضية إلى تلقي مدير أمن الإسكندرية، إخطارًا من مأمور قسم شرطة أول المنتزه، يفيد بتلقيه بلاغًا من شرطة النجدة، حول وقوع مشاجرة في شارع محمد نجيب، وأدت إلى مصرع شخص وإصابة آخر.



وجاء بالتحقيقات، المدعومة بتحريات المباحث، قيام المتهمين وهم: ""عامل، وفني تركيبات، وعاطل، وسائق""، بحيازة أسلحة بيضاء، حيث تعدى المتهم الأول على المجني عليه بسلاح أبيض ""خنجر"" بعدة طعنات في الصدر، ليسقط غارقًا في دمائه، مفارقًا الحياة، بالإشتراك مع باقي المتهمين، ثم شرعوا جميعًا في قتل الثاني، لكنه نجا من براثنهم، وذلك إثر خلافات جيرة سابقة نشبت بينهما.



وبتقنين الإجراءات، تم إلقاء القبض عليهم، وبحوزتهم الأسلحة البيضاء، وباقتيادهم إلى قسم الشرطة وتحرير محضر بالواقعة، وعرضهم على النيابة العامة، قررت حبسهم على ذمة التحقيقات إلى أن تم إحالتهم لمحكمة جنايات الإسكندرية، التي أصدرت حكمها المُقدم، بعضوية المستشارين: أيمن إبراهيم حنفي، وعبد العاطى مسعود شعله، وسكرتير الجنايات، محمد عثمان.",,186,0,1,undecided,Health & COVID-19
source_35,not credible,استقبال من تجاوزوا 50 عاما للتطعيم دون موعد مسبق الجمعة,"الأردن اليوم – قالت غرفة عمليات خلية الأزمة في الحملة الوطنية للتطعيم، إنه في ضوء قرار تشغيل بعض مراكز التطعيم، الجمعة الموافق 25 حزيران 2021، لإعطاء المطعوم لأكبر شريحة ممكنة من الفئات الأكثر اختطاراً، بالإضافة الى المواعيد التي تم ارسالها مسبقاً لمستحقيها، فقد تقرر استقبال الأشخاص الذين بلغوا من العمر 50 عاما وأكثر في مراكز التطعيم المبينة أدناه دون موعد مسبق.

وأضافت، أنه شريطة عدم وجود موانع طبية كالحساسية المفرطة أو الإصابة خلال مدة 30 يوما السابقة، راجين من الأخوة المواطنين والمقيمين الذين ينطبق عليهم شرط العمر مراجعة مركز التطعيم منفردين، وفي حال الحاجة لوجود مرافق فيجب أن لا يزيد عن شخص واحد فقط منعاً للاكتظاظ والتجمهر.",,107,2,1,undecided,Health & COVID-19
source_108,credible,ربيكا قرنق تعلن اصابتها بفيروس كورونا بنيروبي,"أعلنت ربيكا نياندينق دي مبيور ، نائب رئيس جمهورية جنوب السودان لشؤون النوع ، إصابتها بفيروس “كورونا” ، اليوم في العاصمة الكينية نيروبي.

وقالت ربيكا ، من مقر إقامتها بنيروبي ، لراديو تمازُج اليوم ، ان نتيجة الفحص لفيروس كورونا صباح اليوم الخميس إيجابية ، قائلة: “لقد حضرت الى نيروبي للعلاج الأسنان ، لكن قررت فحص كورونا أمس الأربعاء وصباح اليوم النتيجة كانت إيجابية لكنني أشعر بصحة جيدة”.

وقالت ربيكا: “قلت أنه من الافضل أن أخبر شعب جنوب السودان بنتيجة كورونا ، كقيادية ، لأنني لست مجرد شخص عادية ، وقمت مباشرة بنشر النتيجة على صفحتي في فيس بوك”.

وأوضحت ربيكة ، إنها قامت بعزل نفسها في غرفتها ، حسب قرار الأطباء ، وأنها تراقب معدل الأسكجين وتابعت: “صباح اليوم مارست الرياضة ، والأكسجين جيد وأشعر بالخير”.

وناشدت ربيكة ، شعب جنوب السودان على الالتزام بإجراءات كورونا ، قائلة: “ما نقوم به الآن في الموجة الثانية لكورونا ، كان من الأفضل أن تكون من الأول ، و يجب على الجميع المعرفة أن فيروس كورونا مرض قاتل وعليهم التعرف على طرق الوقاية ، من الإجراءات الصحية والفحوصات عند الشعور بمضاعفات”.

وكشفت المسؤولة الحكومية ، أنهم في جنوب السودان من خلال حملات التوعية عن فيروس كورونا ، قاموا بتوزيع “1.8” مليون كمامة ، مبينة أن على الحكومة في جنوب السودان زيادة معدلات توعية المواطنين عن فيروس “كورونا”.

وقالت: “حالياً في جنوب السودان فقدنا شباب في سن مبكر ، بسبب المفاهيم الخاطئة ، أن فيروس كورونا يصيب الكبار فقط”.

المصدر من هنا",,239,0,1,undecided,Government & Official Statements
source_39,credible,العراق على النهج الفارسي:من يدعو لاغتيال أبي جعفر المنصور؟,"وكتب الباحث في تاريخ الأديان عباس شمس الدين قائلا إن ""بني العباس سجنوا وعذبوا كل من: الامام أبي حنيفة النعمان حتى مات، الإمام مالك بن أنس، الإمام الشافعي ثلاث مرات، الامام أحمد بن حنبل"". وكتب الناشط السياسي عماد مسافر عبر حسابه على تويتر ""يجب أن تزال أصنام قتلة آل البيت عليهم السلام من بغداد لأن وجود هذا الصنم استفزاز لمشاعر الأغلبية التي تسكن بغداد"".



وصدرت بيانات غاضبة من البغاددة تدعو الى مجابهة دعوات تدمير التمثال وتطالب الدولة بحماية تراث المدينة الثقافي...





المسخ الثقافي



وكتب الشاعر العراقي باسم المرعبي ""الدعوة إلى هدم وإزالة تمثال المنصور ـ الذي سبق وأن استُهدف بتفجير عام 2005 ـ تبيّن مدى عمق المسخ الثقافي الذي لعبته طوال قرون كتب التشّيع الصفوي في العقل الجمعي (الشيعي) العراقي، رغم أن العراق هو موطن التشيّع، بدءاً. كان من أولويات التشيع الأسود ـ بتسمية المفكر علي شريعتي ـ هو شيطنة الخليفة عمر بن الخطاب. وبقليل من التأمل يتضح أن هذا العداء يمثل طفحاً لمضمرات الروح الفارسية التي ترى في عمر هادماً ومُبيداً لإمبراطوريتها. وكأن لا عزاء في دخولهم الإسلام، فالقومية تعلو على الدين لديهم. لقد تمّ تلفيق واختراع عشرات الروايات بحق عمر، دون أدنى مراعاة لدين أو أخلاق فهي تتعرض له في خصوصياته وتطعن حتى في أصله.

ومن الطينة ذاتها تنبت حكاية قتل المنصور للإمام جعفر الصادق: 702ـ765 م وهو ما لم يقل به أي مصدر تاريخي، وفي غياب الدليل عمد المفبركون إلى اختراع حكاية التسميم، لغموضها وصعوبة الإثبات أو النفي فيها.

فضلاً عن الجانب السياسي في موضوع كهذا فإنه يمثل، في حقيقته، صراعاً حضارياً، وفي عمقه، صراع وجود. أما الأدوات الوضيعة من العراقيين السائرين في جعل هذا المشروع قيد التنفيذ فهم من السوقة، الجهلة الذين لا صلة عضوية تربطهم بالمدينة وروحها، فضلاً عن امتلاكهم حواساً صمّاء، حيال كل ما هو جمالي، فني. وهم، بالضرورة، طارئون عليها، أي المدينة، وعلى كل ما هو مدني.



فقه الدين وفقه السياسة

ونشر الكاتب جعفر المظهر تعليقا طويلا يقول فيه ""صلاح الدين الأيوبي قضى على الدولة الفاطمية في مصر، لكنه مع ذلك أبقى على اسم القاهرة، وما زال المصريون يعتزون بإسم عاصمتهم بإعتبارها قاهرة المعز نسبة إلى بانيها الخليفة الفاطمي.



وللتاريخ أيضا فإن جامعة الأزهر يعود تشييدها أيضا إلى نفس الخليفة، أي المعز الفاطمي، وقد خصصت في بادئ الأمر لتعليم ونشر المذهب الشيعي، وقد أبقى صلاح الدين الأيوبي على الإسم نفسه الذي ظل على حاله حتى الوقت الحاضر.

بغداد لم تبنِ ضريحا لمؤسسها (أبو جعفر المنصور) بل اكتفت بنصب لرأسه فقط. في المقابل أبقت بغداد، التي حكمتها أنظمة أغلب رجالها من السنة، على ضريح الإمام موسى الكاظم وأسمت المنطقة الكبيرة التي تحيط بالضريح بإسمه (الكاظمية) التي صارت اليوم من أكبر مناطق بغداد.

الإمام أبو حنيفة النعمان، الذي يتبعه أغلب سنة العراق مات في سجن أبي جعفر المنصور، لكن سنة العراق التابعين فقهياً لإمامهم بنوا ضريحاً لإمامهم وسموا حياً بغدادياً كبيراً بإسمه، ومع ذلك، فهم لم يدخلوا في خصومة تاريخية سياسية مع المنصور، لأنهم عرفوا كيف يميزون بين فقه الدين وفقه السياسة.

أهل سامراء الذين ظلوا حراساً تاريخيين لضريحي الإمامين العسكري والهادي لم يظهر منهم، وهم سنة على فقه أبي حنيفة، من دعا إلى نقل رفات الإمامين إلى منطقة شيعية، بل ظلوا حراساً للضريحين وكرماء مع زواره.



شواهد الدولة العباسية من معاهد دراسية (جامعة المستنصرية) إلى بوابات بغداد إلى قبور لشخصيات عديدة منها ما زالت منتشرة على طول مساحة بغداد الأصلية، فهل صار متوقعاً أن يجري تغيير إسم الجامعة أو يجري نبش القبور وهدم الأسوار وتغيير بوابات بغداد.



ثم إذا حسبنا أن إزالة رأس المنصور قد تمت لأسباب ثأرية، فهل يعني ذلك أن علينا أن نتوقع في وقت آخر تغيير اسم بغداد نفسها التي بناها المنصور إلى إسم من أسماء أئمة الشيعة.



إن التاريخ الذي يكتب بقلم واحد وبلون واحد وبعقل واحد هو تاريخ لا يستحق القراءة.



كذلك فإن بلدا بتاريخ كهذا سيصعب عليه البقاء.

***

شكرا للأخوين اللذين نبّهاني إلى أن صلاح الدين الأيوبي كان قد أغلق جامعة الأزهر لمدة مائة عام لكونها كانت تدرس المذهب الشيعي، وما أريد التنبيه إليه هنا هو أن هدف هذا المطبوع ليس ذكر محاسن الأيوبي على حساب غيره، أو تجاوز حقيقة الأحداث ذات الطبيعة المذهبية والطائفية التي رافقت سياسته الداخلية، غير أن من الحق الإنتباه إلى أن تلك الممارسات لم تكن بعيدة عن واقع الصراعات الدينية والمذهبية التي طبعت تلك المرحلة التاريخية على صعيد العالم برمته. ويوم يشار إلى هذه المآخذ السلبية المتعلقة بالنهج الأيوبي فعلينا أن لا ننسى أن الصراعات الدينية والمذهبية كانت هي التي تتحكم بسياقات الصراع آنذاك، وأن المرحلة الحالية قد أنهت تلك الحقبة المظلمة وسمحت للتيارات المتحضرة أن تتسيد المشهد الإنساني، وكان مؤملا لمنطقتنا العربية بعد إنهيار الدولة العثمانية أن تسير على النهج ذاته، غير أن الحركات الدينية والمذهبية عادت من جديد لتتسيد المشهد السياسي والإجتماعي ولتكسر من جديد حلقة التطور ضمن مجتمعاتنا ودولنا.

وحتى لو أوصِينا بضرورة البحث عن الأسباب الذاتية التي أدت إلى تلك النكسة، بعيدا عن نظرية المؤامرة، إلا أن ذلك يجب أن لا ينسينا أن مآلات الأوضاع قد صبت في النهاية بمصلحة الأطماع الأجنبية في المنطقة، والتي تتقدمها مصلحة إسرائيل بشكل أساسي، قبل أن تلتحق بها دول أخرى مثل إيران الخميني وبعد ذلك تركيا أردوغان بما أعاد إلى أذهاننا وعلى الأرض أيضا مشاهد الصراع بين الدولتين التركية والإيرانية على حساب مصالحنا الوطنية وأمن منطقتنا العربية.

وحتى لو أننا أعدنا إلى الأذهان حقيقة موقف الأيوبي من جامعة الأزهر، فالسبب كان واضحاً وهو إرتباط الجامعة بطبيعة الصراع القائم آنذاك، وكونها كانت قد أقيمت لتدريس المذهب الشيعي، ولم يكن متوقعا بالتالي أن يبقي الأيوبي على صرح كان قد انتصر على مذهبه.

لكن قصة أبو جعفر المنصور، هي لا شك تختلف عن جميع تلك القصص السالفة لأن صاحب التمثال هو مؤسس المدينة التي ينتصب فيها تمثاله، ولا بد بالتالي أن تبدأ قراءته من خلال هذه المعطية التاريخية الفذّة، دون أن تحمل الدعوة إلى إحترام ذلك أية دعوة مرافقة لنسيان مشاهد صراعات الرجل مع معاصريه وفي مقدمتهم الإمام موسى الكاظم، وعلى أن يجري البحث فيها بصورة مهنية أكاديمية صرفة، لا تأكل من هذا لحساب ذاك. وحتى أن الإنحياز الفكري أو المذهبي لهذا دون ذاك فهو لن يكون مدعاة لنسيان طبيعة الإنجازات التي حققها الآخر.

إن الطامة هنا تتأكد من خلال حقيقة أن مشروع الإزالة، هي محاولة أكيدة لإعادة قراءة تاريخ العراق على أساس مذهبي، وإعادة تكوين العراق الدولة والوطن على هذا الأساس. وفي بلد ترتفع في مداخل أزقته وشوارعه وفي الوسط من ساحاته صور لرجال دين وسياسة إيرانيين، فإن إزالة التمثال، لا يأتي منعزلا عن نهج التفريس، الذي يدخل إلى عراقنا على حمار لعين اسمه الطائفية، مع إعتذاري للحمار الحيوان الذي لا يستحق اللعنة إلا حينما يتسيد على بني الإنسان، ويحاول أن يدوس على بلد تاريخي عظيم اسمه العراق، ثم يلقي بفضلاته على أرضه دون أي إعتبار لقدسية المكان.

ويهمني للمرة الألف أن أؤكد أن مشروع طيفنة العراق وفرسنته يؤذي بشكل خاص شيعة العراق قبل سنته، لأنه يجعلهم موضوعة التخلف الرئيسة، ولسنا بحاجة إلى توصيف حالة الإمتهان التي تشترط تحويل الشيعي العراقي إلى إنسان جاهل متخلف مُسْتغل وجائع كشرط لبقاء ساسة الشيعة الطائفيين وتسيدهم وضمانة لإستمرار أحزابهم التي لا تمتلك قدرة الإستمرار إلا من خلال بقاء النفخ في الطائفية المقيتة، وأعود إلى التأكيد مرة أخرى على تلك المقولة التي كنت قد كتبتها قبل أكثر من خمسة عشر سنة وهي التي تقول أن الشيعي العراقي يجب أن ينتصر بالسني العراقي وليس على السني العراقي, وينطبق هذا القول على جميع الثنائيات الأخرى, دينية كانت أم قومية. ومعنى ذلك أن الشيعي العراقي سينتصر فعلا وسيضمن مستقبله الإنساني المتحضر في عراق وطني لا طائفية ولا أحزاب دينية فيه.





وغرّد آزاد اسكندر قائلاً: تمثال أبو جعفر المنصور هذا شغل خالد الرحال أحد أعمدة الفن العراقي الحديث، هذا التمثال كنز لا يعوض. الشعوب تحافظ بماء العين على تراثها وتاريخ مدنها. بينما أعداء بغداد من السرسرية والمنحطين يدعون إلى تفجير الفن والتراث والتاريخ! العالم يتلقف أعمال رواد الفن العراقي ويقيمها بالإعجاب والاهتمام والمال، ونحن نعيش في ظلمات الطائفية وضيمها.





وكتبت صفحة IRaQi Mix: عندما وقعت فاجعة مستشفى الخطيب وانشغل الناس بها، بعدها بيوم ظهر تريند (عگال أياد راضي) مما جعل الناس يتركون القضية المهمة (الحريق) ويركزون على موضوع غير مهم وهذا هو المطلوب من الجهات التي تنفذ هذه الأفكار

في كل مرة يتم فيها التركيز حول الفشل الحكومي أو كارثة معينة تأتي تريندات مثل العگال وهدم تمثال المنصور هدفها صرف أنظار الناس عن الواقع المؤلم والتوجه إلى أمور تفرق الشعب وتسبب نزاعات نحن في غنى عنها حاليًا.

تمثال المنصور مجرد حجر لا فائدة أو ضرر منه، هدمه لن يحل لك مشاكلك التي تعاني منها منذ عشرات السنين، لو كنت فعلاً تحب النبي وآل بيته صلوات الله وسلامه عليهم يجب عليك أن تكون مناصرًا للحق عدوًا للباطل.. لا تتملق لكل سياسي تراه، نزيهًا وشريفًا في كل مجالات الحياة، والكلام يطول..

لا تجعل تلك الجهات تحقق أهدافها وتُدِخلك في صراعات مع أبناء شعبك، هناك أشياء أساسية واجب علينا التصرف بها وبعدها ننظر للثانويات.

وغردت صفحة IraQi-Leaks ساخرة: العثرة الوحيدة التي منعت الاحزاب الشيعية التي تلطم وتحزن وتوزع لفات گص في المآتم ومراسيم عزاء الكاظم، هو تمثال ابو جعفر المنصور.

لو ازيل، لرأينا الجسور وناطحات السحاب والشوارع المعبدة. واحدث المدارس والجامعات وارقى المطارات ومحطات المترو. اضافة الى الخدمات والنظافة وكهرباء على مدار اليوم.

لولا تمثال ابو جعفر المنصور، مدمّر بغداد، لجعل احفاد الكاظم بغداد، عاصمة العالم.

***

(*) أبو جعفر المنصور هو المؤسس الحقيقي لدولة العباسيين، وقد تنازل عن الخلافة أول الأمر لأخيه (أبي عبد الله السفاح). وهو يضاهي عبد الملك بن مروان في دولة الأمويين.",,1481,0,2,not credible,Source-Specific Artifacts / Boilerplate
source_100,credible,(شاباك) يطالب الشرطة الإسرائيلية بإزالة الحواجز الحديدة بساحة باب العامود,"رابط مختصر:

رام الله - دنيا الوطن

كشفت قناة (كان) الإسرائيلية، مساء اليوم الاثنين، أن جهاز (شاباك) طلب من القيادية المركزية في الشرطة الإسرائيلية بالقدس، إزالة الحواجز الحديدية من ساحة باب العامود.



وأشارت القناة ذاتها، إلى أن طلب جهاز (شاباك) جاء لتهدئة الأحداث التي تشهدها المنطقة.",,46,0,1,undecided,Crime & Accidents
source_100,credible,القدس: إصابة تسعة مواطنين بينهم صحفي خلال قمع الاحتلال اعتصاما أسبوعيا ضد الاستيطان,"إصابة مصور خلال اعتصام الشيخ جراح ضد الاستيطان

رابط مختصر:

رام الله - دنيا الوطن

أصيب تسعة مواطنين بينهم مصور صحفي، اليوم الجمعة، خلال قمع قوات الاحتلال الإسرائيلي، الاعتصام الأسبوعي ضد الاستيطان في حي الشيخ جراح بالقدس.



وأفادت جمعية الهلال الأحمر الفلسطيني، بإصابة تسعة مواطنين، منهم أربعة، بالرصاص المعدني المغلف بالمطاط، من بينهم مصور صحيفة القدس محمود عليان، وخمسة آخرين نتيجة اعتداء شرطة الاحتلال عليهم بالضرب والتنكيل، وفق ما نقلت وكالة الأنباء الفلسطينية (وفا).



وطالب المشاركون بوقف قرارات محاكم الاحتلال القاضية بإخلاء وتهجير عائلات حي الشيخ جراح من منازلها لصالح جمعيات استيطانية، ودعم صمود سكان الحي.",,96,0,1,undecided,Source-Specific Artifacts / Boilerplate
source_86,credible,إصابة طفل بنزيف بالمخ بعد سقوطه من أعلى سلم منزله في الدقهلية,"أصيب طفل بنزيف في المخ واشتباه ما بعد الارتجاج، إثر سقوطه من أعلى سلم منزله بقرية ""الحصاينة"" مركز السنبلاوين بمحافظة الدقهلية، وتم نقله إلى مستشفى المنصورة الدولي لخطورة حالته.

وتلقى اللواء رأفت عبد الباعث، مدير أمن الدقهلية، إخطارا من اللواء مصطفى كمال، مدير المباحث الجنائية يفيد بورود بلاغ لمركز شرطة السنبلاوين من مستشفى السنبلاوين العام بوصول الطفل ""حسام لبيب السيد لبيب "" ۷ سنوات طالب، ومقيم طرف أسرته بقرية ""الحصاينة"" دائرة المركز مصابا باشتباه مابعد الإرتجاج واشتباه نزيف بالمخ ( إدعاء سقوط من علو) وتم تحويله الى مسشتفى المنصورة الدولي.

بانتقال ضباط المباحث إلي مكان البلاغ وبالفحص وسؤال والده المدعو ""لبيب السيد لبيب"" ۳۸ فلاح، ومقيم بذات القرية قرر أنه حال نزول نجله من أعلى سلم المنزل اختل توازنه وسقط أرضا؛ ما أدى إلى حدوث إصابته ولم يتهم أحدا بالتسبب في ذلك.

تحرر عن ذلك المحضر رقم ٢٧١٥ لسنة ٢٠٢١ إداري مركز شرطة السنبلاوين، وجار العرض على النيابة العامة.",,149,0,1,undecided,Health & COVID-19
source_123,credible,وزارة العدل: دورة تكوينية للقضاة والإطارات في هذه المجالات – الشروق أونلاين,"أعلنت وزارة العدل عن فتح عملية تكوينية لفائدة القضاة في مجال التحكم في إجراءات الصفقات العمومية، ومكافحة الجريمة السيبرانية، وذلك في إطار التعاون مع البرنامج الأوروبي لدعم قطاع العدالة بالجزائر.

وأفاد بيان لوزارة العدل، السبت، انه في إطار العملية التكوينية المبرمجة بالجزائر لفائدة القضاة من 14 إلى 18 فيفري 2021، وذلك في إطار التعاون مع البرنامج الأوروبي لدعم قطاع العدالة بالجزائر، يشارك 22 موظفا حول “مسار تعزيز القدرات في مجال التحكم في إجراءات الصفقات العمومية لاسيما إعداد دفتر الشروط من طرف السلطة العمومية المتعاقدة”، من 15 إلى 18 فيفري 2021 بالمدرسة العليا للقضاء بالقليعة.

وأوضح البيان أن هذه الدورة تهدف إلى تدعيم كفاءات المسيرين للتحكم العملي في إجراءات الصفقات العمومية وإتقان منهجية إعداد دفتر الشروط (المتعلقة المقتنيات، الخدمات، الدراسات والأشغال).

كما سيتضمن البرنامج التكويني الأوروبي، دورة لمكافحة الجريمة السيبيرانية CyberSud،حيث يشارك 6 قضاة في ورشة عمل وطنية عبر الانترنت حول “تحضير التقرير السنوي حول وضعية الجريمة المعلوماتية و الدليل الالكتروني”، يوم 17 فيفري 2021.

ويضيف البيان “تشكل هذه الورشة الوطنية فرصة لجمع مختلف الفاعلين الوطنيين في مجال مكافحة الجريمة السيبرانية وكذا مناقشة التصور الذي يجب اعتماده من أجل تقييم التهديدات المتعلقة بالجرائم السيبرانية على المستوى الوطني، و الأخذ بعين الاعتبار الأدلة الالكترونية في معالجة قضايا الجرائم السيبرانية عند إعداد التقارير حول وضعية هذه الجرائم”.

في إطار التعاون مع البرنامج الأوروبي لمكافحة الجريمة السيبيرانية CyberSud ، يشارك 4 قضاة ممارسين رفقة قاض ومهندس في الإعلام الآلي من المديرية العامة لعصرنة العدالة، في ملتقى تقني عبر الانترنت حول” تطبيقات التشفير في مجال الجريمة المعلوماتية و/أو التجريم الرقمي”، من تنظيم المنظمة الدولية للشرطة الجنائية وبرنامج العمل الشامل حول الجريمة المعلوماتية الموسعة GLACY + من 15 إلى 25 فيفري 2021.",,266,0,2,not credible,Government & Official Statements
source_134,credible,500 ألف طائر مهاجر زار تونس خلال الشتاء,"زار تونس في الشتاء المنقضي قرابة 500 ألف طائر مهاجر وكانت سبخة السيجومي الحاضنة المفضلة لها من بين السباخ والبحيرات الأخرى في البلاد وهي أمكان تجدر حمايتها من التلوث والتوسع العمراني والنشاط البشري حسب ما جاء في ندوة علمية نظمتها ""جمعية أحباء الطيور"" بتونس في نطاق الاحتفال باليوم العالمي للمناطق الرطبة الذي حمل هذا العام شعار ""المياه والأراضي الرطبة والحياة لا تنفصل عن بعضها البعض"".

واستقبلت سبخة السيجومي بالعاصمة هذا الشتاء (ديسمبر وجانفي وفيفري) أكثر من 126 ألف طائر مائي تليها سبخة آريانة بحوالي 89565 طائرا لكن عدد أصناف الطيور الزائرة فصليا لبلادنا تراجع إذ سجل حضور 45 صنفا فقط في أهم مجمع للأصناف ببحيرة منطقة سليمان وذلك بسبب ""الانتهاكات التي تطال الأنظمة البيئية من جراء الأنشطة البشرية والتغيرات المناخية"" حسب ما أكده المنسق العلمي ل ""جمعية أحباء الطيور"" هشام الزفزاف عند عرضه للتعداد السنوي لـ2021 للطيور المهاجرة وتحليل المعطيات المتعلقة بها.

ولفتت المديرة التفيذية للجمعية ""كلوديا فلتراب"" خلال ندوة علمية افتراضية نظمتها اليوم الجمعة الانتباه الى أن التنوع البيولوجي الفريد من نوعه بسبخة السيجومي وهي أهم منطقة رطبة في البلاد ""مهدد بالزوال بسبب مشروع التهيئة التي تعتزم وزارة التجهيز انجازه ما لم يحترم المشروع المقاييس التي تضمن التوازن بين تهيئة السبخة والحفاظ عليها كمنطقة رطبة ذات أهمية كبيرة أمضت تونس اتفاقيات دولية عديدة لحمايتها"".





*وات*",,206,0,2,not credible,Government & Official Statements
source_134,credible,أنس جابر تحقق افضل ترتيب في مسيرتها,"اصدر الاتحاد الدولي لكرة المضرب صباح اليوم الاثنين، الترتيب العالمي الخاص باللاعبات المحترفات و قد جاءت التونسية انس جابر في المركز 28 و هو افضل ترتيب تحققه لاعبتنا منذ بداية مسيرتها.

",,31,0,2,not credible,Sports News
source_94,credible,باك 2021.. ما لا تعرفونه عن النابغة صاحبة أعلى معدل في المغرب,"باك 2021.. ما لا تعرفونه عن النابغة صاحبة أعلى معدل في المغرب

أعلنت وزارة التربية الوطنية، اليوم الأحد، أن أعلى معدل عام على المستوى الوطني في هذه الدورة 53، 19 من 20، بمسلك العلوم الفيزيائية- خيار فرنسية، وذلك بالمديرية الإقليمية مراكش (الأكاديمية الجهوية للتربية والتكوين لجهة مراكش-آسفي).

وحسب المعطيات المتوفرة بإن التلميذة الناجحة بمعدل قياسي تدعى امينة الزروالي وهي بين ثلة من التلاميذ المتميزين في أكاديمية جهة مراكش آسفي، من أب وأم ينتميان إلى أسرة التعليم.

وتسعى التمليذة المجدة إلى التخصص في مجال الهندسة المعمارية أو اتباع المسار الدراسي الطويل لشعبة الطب.

وبلغ عدد الناجحين في الامتحان الوطني لنيل شهادة البكالوريا (دورة يونيو 2021) ما مجموعه 221 ألف و31 تلميذا، بنسبة نجاح بلغت 68,43 في المائة مقابل 08، 63 في نفس الدورة لعام 2020.

وأوضحت وزارة وزارة التربية الوطنية والتكوين المهني والتعليم العالي والبحث العلمي ، قطاع التربية الوطنية ، في بلاغ أن هؤلاء الناجحين يشملون الممدرسين بالتعليم العمومي والخصوصي، وأن الإناث تشكلن 54، 55 في من مجموع الناجحات والناجحين الممدرسين الذين بلغ عدد الحاصلين منهم على ميزة 116 ألف و518، بنسبة 72، 52 في المائة.",,176,0,2,not credible,Government & Official Statements
source_86,credible,وزير العدل: نتعاون مع التخطيط والاتصالات للانتهاء من تطوير مكاتب الشهر العقاري,"وجه المستشار عمر مروان وزير العدل، الشكر لوزيرة التخطيط الدكتورة هالة السعيد؛ لتعاونها في طلبات تنفيذ سيارات متنقلة أو شراء وتخصيص أماكن للوزارة لإنشاء مقار للشهر العقاري.

جاء ذلك خلال الجلسة العامة لمجلس النواب برئاسة المستشار الدكتور حنفى جبالى، المنعقدة اليوم الثلاثاء، والتي شهدت مناقشة 31 أداة رقابية مواجهة لوزير العدل، تتضمن 30 طلب إحاطة وسؤالا، عن عدم تغطية مكاتب الشهر العقارى لجميع محافظات الجمهورية، فضلا عن نقص عدد الموظفين بها مما يؤثر على سير العمل رغم المسابقات العديدة المعلن عنها عن سوء أحوال وتهالك مباني المحاكم وتأخر تنفيذ بعض المشروعات لبناء المحاكم ببعض المحافظات.

وأكد وزير العدل -خلال الفترة الماضية- حل أزمة التكدس التى كانت تشهدها مكاتب الشهر العقاري والتوثيق، وذلك من خلال فتح فروع التوثيق فى مكاتب البريد، بواقع 109 مكاتب، يعمل منها 101 حاليا، لافتاً إلى أن السبب في اختيار مكاتب البريد لا سيما وأنها مميكنة، وبالتالي يسهل تقديم خدمات الشهر العقاري والتوثيق بسهولة.

ولفت مروان إلى التعاون المستمر مع وزير الاتصالات في شأن تطوير مقار الشهر العقاري بمختلف المحافظات، قائلا: ""هناك أماكن تحتاج إلى خطوط ربط، ويجري التنسيق مع وزير الاتصالات في هذا الشأن وهناك تعاون على أعلى مستوى، لكننا لا نستطيع العمل على الجميع مرة واحدة"".

وبالنسبة لمطالب بعض النواب بشأن إضافة مقار وفروع جديدة لمكاتب الشهر العقاري في دوائرهم أو موظفين، أوضح المستشار عمر مروان أنه يتم النظر في جدوى عمل مكتب جديد في المنطقة المذكورة، وقد يتبين عدم وجود جدوى اقتصادية بفتح مكتب جديد مع كفاية المقرات القائمة بالفعل، ويتم الإرجاء لحين تقديم خدمات مستحدثة.

وحول ما تحدث عنه النواب بشأن العجز في مقرات الشهر العقاري في 6 أكتوبر، أكد أن أكتوبر بها 13 مقرا ومأمورية شهر عقاري، لافتا في سياق متصل إلى أنه فيما يتعلق بمقر أوسيم، فإن حالته صعبة بالفعل، وتم استئجار مقر بديل واستغلاله، لكن يبقى توصيل خط الربط بالتنسيق مع وزارة الاتصالات.",,293,0,1,undecided,Government & Official Statements
source_100,credible,وزيرة خارجية كوت ديفوار: نؤكد موقفنا الثابت من القضية الفلسطينية وندعم حل الدولتين,رام الله - دنيا الوطنجددت وزيرة الخارجية والاندماج الأفريقي والمغتربين الإيفوارية كانديا كامارا، التأكيد على موقف الكوت ديفوار الثابت والداعم للقضية الفلسطينية ولشعبنا، وحقه في إقامة دولته المستقلة، عبر التوصل لحل نهائي ينهي الصراع الفلسطيني الإسرائيلي.جاء ذلك خلال لقاء جمع مجلس السفراء العرب المعتمدين لدى الكوت ديفوار مع الوزيرة كامارا، لنقل الموقف العربي الموحد في إدانة الاعتداءات الأخيرة لسلطات الاحتلال الإسرائيلي على الأرض والشعب الفلسطيني، والانتهاكات الخطيرة ضد المقدسات المسيحية والإسلامية في مدينة القدس والتهجير القسري لسكانها الأصليين، بحسب الوكالة الفلسطينية الرسمية.وقال سفير دولة فلسطين لدى الكوت ديفوار عبد الكريم عويضة، إن لقاء وزيرة الخارجية الإيفوارية يأتي في إطار خطة العمل التي تم الاتفاق عليها في الاجتماع الطارئ لمجلس السفراء العرب المعتمدين في أبيدجان، للتحرك على الساحة الإيفوارية على المستويين الرسمي والشعبي، لكشف الاعتداءات الإسرائيلية على شعبنا وأرضه ومقدساته، خاصة مدينة القدس، وشرح تداعياتها الخطيرة على عملية السلام والأمن الدولي.,,140,0,1,undecided,Government & Official Statements
source_100,credible,مسؤولة أممية: سكان غزة تحملوا معاناة لا يمكن تخيلها خلال التصعيد الأخير,"رام الله - دنيا الوطنأكدت منسقة الشؤون الإنسانية في الأمم المتحدة، لين هاس تينغز، أن ""سكان غزة تحملوا معاناة لا يمكن تخيلها خلال التصعيد الأخير"".وأشارت لين هاس تينغز إلى أن التصعيد الأخير في غزة أدى لتدمير بعض المنشآت الطبية من بينها المعمل الطبي الوحيد في القطاع، بحسب ما جاء على موقع (روسيا اليوم).ولفتت إلى أن إسرائيل دمرت مستودع المحاصيل الزراعية لموسم كامل"" محذرة من أن ""هذا يهدد بأزمة غذائية بالقطاع.ودعت منسقة الشؤون الإنسانية في الأمم المتحدة الجانبين الإسرائيلي والفلسطيني لتعزيز وقف إطلاق النار وتفادي الاستفزازات.",,85,0,1,undecided,General/Other Ambiguous Context
source_73,credible,كورونا: تسجيل حالة وفاة و32 إصابة جديدة في زغوان,"سجلت ولاية زغوان اليوم الأحد حالة وفاة جديدة نتيجة الإصابة بفيروس كورونا لامرأة من منطقة زغوان تبلغ من العمر54 سنة ليرتفع بذلك عدد الوفيات إلى171 حالة منذ ظهور الوباء.

وذكر نبيل الورفلي كاهية مدير الصحة الأساسية أن المصالح الصحية تلقت اليوم أيضا 32 نتيجة إيجابية لتحاليل مخبرية تثبت إصابة أصحابها بالفيروس وذلك من جملة 112 عينة تم رفعها للغرض.

وأوضح في هذا الجانب أن نسبة التحاليل الإيجابية في الجهة يشهد ارتفاعا ملحوظا منذ نهاية شهر أفريل الماضي مشيرا إلى أن عدد المقيمين بوحدات الكوفيد بلغت أحيانا طاقة استيعابها القصوى المحددة بـ46 سريرا.

وأكد أن الوباء لازال يشكل خطرا حقيقيا على حياة المواطنين داعيا كافة الهياكل المتدخلة إلى ضرورة مواصلة تطبيق إجراءات البروتوكول الصحي في ظل الإنتشار السريع للعدوى وتراخي المواطن في الالتزام بالتوقي من الفيروس.",,125,0,2,not credible,Health & COVID-19
source_86,credible,ضبط 221 قطعة سلاح ناري وتنفيذ 80 ألف حكم قضائي خلال 24 ساعة,"أنا معجب بالشروق بالفعل، لا تظهر هذه الرسالة مرة أخرى

سجّل إعجابك بصفحتنا على فيسبوك لتحصل على المزيد

أعجبك الموضوع؟ سجّل إعجابك بصفحتنا على فيسبوك لتحصل على المزيد

ضبطت أجهزة وزارة الداخلية، 221 قطعة سلاح ناري ونفذت 80 ألف حكم قضائي متنوع، خلال 24 ساعة.

واصلت أجهزة وزارة الداخلية بمختلف مديريات الأمن على مستوى الجمهورية، حملاتها الأمنية تنفيذا لتوجهيات وزير الداخلية اللواء محمود توفيق؛ لمواجهة البلطجة وضبط الخارجين على القانون وحائزي الأسلحة النارية والبيضاء وإحكام السيطرة الأمنية.

وأسفرت جهود الحملات التي أشرف عليها اللواء علاء الدين سليم مساعد وزير الداخلية للأمن العام، خلال 24 ساعة، عن ضبط 221 قطعة سلاح ناري بحوزة 189 متهما، شملت (19 بندقية آلية، 35 بندقية خرطوش، 19 طبنجة، 148 فردا محليا، 639 طلقة مختلفة الأعيرة، 30 خزينة متنوعة، 223 قطعة سلاح أبيض).",,127,0,2,not credible,Government & Official Statements
source_35,not credible,تعذر الاستماع لشهادة مسؤول ملف كورونا السَّابق في قضية مستشفى السَّلط بسبب السَّفر,"تعذر الاستماع لشهادة مسؤول ملف كورونا السَّابق في قضية مستشفى السَّلط بسبب السَّفر

50 شارك",,15,2,0,credible,Health & COVID-19
source_100,credible,الخليل: الاحتلال يواصل عمليات التجريف الواسعة في عين البيضا,"رابط مختصر:

رام الله - دنيا الوطن

تواصل آليات المستوطنين عمليات التجريف في منطقة عين البيضا جنوب الخليل، ضمن سياسة التهجير والتطهير العرقي، التي تتبعها حكومة الاحتلال ضد أهالي مسافر يطا وممتلكاتهم لصالح التوسع الاستيطاني، لما تمثله المنطقة كرئة حيوية للفلسطينيين.



وأكد راتب الجبور، منسق اللجان الشعبية جنوب الضفة الغربية، أن منطقة عين البيضا، تتعرض منذ أكثر من أسبوعين لعمليات تجريف واسعة، يقوم بها المستوطنون بحماية قوات الاحتلال.



وأوضح الجبور، أن قوات الاحتلال، منحت أحد المستوطنين الضوء الأخضر، بعد سماحها له باستئجار ما يقدر بـ 4000 دونم بزعم أنها أراضٍ أميرية.



وأضاف الجبور: أن تجريف الأراضي، جاء على الرغم من أن المواطنين، أثبتوا ملكيتهم للأرض من خلال استصدار أوراق ثبوتية، وتقديمها لمحاكم الاحتلال.



واعتبر الجبور، أن جرائم المستوطنين بحق أراضي المواطنين، شجعتها الزيارة التي قام بها نتنياهو لمنطقة سوسيا، والتي كان الهدف منها جلب أنظار المستوطنين للمنطقة ،وكسب أصواتهم في الحملة الانتخابية.



وأردف: ""جمعيات استيطانية مدعومة من حكومة الاحتلال، قاموا بتزييف بعض الآثار في منطقة سوسيا من خلال إضافة بعض الفسيفساء بما يناسب تاريخهم المزيف، وهم مصّرون على السيطرة على المنطقة، وضمها لأراضي المستوطنات"".



وأكد الجبور تصدّي المواطنين لمثل هذه الجرائم، حيث قاموا بثلاث فعاليات أيام الجمعة في محاولة لمنع التغول الاستيطاني، ومنع المستوطن من استمرار التجريف والحفر، كما يصر أصحاب الأراضي على إعادة نصب الخيم التي يهدمها الاحتلال ويصادرها.



تغول المستوطنين



وبيّن الجبور، أن هناك مضايقات كثيرة يقوم بها المستوطنون الذين تغولوا في جرائمهم ضد المزارعين ورعاة الأغنام، كما يُمنع الفلسطيني من الوصول لآبار المياه للانتفاع بها ولسقاية مواشيهم، إضافة لمضايقات الاحتلال التي تحرم السكان من الخدمات العامة من ماء وكهرباء وتقوم بسرقة مواشيهم وقتلها بحجة أنها تجلب الأمراض.



وحذر الجبور من التوسع الاستيطاني في منطقة المسافر، لافتاً إلى وجود أكثر من 15 قرية يريد الاحتلال تهجيرها والاستيلاء على 50 ألف دونم، بحجة أنها منطقة إطلاق نار تسمى 918، يدّعي أنها لتدريب قوات الاحتلال.",,295,0,1,undecided,General/Other Ambiguous Context
source_82,undecided,إنهاء مهام المدير العام للديوان الوطني للخدمات الجامعية — النهار أونلاين,"أعلنت وزارة التعليم العالي مساء اليوم الأربعاء، عن إنهاء مهام المدير العام للديوان الوطني للخدمات الجامعية بشير درواز .

وجاء قرار إنهاء المهام على خلفية الاحتجاجات الأخيرة التي شهدتها الإقامات الجامعية.

وقد تم تكيلف لجنة مؤقتة لتسيير شؤون الديوان الوطني للخدمات الجامعية لفترة محدودة ووفق برنامج عمل محدد مسبقا.

وكانت وزارة التعليم العالي والبحث العلمي قد حذرت في إرسالية مكتوبة من احتقان طلابي ودعت لفتح أبواب الحوار.",,67,1,2,not credible,Source-Specific Artifacts / Boilerplate
source_86,credible,نائب بالشيوخ يقترح تطوير المحليات لكيانات اقتصادية: يدعم خطة الدولة للتنمية الشاملة,"اقترح المهندس هاني العسال، عضو مجلس الشيوخ، تطوير المحليات إلى كيانات اقتصادية بحيث لا تشكل عبئا على الدولة موضحا أن هناك نظم إدارة جديدة تتم من خلال الإدارة الذكية، إلى جانب تطوير المحليات فى مصر سيكون له أثر كبير فى دعم خطة الدولة للتنمية الشاملة.

وأضاف «العسال»، أن التنميه الاقتصادية المستدامة أصبحت تمثل هدفًا رئيسيًا تسعي إلى تحقيقه كافه الأنظمة الاقتصاديه والحكومات في كافه الدول الناميه والمتقدمه علي حد سواء، حيث إن المجتمع المحلي له دور في تحقيق وتنفيذ رؤيه الدولة المصريه في تحقيق التنمية الاقتصادية المستدامة من خلال تحقيق التنميه المحلية في كافه المجتمعات المحلية في مصر.

وأوضح النائب، أنه يعد بمثابه الأساس الرئيسي لتنفيذ وتحقيق التنميه الاقتصادية المستدامه في كافة المحافظات والإدارات المحليه في مصر، وهو ماقد يكون سببا في التعجيل بتنفيذ وتحقيق التنميه الاقتصادية المستدامة على مستوي الدولة بشكل عام، فعلي دعائم وأركان التنمية المحلية تنهض وتنمو وتتحقق التنمية الاقتصادية المستدامة على مستوى الدوله بشكل عام.

وشدد «العسال»، على ضرورة الاهتمام بالمجتمع المحلي المصري في كافة المجالات السياسية والاقتصادية والاجتماعية، بالإضافة الي ضروره التركيز على تحقيق التنمية البشرية على الصعيد المحلي، بما ينعكس علي أداء وعمل الكوادر والقيادات التي تعمل داخل الوحدات المحليه، وأن تكون قادره علي مواكبة تطورات التغير التكنولوجي السريع الحادث في العالم الآن، بما ينعكس على أن تصبح المحليات في مصر قيمة مضافه للاقتصاد المصري وتصبح شريكا رئيسيا في تحقيق التنمية الاقتصادية المستدامه لمصر.

وأشار عضو مجلس الشيوخ، إلى أنه يجب البحث عن أطر التكامل الاقتصادي ليس فقط بين كل محافظة وغيرها من المحافظات، وإنما أيضا داخل الكيانات الاقتصادية التى تمثلها المحافظة نفسها بما يدعم خطط التنمية الاقتصادية داخل وخارج المحافظة نفسها، على أن يتم ذلك داخل الاطار الاقتصادى العام الذى تحدد السياسة الاقتصادية العليا للدولة.

وأردف، «يجب توجه كل محافظة نحو إيجاد سبل جديدة لتعزيز مواردها الذاتية لاستخدامها فى التمويل، سواء عن طريق استغلال ميزة ذاتية تتميز بها المحافظة، وكذلك خلق فرص الاتصال والتواصل بين المحافظات المتجاورة، والتنسيق بين كافة الاقاليم الاقتصادية على الصعيد المحلى بما يخدم رؤية مصر نحو تحقيق التنمية الاقتصادية المستدامة، وكذلك ضرورة الاهتمام بانتقاء القيادات المحلية على كافة المستويات ودعمهم ماديًا ومعنويًا، وكذلك عقب اجراء انتخابات المحليات القادمة، فإن ذلك يتطلب ضرورة تفعيل السلطة الرقابية للمجالس الشعبية المحلية، وكذلك التنسيق بين الأجهزة التنفيذية والمجالس المحلية الشعبية فى الاختصاصات والسلطات».",,360,0,1,undecided,Government & Official Statements
source_100,credible,(أونروا) تعلن عن إجراءات جديدة في مراكزها الصحية بغزة,"رابط مختصر:

رام الله - دنيا الوطن

أعلنت وكافة غوث وتشغيل اللاجئين الفلسطينيين (أونروا)، عن إجراءات جديدة في مراكزها وعياداتها الصحية بقطاع غزة في ضوء تزايد عدد الإصابات بفيروس كورونا الوبائي.



وذكرت (أونروا)، أنها ستوفر خدمات الرعاية الصحية الأولية الأساسية على أساس التطبيب عن بعد في المراكز الصحية التابعة لـ(أونروا).



وأعلنت أن جميع مراكزها الصحية ستقوم بإجراء الفحص السريع للكشف عن فايروس كورونا للمرضى الذين لديهم شكوى أعراض تنفسية حادة، حيث تظهر نتائج هذا الاختبار في أقل من نصف ساعة، مبينة أن مراكزها الصحية ستواصل العمل لتحديد المواعيد من أجل تقديم اللقاح الخاص بكوفيد-19.



وكانت (أونروا) قد أعلنت تحويل جميع مدارسها في قطاع غزة من الصفوف الأول حتى التاسع إلى بيئة التعلم عبر الإنترنت التي تدعمها منصات التعلم التي تم إنشاؤها للمعلمين والطلاب.



وأكدت أنها تقوم ""بتقيم الوضع عن كثب، وستقوم بإبلاغ المجتمع بشكل أسبوعي لضمان تقديم الخدمات بطريقة آمنة لكل من اللاجئين والموظفين""، داعية سكان القطاع لاتباع الإجراءات الاحتياطية كافة؛ من أجل الحفاظ على سلامة الجميع، بما في ذلك ارتداء الكمامات، وغسل الأيدي، استخدام المعقمات.



ولطلب خدمة التطبيب عن بعد يمكن التواصل عبر الخطوط المجانية للعيادات على الرقم 1800 444 666.",,182,0,1,undecided,Health & COVID-19
source_121,undecided,1991| الغزو والصمود والتحرير في ملحمة «فجر الخميس».. لعبدالله الرويشد وسعاد عبدالله,نشرت القبس، في عدد 15 يونيو 1991، خبر تصوير ملحمة «فجر الخميس» الغنائية التي تناولت الغزو والصمود والتحرير من كلمات عبداللطيف البناي وألحان أحمد عبدالكريم، وشارك في أدائها كل من سعاد عبدالله وعبدالله الرويشد.وفيما يلي نص الخبر: من كلمات عبداللطيف...,,40,1,2,not credible,General/Other Ambiguous Context
source_100,credible,وزير العمل يتراس اجتماعا لعدد من رجال الاعمال والمستثمرين,رام الله - دنيا الوطنترأس وزير العمل والشؤون الاجتماعية الدكتور عادل الركابي اجتماعا مع عدد من رجال الاعمال والمستثمرين وبعض المصارف الاهلية واتحاد الغرف التجارية بحضور وكيل الوزارة الدكتورة عبير الجلبي واتحادي نقابات العمال في العراق والصناعات العراقي يوم السبت الموافق 19-6-2021.وجرى خلال الاجتماع مناقشة امكانية القيام بمبادرات طوعية لدعم الوزارة التي هي بأمس الحاجة الى الدعم بسبب التخفيض الكبير في تخصيصاتها والدخول بمشاريع استثمارية مشتركة مع القطاع الخاص بما يحقق الفائدة ودعم الفئات المستفيدة من خدمات الوزارة.وقال الوزير ان وزارة العمل لديها مهام كبيرة ولاتقتصر على منح الاعانة الاجتماعية فقط وانما هناك ادوار وجوانب مهمة وعديدة تقوم بها الوزارة وتنفيذها لايتناسب مع حجم الدعم المقدم لها.وبين ان الوزارة ترتبط بها ثلاث هيئات وهي ذوي الاعاقة والحماية الاجتماعية وهيئة الطفولة وهذه الهيئات بحاجة الى دعم استثنائي بسبب طبيعة الفئات المنضوية تحتها كما ان الوزارة يجب ان تلجأ الى وسائل التمويل الاخرى التي اجازها القانون وذلك لقلة التخصيصات المرصودة فضلا عن مناقلة جزء من تخصيصات الوزارة في الموازنة لابواب اخرى.لافتا الى ان الوزارة بحاجة للدعم في تأهيل الدور الايوائية او انشاء دور اخرى بالتعاون مع القطاع الخاص نظرا لقلة الطاقة الاستعيابية للدور الموجودة فضلا عن حاجتها للصيانة والتاهيل وقد خرج الاجتماع بتوصيات مهمة ستتم متابعة تنفيذها .,,196,0,1,undecided,Government & Official Statements
source_82,undecided,بومرداس: تكريم موظفي الشرطة وأبنائهم وذوي الحقوق من فئة ذوي الإحتياجات الخاصة — النهار أونلاين,"شرع أمن ولاية بومرداس، باطلاق أسبوع التوعية والتحسيس على مستوى كامل إقليم الاختصاص الحضري.

ويأتي هذا بمناسبة عطلة الربيع، وتزامنت مع إحياء اليوم الوطني لذوي الإحتياجات الخاصة، المصادف لـ 14 مارس من كل سنة.

ويتم من خلال هذه النشاطات الجوارية استهداف مستعملي الطرقات، من فئة سواق المركبات بجميع أصنافها.

حيث يتم تقديم لهم توجيهات وتوصيات أمنية تتمحور حول أخطار التوقف العشوائي في الأماكن والممرات المخصصة لذوي الإحتياجات الخاصة.

وتم هذا تحت شعار “جنبا إلى جنب في خدمتهم”، والعمل على تذكير بواجبات السواق ومستعملي الطريق.

وهذا للالتزام باحترام قواعد قانون المرور وبالممارسات الحسنة اتجاه هذه الفئة من المجتمع.

و في ذات السياق تم تكريم موظفي الشرطة وأبنائهم وذوي الحقوق من فئة ذوي الإحتياجات الخاصة، بمقر الأمن الولائي.",,116,1,0,credible,Source-Specific Artifacts / Boilerplate
source_86,credible,المصريين الأحرار ناعيا الجنزوري: ظل يخدم بلاده حتى الرمق الأخير,"أعرب الدكتور عصام خليل رئيس حزب المصريين الأحرار، عن حزنه لرحيل الدكتور كمال الجنزوري رئيس وزراء مصر الأسبق، بعد صراع مع المرض.



وقال خليل في بيان له اليوم: ""لقد فقدنا أحد أخلص الرجال لتراب هذا الوطن العزيز، وفقدانه بمثابة خسارة كبيرة لأحد أهرام السياسية والإدارة الرشيدة.



وأضاف أن الجنزوري استحق عن جدارة لقب وزير الفقراء لاهتمامه البالغ بمحدودي الدخل وتحمل نتائج موقفه _آنذاك_ وظل يخدم بلاده في صمت حتي الرمق الأخير.



وتقدم خليل بصفته ونيابة عن كل أعضاء وقيادات حزب المصريين الأحرار ببالغ التعازى إلى أسرة الفقيد وكل محبيه وتلاميذه.",,90,0,1,undecided,Government & Official Statements
source_95,credible,عبد النباوي: تنفيذ الأحكام القضائية الوجه الحقيقي للعدالة والضمانة الأساسية للمتقاضي,"أكد الرئيس الأول لمحكمة النقض، الرئيس المنتدب للمجلس الأعلى للسلطة القضائية، السيد محمد عبد النباوي، اليوم الأربعاء، ببنسليمان، أن تنفيذ الأحكام القضائية هو الوجه الحقيقي للعدالة، والضمانة الأساسية للمتقاضي، كيفما كانت صفته، في ولوج مرفق العدالة.

وأضاف السيد عبد النباوي في كلمة خلال لقاء علمي تنظمه مؤسسة وسيط المملكة على مدى يومين، بمعهد التدريب الجمركي حول موضوع “تنفيذ الأحكام الصادرة لفائدة الدولة وأشخاص القانون العام: الضمانات والصعوبات والرهانات”، أن “الأحكام القضائية التي لا تعرف طريقها إلى التنفيذ هي دافع من دوافع إحباط الهمم وفقدان الثقة في جدوى المساطر القضائية التي تفضي لحق لا نفاذ له، كما أنها مظهر من مظاهر قصور النجاعة القضائية، وهو ما لا يمكن القبول به في ظل دولة القانون والمؤسسات”.

وأشار خلال هذا اللقاء المنظم بشراكة وتعاون مع السلطة القضائية ورئاسة النيابة العامة وإدارة الجمارك والضرائب غير المباشرة إلى أن تنفيذ الأحكام والقرارات القضائية هو الغاية التي يتوخاها صاحب الحق من سلوك المساطر والدعاوى، ومن أجلها طرق باب القضاء، ولذلك كان لزاما أن تعطى لهذا النوع من التنفيذ، العناية اللازمة والتي من مظاهرها خضوع الجميع لسلطة ومراقبة القاضي، أيا كان المبادر إلى التنفيذ وهو ما ينطبق كذلك على تنفيذ الأحكام الصادرة لفائدة الدولة وأشخاص القانون العام، كالغرامات والإدانات النقدية والمصاريف والرسوم القضائية وغيرها”.

وسجل المسؤول ذاته أن موضوع “تنفيذ الأحكام الصادرة لفائدة الدولة وأشخاص القانون العام، يكتسي أهمية بالغة وراهنية خاصة، تزداد في هذه المرحلة التي تتميز بإرساء دعائم السلطة القضائية المستقلة مع ما يعنيه ذلك من حق الجميع، أفرادا وجماعات، مؤسسات عامة أو خاصة في الاحتماء بقضاء مستقل، منصف وفعال وضامن للحقوق والحريات”. وأكد أن الواقع المعاش يؤكد وجود عجز كبير في تنفيذ الأحكام الصادرة لفائدة الدولة، وربما بنسبة تفوق بكثير العجز المسجل في تنفيذ باقي الأحكام. وهو “ما يسائلنا لأن الدولة نفسها مسؤولة عن تنفيذ الأحكام فلا يعقل أن تعجز مؤسساتها على تنفيذها”.

وبخصوص مؤسسة الوسيط، أكد السيد عبد النباوي أن جلالة الملك استحضر بنظره الثاقب ورؤيته البعيدة، عند إحداث هذه المؤسسة، التي كانت ديوانا للمظالم، أن بلادنا تؤسس لبعد آخر لمفهوم السلطة، مبني على خدمة المواطنين وإنصاف المظلومين”.

كما تفتح الباب، يضيف المسؤول القضائي، أمام قوة اقتراحية للإصلاح التشريعي والقضائي والإداري كلما اقتضت الحاجة ذلك، مشددا على أن المجلس الأعلى للسلطة القضائية، الذي يعتبر وسيط المملكة أحد أعمدته، “يجدد التأكيد على أهمية مد جسور التعاون الخلاق بين السلطة القضائية وهذه المؤسسة المواطنة، لتذليل الصعوبات والتعقيدات والتأسيس لتفاعل بناء، قوامه إرساء العدل واحترام حقوق الإنسان وخدمة الوطن والمواطن”.

وعرفت الجلسة الافتتاحية لهذا اللقاء العلمي، مشاركة على الخصوص الوكيل العام للملك لدى محكمة النقض رئيس النيابة العامة، ووسيط المملكة، والمدير العام لإدارة الجمارك والضرائب غير المباشرة، ورئيس جمعية هيآت المحامين بالمغرب، فضلا عن نقيب المحامين ومسؤولين قضائيين.

ويبحث اللقاء عبر جلستين، عدة مواضيع أبرزها “تنفيذ الاحكام لفائدة الدولة واشخاص القانون العام في ضوء العمل القضائي” و” الإشكاليات المتعلقة بتنفيذ الغرامات والإدانات النقدية والصوائر والمصاريف القضائية وسبل تجاوزها”.

كما يسلط الضوء على “إشكالات تنفيذ الأحكام الصادرة لفائدة الإدارة ونقل الملكية في حالة الاعتداء المادي نموذجا” و”إشكالية التداخل بين مسطرة العقل ومساطر التنفيذ الجبري” و”إجراءات الحجز والتجميد والمصادرة في القانون المغربي والتجميد والحجز والعقل” و”الإكراهات الواقعية والعملية التي تعترض التنفيذ لفائدة الدولة” و”الإطار القانوني الوطني المتعلق بالحجز والتجميد والمصادرة”.",,502,0,1,undecided,Government & Official Statements
source_35,not credible,وزير العدل : 64 ألف سيدة غارمة بالأردن,"وزير العدل : 64 ألف سيدة غارمة بالأردن

372 شارك",,10,2,0,credible,Government & Official Statements
source_108,credible,حصيلة اشتباكات غرب دارفور.. والوالي يتحدث عن أعمال نهب,"ارتفعت حصيلة قتلى الاشتباكات القبلية التي شهدتها الجنينة، عاصمة ولاية غرب دارفور، الخميس، إلى 132 قتيلا.

وقال محمد عبد الله الدومه، والي ولاية غرب دارفور، في مؤتمر صحفي عقده في الخرطوم: “عدد القتلى حتى الآن حسب التقارير الطبية 132 قتيلا”.

وأضاف أن الأوضاع الآن “مستقرة نوعا ما، لا قتال، وخدمات الكهرباء والمياه عادت الى المدينة”، ولكنه أشار إلى “أعمال نهب”.

وأكد الدومه أن المليشيات التي شاركت في القتال جاءت من خارج المدينة، وبعضها يرتدي ملابس عسكرية، وفق ما نقلت “فرانس برس”.

وأوضح الوالي: “إن الذين شاركوا في القتال مليشيات لا هدف لها سوى النهب والسلب وبعضهم يرتدون أزياء عسكرية وآخرون يرتدون الكدمول”، وهو غطاء للرأس والوجه تستخدم القبائل البدوية في مناطق دافور وتشاد.

وبيّن أن “هذه المليشيات عابرة لدول الجوار الإقليمي، بعضها جاء من تشاد، والبعض من ليبيا لكن دون علم هذه الدول كما جاء البعض من شمال دارفور وجنوب دارفور ومنطقة وادي صالح بوسط دارفور”.

وأشار الدومه إلى أن الأحداث بدأت يوم الثالث من أبريل بجريمة عادية، وعلى إثرها انفجر القتال، موضحا: “كان مواطنون يستقلون سيارة في طريقهم إلى الجنينة من خارجها. أطلقت عليهم مجموعة النار فقتلت منهم ثلاثة. والمجموعة ذاتها أطلقت النار على الذين كانوا يشيعون القتلى الثلاثة”.

يمكن قراءة الخبر من المصدر من هنا",,197,0,1,undecided,Crime & Accidents
source_100,credible,الاحتلال يخطر بوقف العمل في استصلاح أرض جنوب الخليل,"رابط مختصر:

رام الله - دنيا الوطن

أخطرت قوات الاحتلال الإسرائيلي، اليوم الاثنين، مواطنا بوقف العمل في استصلاح أرضه، في قرية التوانة بمسافر يطا جنوب الخليل.



وقال منسق لجان الحماية والصمود بمسافر يطا فؤاد العمور، إن قوات الاحتلال سلمت المواطن عمر ربعي في قرية التوانة إخطارا بوقف العمل في استصلاح أرضه بدعوى أنها أثرية تاريخية، مضيفا أن الأهالي حاولوا التصدي لها، ومنعها من الاستيلاء على جرافة كانت بالمكان.



ويسعى الاحتلال ومستوطنوه من خلال انتهاكاتهم المتواصلة لتضييق الخناق على سكان يطا والمسافر، لإجبارهم على ترك منازلهم وأراضيهم، لصالح الاستيطان.



وتقع قرية ""توانة"" على مدخل منطقة مسافر يطا المهدد بالهدم جنوب الخليل ويطلق عليها السكان بـ""بوابة المسافر"" وتعتبر العمود الفقري لعدد كبير من الخرب التابعة لها، رغم حرمانها من الخدمات الصحية والتعليمية وحتى البنية التحتية.



ونظراً لموقعها الاستراتيجي على قمة أحد جبال الخليل، يهددها الاستيطان من ثلاث جهات وتحيط بها مستوطنات كرمائيل، ماعون، أفي غال، وميتسيائير.



ومؤخراً، أقام المستوطنون بؤرة جديدة سميت ""جفعات ماعون"" وهي الأخطر حيث تنطلق منها الهجمات على المزارعين وخاصة في موسم قطف الزيتون والعنب.



ولم تسلم الجهة الرابعة الذي بني فيها الخط الالتفافي المسمى خط 60 الاستيطاني والذي حول حياة أهالي القرية إلى جحيم.



ويعيش أهالي البلدة وعددهم 340 مواطناً على تربية المواشي والزراعة المساندة لها، مثل زراعة البقوليات وعلف الحيوانات، ساعدهم على ذلك وفرة المياه في القرية، ففي القرية بئر مركزي شيّد في الفترة العثمانية وينابيع مياه فرعية أشهرها نبع توانه ونبع عين البيضا.",,227,0,1,undecided,General/Other Ambiguous Context
source_39,credible,رابطة المودعين: التعميم 158 خطِر.. ولا توقِّعوا أي تعهد,"وناشدت ""أصحاب الودائع الصغيرة والمتوسطة عدم الرضوخ لمحتوى القرار""، مطالبة ""القضاء المعني باتخاذ الإجراءات لكف يد حاكم مصرف لبنان عن العبث بالأمن الاجتماعي وتعديه السافر على القانون والدستور""، محملة ""المسؤولية الأكبر للكتل السياسية في البرلمان اللبناني والسلطة التنفيذية"".



بالتشريع

من الناحية التشريعية، رأت رابطة المودعين أن القانون لا يعطي حاكم مصرف لبنان الحق في وضع الضوابط على السحوبات وتحميل المودعين haircut على ودائعهم، فالسلطة التشريعية هي وحدها مخولة إقرار ضوابط على التدفقات المالية. وتعليل حاكم مصرف قراره بالمادتين 70 و174 من قانون النقد والتسليف هو تعد على الدستور وعلى صلاحيات السلطة التشريعية والقضائية. إذ أن المادتين المذكورتين لا تعطيان مصرف لبنان الحق في تحديد كيفية إعادة هذه الودائع التي هي وفق قانون النقد والتسليف وقانون التجارة، وقانون الموجبات والعقود، يجب أن تعاد كما هي، بعملة الإيداع. وقرار تقسيط الودائع بناء على المادتين 70 و174 يعتبر هرطقة قانونية بأفضل الحالات"".

وأشارت إلى أن ""هذا التعميم يقوم بتجاوز السرية المصرفية المنصوص عنها قانوناً، والتي تذرع بها الحاكم لمنع إقرار تحقيق جنائي في حساباته سابقاً، بينما يتجاوزها اليوم بسهولة للانقضاض على أصحاب الودائع الصغيرة والمتوسطة. كما أن التعميم يكرس التفريق غير القانوني بين أموال قديمة وجديدة، وأموال أودعت قبل 31/2/2019 وبعدها. وهو أمر مرفوض من المودعين، فالوديعة تعاد كما هي بكاملها كما ينص قانون الموجبات والعقود، وقانون النقد والتسليف"".



تجميد ودائع

واعتبرت الرابطة أن ""القرار يجمد الودائع ويقتص من قيمتها""، وقالت: ""بينما يجري التسويق للقرار على أنه تسديد تدريجي للودائع بالعملات الأجنبية، فإن مضمونه خطير لناحية تجميده الودائع لأمد غير معروف، قابل للتجديد بشكل اعتباطي، وغير خاضع لأي ضابط قانوني واضح، فكل مودع يريد أن يشمله هذا التعميم يتوجب عليه أن يحول مبلغاً لا يتجاوز 50 ألف دولار إلى حساب خاص متفرع مبهم الشروط والأحكام. كما أن آلية التسديد الطويلة الأمد، التي تعطي نصف القيمة بالدولار الأميركي والنصف الآخر على سعر الصيرفة المحدد من المصرف المركزي، والذي غالباً ما يكون أقل بكثير من السعر الحقيقي للدولار، يشي أن هذا القرار هو توأم للقرار 151 باستهدافه قيمة الودائع الصغيرة والمتوسطة، حيث يجري اقتطاع نسبة لا يستهان بها من الودائع، علما أن القرار يحوي على مهل متناقضة فهو يقول إن مدته سنة واحدة قابلة للتعديل من جهة، ويذكر في المادة 11 من القرار نفسه، أنه سيبقى سارياً لغاية تحرير كل الأموال المحولة إلى الحساب الخاص من جهة أخرى"".

ورأت أن ""القرار خال من رؤية اقتصادية واضحة""، معتبرة أن ""قرار الحاكم بتسييل الالتزامات المصرفية عبر طبع النقد لتسديد نصف قيمة السحوبات بالليرة اللبنانية، إضافة الى عدم قانونيته، ستكون له تداعيات مدمرة على الاقتصاد الوطني. وتشير توقعات اقتصاديي رابطة المودعين إلى أن هذا القرار سيزيد حجم الكتلة النقدية المتداولة خارج مصرف لبنان بنسبة 69 في المئة، الأمر الذي سيؤدي الى تضخم مفرط في المستقبل القريب، خصوصاً في ظل غياب خطة تثبيت ماكرواقتصادية ومالية تعيد الانتظام إلى القطاع المصرفي والاقتصاد الكلي"".

وأشارت إلى أن ""صندوق النقد الدولي كان عبّر أيضاً عن مغبة اتباع هذه الخطة الهوجاء، حيث أن التضخم سيعمل على الاقتطاع من قيمة الودائع التي يجري سحبها بالعملة اللبنانية، كما ستكون له تبعات مجرمة على الأكثر فقرا في لبنان"".

وحملت ""مصرف لبنان والمصارف والسلطة التشريعية والتنفيذية المسؤولية الكاملة على انهيار الأمن الاجتماعي التي يشهده لبنان""، وقالت: ""إضافة الى ذلك، من غير الواضح كيف ستعمد المصارف على تسديد التزاماتها بالدولار، وبشكل مستدام، على خمس سنوات"".



حماية المصارف

وفي قراءة لموقف المصارف علّقت رابطة المودعين بالقول ""إن بيان جمعية المصارف في 3 حزيران 2021 يشي بأن المصارف غير قادرة على تأمين العملات الصعبة، وهي فعلياً متوقفة عن الدفع منذ نهاية 2019. فيصبح مصدر التمويل بأكثريته من الاحتياطي الإلزامي. أي من آخر ما تملكه الدولة اللبنانية. ومرة أخرى، تنجو المصارف من العقاب وفشلها الدائم بالقيام بأبسط الأمور كتطبيق ما طلب في التعميم 154، لناحية تكوين سيولة 3 في المئة لدى المصارف المراسلة. فكان حرياً بالمصرف المركزي، بدل محاولة إنقاذ المصارف عبر شعوذات مالية فاشلة غير مستدامة، الإعلان عن خطة مالية واضحة تعيد الانتظام إلى القطاع المصرفي، عبر الاعتراف بالخسائر، وإقرار آلية واضحة وعادلة لتوزيعها"".

وأشارت إلى أن ""هذا القرار سيقوم، إذا نفذ، بزيادة مستوى الإقصاء المالي الذي عمدت المصارف إلى تنفيذه في الفترة السابقة، حين عمدت المصارف لإقفال حسابات المودعين قسراً وبشكل غير قانوني""، لافتة إلى أنها ""كانت قد تقدمت بدعاوى عدة تلزم بها المصارف إعادة فتح هذه الحسابات"".

وأعلنت ""إن إقفال الحسابات نتيجة لهذا القرار ستكون له تبعات اجتماعية واقتصادية طويلة الأمد على التنمية الاقتصادية، وقدرة لبنان على النهوض، حين سيرمي بمئات الآلاف من اللبنانيين خارج النظام المصرفي. كما يضرب هذا القرار بعرض الحائط ثوابت النظام الاقتصادي الحر في لبنان. وله تبعات سلبية على حق اللبنانيين وحريتهم بالولوج الى الاقتصاد العالمي، الأمر المصان في الدستور"".

واعتبرت أن ""هذا القرار يستهدف حماية المصارف وأصحابها عبر تحميل الخسائر لأصحاب الودائع الصغيرة والمتوسطة، الذين هم في أمس الحاجة إلى المال ليعتاشوا، ويستغل ضعف ويأس الناس لتنفيذ اقتطاع غير قانوني من قيمة ودائعهم تحت مسمى تسديدها"".

وناشدت ""المودعين رفض التوقيع على أي عقد أو تعهد يلزمهم عدم المطالبة بوديعتهم وحقوقهم، المكفولة بالدستور والقانون، وألا يقعوا فريسة احتيال تعاميم الحاكم المحابية للمصارف على حساب حقوق المودعين"".",,792,0,1,undecided,Government & Official Statements
source_86,credible,مؤتمر صحفي لجمعية المحاربين القدماء وضحايا الحرب بمناسبة الاحتفال بيوم الشهيد,"

تزامناً مع بدء احتفالات مصر والقوات المسلحة بيوم الشهيد والمحارب القديم، نظمت جمعية المحاربين القدماء وضحايا الحرب مؤتمراً صحفياً للاحتفال بهذه المناسبة الوطنية، فقد أعلن مدير جمعية المحاربين القدماء وضحايا الحرب خلال وقائع المؤتمر عن فعاليات الاحتفال بيوم الشهيد لهذا العام.



وأكد أن احتفال القوات المسلحة بهذا اليوم الذى يوافق ذكرى استشهاد الفريق أول عبد المنعم رياض يجسد أسمى معانى العطاء والروح الوطنية المخلصة لأبناء مصر الأوفياء المدافعين عن أمنها وسلامتها عبر تاريخها الطويل وأضافوا إلى سجل الوطنية المصرية صفحات مجد وفخر للأجيال القادمة من أبناء مصر.



وأشار إلى حرص القوات المسلحة على تقديم أوجه الرعاية الصحية والرياضية والاجتماعية والفنية لأبنائها من أسر الشهداء ومصابى العمليات الحربية عرفاناً لهم وتقديراً لما قدموه من تضحيات لإعلاء كلمة الوطن.",,117,0,1,undecided,Sports News
source_82,undecided,3 ضحايا إثر حادث اصطدام تسلسلي لعدة سيارات بشاحنة في ميلة — النهار أونلاين,"سجلت مصالح الحماية المدنية، اليوم الخميس، إصابة 3 أشخاص بجروح متفاوتة الخطورة إثر حادث اصطدام سيارات بشاحنة في ولاية ميلة.

وتدخلت الحماية المدنية على الساعة الثامنة و48 دقيقة لأجل حادث مرور تمثل في اصطدام بين 3 سيارات وشاحنة.

ووقع الحادثّ، بالطريق الوطني رقم 5، مخرج محجرة قروز بلدية ودائرة شلغوم العيد.

وأسفر الحادث عن إصابة 3 أشخاص بإصابات متفاوتة الخطورة، تتراوح أعمارهم بين 48 و52 سنة.

وتم تقديم للضحايا الإسعافات الأولية اللازمة بعين المكان وتم نقلهم إلى مصلحة الاستعجالات بمستشفى شلغوم العيد.",,82,1,2,not credible,Source-Specific Artifacts / Boilerplate
source_34,not credible,أوامر قبض بحق ضباط في ميسان,"شبكة عراق الخير :

أفضت التحقيقات التي أجرتها هيئة النزاهة الاتحاديَّة بقضيَّة إقدام عددٍ من الضباط على أخذ مبالغ ماليَّةٍ من منتسبين؛ مقابل تغاضيهم عن حضورهم الدوام بصورةٍ منتظمةٍ، أفضت إلى إصدار القضاء أوامر قبضٍ بحق عددٍ من الضباط.

دائرة التحقيقات في الهيئة، وبمعرض حديثها عن تفاصيل القضيَّة التي حققت فيها وأحالتها إلى القضاء، أفادت بإصدار القضاء(٢٨) أمر قبضٍ بحق ضباط يتولون مهمة إِمْرَة تشكيلاتٍ بإحدى ألوية المغاوير العاملة في محافظة ميسان، موضحةً أن تلك الأوامر جاءت على خلفيَّة شبهة إقدامهم على أخذ مبالغ ماليَّةٍ من منتسبين في اللواء؛ مقابل التغاضي عن دوام هؤلاء المنتسبين بصورةٍ منتظمةٍ.

وتابعت الدائرة مشيرةً إلى أن مكتب تحقيق الهيئة في محافظة ميسان استكمل التحقيقات في تلك القضيَّة، بعد جمع الأدلة المتوفرة وتدقيقها وإفراد أوراق مستقلةٍ لكل مخالفةٍ، وعرضها على المحكمة المختصة التي قرَّرت إصدار (٢٨) أمراً بحق المتهمين في القضيَّة؛ استناداً إلى أحكام المادة (٣٠٧) من قانون العقوبات العراقيِّ.

وتنص المادة (٣٠٧) من قانون العقوبات العراقي على : ” كل موظف أو مكلف بخدمةٍ عامة طلب أو قبل لنفسه أو لغيره عطية أو منفعة أو ميزة أو وعداً بشيء من ذلك لأداء عمل من أعمال وظيفته أو الامتناع عنه أو الإخلال بواجبات الوظيفة يعاقب بالسجن مدة لا تزيد على عشر سنين ..” .",,199,2,1,undecided,Crime & Accidents
source_86,credible,السيسي يبحث منظومة التغذية المدرسية مع مدبولي ووزراء التعليم والصحة والزراعة ومدير جهاز الخدمة الوطنية,"اجتمع الرئيس عبد الفتاح السيسي اليوم مع الدكتور مصطفى مدبولي رئيس مجلس الوزراء، والدكتور طارق شوقي وزير التربية والتعليم والتعليم الفني، والدكتورة هالة زايد وزيرة الصحة والسكان، والسيد القصير وزير الزراعة واستصلاح الأراضي، واللواء مصطفى أمين مدير عام جهاز مشروعات الخدمة الوطنية للقوات المسلحة.

وصرح السفير بسام راضي، المتحدث الرسمي باسم رئاسة الجمهورية بأن الاجتماع تناول استعراض ""جهود تطوير منظومة التغذية المدرسية"".

ووجه الرئيس باستكمال جوانب الدراسات الخاصة بتطوير منظومة التغذية المدرسية على مستوى الجمهورية، بهدف توفير وجبة مدرسية متكاملة العناصر الغذائية للنمو البدني والذهني للطلاب، مع المراعاة الكاملة للمواصفات والمعايير الخاصة بسلامة الغذاء، على أن يتم ذلك بالشراكة مع القطاع الخاص من ذوي الخبرة العريقة في مجال الوجبات الغذائية، وذلك لتحقيق جدارة الأداء والحفاظ على الاستدامة.

و تم خلال الاجتماع عرض أبرز المحاور المطلوبة لمنظومة التغذية لكافة المراحل المدرسية التي تضم حوالي 23 مليون طالب على مستوى الجمهورية، وذلك بالتعاون والتنسيق بين كافة الجهات الحكومية المعنية، لضمان نشر المنظومة وفقاً لأفضل النماذج المتبعة على المستوى الدولي، وتوفير الوجبات المدرسية للمراحل الدراسية المختلفة بجميع المحافظات.

كما تم في ذات السياق عرض أهم مبادرات وزارة الصحة للكشف عن الأمراض المرتبطة بسوء التغذية لدى طلاب المدارس، خاصةً السمنة والأنيميا والتقزم، وذلك بالتنسيق مع وزارة التربية والتعليم، والتي تشمل تقديم خدمة التثقيف الصحي للطلبة، وكذا فحص وتسجيل الحالات، إلى جانب تحديد الخطط العلاجية والمتابعة وصرف الدواء مجاناً وفق البروتوكولات العلمية الحديثة.",,218,0,1,undecided,Government & Official Statements
source_27,not credible,4 وزراء أمام مجلس الأمة غدا,"يجيب كل من وزير الشؤون الدينية والأوقاف، الشباب والرياضة، الفلاحة والأشغال العمومية على أسئلة أعضاء مجلس الأمة، غدا الخميس، في جلسة علنية، ستنقل على الهواء مباشرة.

وأبرز بيان لمجلس الأمة، اليوم الأربعاء، أنه سيتم تخصيص جلسة عامة على الساعة العاشرة صباحا، لطرح ثمانية أسئلـة شفوية عـلـى أربعة أعضـاء فـي الحكومـة تخص قطاعات الشؤون الدينية، الشباب و الرياضة والفلاحة والأشغال العمومية.",,60,2,0,credible,Government & Official Statements
source_47,credible,ميليشيات “حزب الله” العراقي تحاكي “حسن نصر الله” وتتوعد إسرائيل,"مرصد مينا- العراق

قررت ميليشيات “كتائب حزب الله”، أحد أبرز الفصائل المسلحة المدعومة من طهران في العراق، وتمتلك جناحاً مسلحاً في سورية، قررت الدخول في “معادلة الردع”، التي تحدث عنها الأمين العام لـ “حزب الله” اللبناني، “حسن نصر الله”، في حال اندلاع أي مواجهة جديدة مع إسرائيل.

وقالت الميليشيا العراقية في بيان لها، إنها قررت الدخول في “معادلة الردع، معتبرة أن أي خطر يهدد القدس يعني حرباً إقليمية، ومشيرة إلى أنها “ستُذيق الصهاينة الذل والانكسار وتسلب من قلوبهم الأمن”.

وجاء في بيان الميليشيا، أن “الكيان الصهيوني حاول طيلة العقود الماضية فرض معادلة أمنية تمكنه من مواجهة أي قوة تهدد كيانه من داخل أو خارج فلسطين المحتلة، وقد أباح لنفسه الاعتداء عليها مستغلاً في ذلك دعم الولايات المتحدة وحلفائها من الحكام الخونة”.

كما أضافت الميليشيات في بيانها، أنه “وقد ارتكب الاحتلال تطبيقاً لهذه المعادلة جرائم كبيرة بحق شعوب المنطقة، ومنها العراق الذي شن ضده اعتداءات عديدة… وحشية الصهاينة لم تقتصر على الأبرياء الفلسطينيين، بل تعدت ذلك لتصل إلى سائر المنطقة”.

وتابعت أن “شعوب المنطقة أصبحت على يقين أنها لن تنعم بالأمان مع وجود هذا العدو، وأن زواله بإذنه تعالى سيكون إيذاناً ببداية مرحلة ينُشر فيها السلام الحقيقي ويعم الهدوء ربوع المنطقة”.

الميليشيا ختمت بيانها بالتأكيد على أنها قرر الدخول في “معادلة الردع، إن أي خطر يهدد القدس يعني حرباً إقليمية، تلك التي طرحها الأمين العام لحزب الله اللبناني حسن نصر الله، وستُذيق الصهاينة الذل والانكسار وتسلب من قلوبهم الأمن”، وفقاً لما جاء في البيان.

يشار إلى أن الأمين العام لميليشيات “حزب الله” اللبناني “حسن نصر الله”، كان قد تحدث في كلمة له، نهاية الشهر الماضي، عن أن “المعادلة التي يجب الوصول إليها هي أن المساس بالقدس والمقدسات سيؤدي إلى حرب إقليمية”، وقال إن “على الإسرائيليين أن يفهموا أن المس بالمسجد الأقصى في مدينة القدس المحتلة والمقدسات، مختلف عن أي اعتداء آخر يقومون به، فالرد على ذلك لن يقف عند حدود المقاومة في قطاع غزة”.

يذكر أن كتائب “حزب الله” تعتبر من بين نحو 80 فصيلاً مسلحاً يتلقى أفرادها البالغ عددهم نحو 115 ألف عنصر مرتبات شهرية ودعماً حكومياً ضمن هيئة “الحشد الشعبي”، غير أن عدة فصائل مسلحة منه، تصنف على أنها مرتبطة بشكل مباشر بالحرس الثوري الإيراني، تمتلك أجنحة لها في سورية لدعم نظام “بشار الأسد”، وأبرزها، إلى جانب “كتائب حزب الله”، مليشيات “النجباء” و”عصائب أهل الحق” و”الطفوف” و”سيد الشهداء” و”سرايا الشهداء” و”الإمام علي” و”الخراساني” و”البدلاء” و”الأوفياء”.

يشار أن ميليشيات حزب الله العراقي متهمة بارتكاب مجازر وتنفيذ عمليات تهجير في كل من سوريا والعراق.",,393,0,1,undecided,Government & Official Statements
source_123,credible,"قيادي في الأفافاس: هذا هو سبب إعادة إخراج شعار ""مدنية ماشي عسكرية""","قال مستشار الأمين الوطني الأول لحزب جبهة القوى الاشتراكية، سمير بوعكوير، إن طرح شعار “دولة مدنية ماشي عسكرية” الموجه ضد الجيش لم يكن عبثا كما أنه ليس مستوحى من مؤتمر الصومام.

وأكد بوعكوير في مقال نشره على صفحته في “الفيسبوك”، أن رفع الشعار جاء في سياق حالة عدم الاستقرار التي تعرفها المنطقة وما تحمله من تهديدات على الأمن الوطني.

وأوضح أن “هذا الشعار الذي “زج به في الحراك بطريقة ماكرة” بعد سقوط نظام بوتفليقة والابتعاد عن الشعار الأصلي “جيش شعب خاوة خاوة”، أصبح يحمل “رمزية تاريخية” تهدف إذا تمت مقارنتها بالواقع الجزائري إلى إعادة البلاد لسنوات التسعينيات.

وأضاف القيادي في “الأفافاس” أن تفسير شعار “دولة مدنية ماشي عسكرية” على أنه “أسبقية السياسي على العسكري” المعلن عنه في مخرجات مؤتمر الصومام هو “عملية احتيال كبيرة”.

وأفاد أن “الاحتيال الأكبر” يكمن في خلطه مع الشعار الذي أعلن عنه في مخرجات المؤتمر التاريخي وهو “أسبقية السياسي على العسكري” والذي لا يعني في أي حال من الأحوال “ابتعاد العسكري على دوائر القرار السياسية”.

وتابع مستشار الأمين الوطني الأول لحزب جبهة القوى الاشتراكية قائلا: إن مبدأ أسبقية السياسي على العسكري” المنبثق عن مؤتمر الصومام يعني بوضوح “تنفيذ مسار سياسي ديمقراطي في ظل التزام و مرافقة المؤسسة العسكرية”، معتبرا أنها “ضرورة تاريخية مستعجلة وحيوية” للحفاظ على الأمن المدني والخروج من “ثورات القصور” وإعادة الدولة الى الأمة.

ويرى بوعكوير أن الخلط “المقصود” بين الشعارين يزيد في “إخفاء وتنامي هذا التحالف الموضوعي والظرفي بين أنصار “الخلافة الإسلامية” وأنصار “التامازغا”، الذين تكالبوا بنفس الطريقة من أجل هدم الوعي الوطني ونزع الشرعية عن أول نوفمبر 1954”.

ويعتبر صاحب المقال أن مفهوم “التامازغا” هو جزء من الخيال الاستعماري الجديد بدل الحقيقة التاريخية، مضيفا أن الأمر يتعلق “بإلهاء خفي عن المطلب الشرعي الوطني الأمازيغي مثلما كان عليه الحال في أحداث أفريل 1980”.

وأكد سمير بوعكوير من جهة أخرى أن مفهوم “التامازغا” “لا يقترح إرساء مجموعة مشتركة بين دول شمال إفريقيا، بل “فضاء شاسعا، جغرافيا وثقافيا وسياسيا، يفترض حل الأطر الوطنية”، مضيفا أن هذا المفهوم يرتبط بمفهوم “الخلافة الإسلامية” الذي يبحث عن تشجيع وتنظيم الخلافات القبلية والعرقية والجهوية”.

وختم مستشار الأمين الوطني الأول لجبهة القوى الاشتراكية مقاله بالدعوة إلى رفع الروح الوطنية لـ22 فبراير 2019، التي حُرفت اليوم”، وهذا حتى تبرز، كما يقول، “قوة سياسية ووطنية وديمقراطية حقيقية تتمثل مهمتها في إتمام المشروع الوطني”.",,361,0,1,undecided,Government & Official Statements
source_86,credible,السجن المشدد 3 سنوات لمتهم بالشروع في قتل كهربائي سيارات بالشرقية,"

وكان اللواء إبراهيم عبدالغفار مدير أمن الشرقية، تلقى إخطارًا من اللواء عمرو رؤوف مدير المباحث الجنائية، يفيد بورود إشارة من مستشفى الزقازيق العام، بوصول ""ع.م.ع""، 21 سنة، كهربائي سيارات، مقيم بدائرة قسم ثانٍ الزقازيق، مصابًا بعدة طعنات بأنحاء متفرقة بالجسد.



وتبين أن وراء ارتكاب الواقعة ""م.ع.م""، 27 سنة، مقيم بكفر الإشارة بالزقازيق، وأنه تعدى على المجني عليه بسلاح أبيض خنجر؛ لقيامه بازعاج أبويه بمكبرات الصوت الخاصة بدراجته البخارية.



وتم ضبط المتهم، وبالعرض على النيابة العامة قررت إحالته محبوسًا إلى محكمة جنايات الزقازيق، والتي أصدرت حكمها المتقدم.",,86,0,2,not credible,Health & COVID-19
source_15,credible,لنظام غذائي أمثل في شهر رمضان,"د.نور عدي – الناس نيوز :

شهر رمضان شهر الخير والبركة تتنوع فيه الأطباق الشهية على موائد الإفطار والسحور كما تتغير فيه العادات الغذائية

و مواعيدها ؛ وفي هذا الشهر الفضيل شهر العبادة والصيام ، يدعو كثير من الأطباء وخبراء التغذية ، اللذين سألتهم جريدة ” الناس نيوز ” الأسترالية الإلكترونية ، الصائمين الكرام للتركيز على تناول أغذية معينة وتجنب غيرها لإتمام صيامهم بالشكل الأمثل لصحتهم.

• فما هي الأطعمة التي ينصح بتناولها في رمضان؟

– شرب كمية وافرة من الماء والسوائل بين فترة الإفطار والسحور كشرب العصائرالطبيعية وتناول الحساء المحضّر بالمنزل وذلك لتجنب التجفاف في الجسم نتيجة الصيام.

-الإكثار من الفواكة والخضار والتي يمكن تناولها من خلال تحضير أطباق السلطات المختلفة والتي تعد من الأطباق المهمة على موائد رمضان و تتميز باحتوائها على الألياف التي تعطي إحساس بالشبع والإمتلاء خلال اليوم وتجنب حدوث الإمساك ،كما أنها غنية بالفيتامينات (كفيتامين A,K,C

,وحمض الفوليك ) ومضادات الأكسدة والسكريات الطبيعية الضرورية لحيوية الجسم ونشاطه ،بالإضافة إلى احتوائها على نسبة عالية من الماء .

-تناول الأغذية الغنية بالكربوهيدرات مثل الحبوب ( القمح،الأرز،الشعير،الشوفان) والبقوليات (الفول،العدس) والخضروات النشوية (كالبطاطس) ولكن بكميات معتدلة والتي تعد مصدراً مهماً للطاقة حيث تتحلل ببطء في الجهاز الهضمي وتمد الجسم بالجلوكوز الذي يتحكم بمستوى السكر في الدم مما يحسن ويقوي الذاكرة و يمنح الشعور بالشبع لساعات طويلة.

-تناول البروتينات كاللحوم والأسماك والبيض بكميات كافية والتي تقلل الشعور بالجوع مع عدم الإفراط بها حتى لا تتسبب بعسر الهضم والتخمة .

– الألبان ومشتقاتها والتي تحتوي على الخمائر التي تسهل عملية الهضم وتناولها على السحور يقلل من الشعور بالعطش ويحافظ على رطوبة الجسم طوال فترة الصيام.

•ما هي الأغذية التي ينصح بتجنبها في رمضان ؟

-الأطعمة التي تحتوي على كميات كبيرة من الملح (كالمخللات ،الأجبان المالحة،الزيتون،المعلبات) بالإضافة للحساء الجاهز الذي يحتوي على نسبة عالية أيضاً من الملح والمواد الحافظة والتي تزيد الشعور بالعطش خلال فترة الصيام.

-المشروبات الغنية بالكافيئين(كالقهوة والشاي والمشروبات الغازية) والتي تسبب إدرار البول وبالتالي تقلل من سوائل الجسم .

-الأطعمة الغنية بالدهون كالأطعمة المقلية والوجبات السريعة التي يسبب تناولها عسر هضم وزيادة بالوزن.

-تجنب الحلويات والمشروبات والعصائر الغنية بالسكر والسعرات الحرارية والتي تتحول في الجسم إلى دهون وتسبب السمنة واستبدالها بالفواكه المجففة والتمور الغنية بالألياف الغذائية والسكريات الطبيعية التي تعمل على رفع سكر الدم بشكل مباشر وخاصة بعد الإفطار .

-الأطعمة الغنية بالتوابل الحارة التي تسبب حرقة بالمعدة ومشاكل بالجهاز الهضمي وتزيد الشعور بالعطش.

رمضان شهر العبادة والصيام هو فرصة للصائمين لاتباع نظام غذائي متوازنٍ ومعتدلٍ من أجل تنظيف أجسامهم من السموم والدهون المتراكمة فيها لتنشيطها وإعادة حيويتها من جديد.",,401,0,2,not credible,General/Other Ambiguous Context
source_73,credible,‎الاتحاد العالمي لعلماء المسلمين مكتب تونس: 'عدد من النواب تمردوا وعلى السلطات التدخل',"طالب مسؤول بالاتحاد العالمي لعلماء المسلمين مكتب تونس اليوم الثلاثاء 09 مارس 2021 جميع السلط في البلاد بالتدخل على خلفية ما احتجاج عدد من نواب الحزب الدستوري الحر وأنصاره.

وشدد العضو بالاتحاد في مقطع فيديو نشره على الصفحة الرسمية للمنظمة على أنهم لن يغادروا مقرهم الى حين تدخل الوالي والجهات المعنية لإخراج المحتجين.

واعتبر أن الاتحاد هو ""جمعية قانونية محترمة عالميا ووطنيا والقضاء يشهد بذلك"" وفق تعبيره وتابع أن ما أقدم عليه بعض النواب ""بلطجة ولا يليق بتونس ودستورها ورئيسها وبرلمانها ولا يليق بالديمقراطية"".

كما لاحظ عضو الاتحاد العالمي لعلماء المسلمين مكتب تونس أن ""عددا من النواب تمردوا"" وهم حاليا أمام مقرهم متسائلا عن سبب عدم تدخل السلطات لفض الإشكال.

وقال ""نحن نناشد أنصار الحق أن يغيثونا ويخلصونا من مظاهر الشغب والفوضى التي لا تليق بحرمتنا وبلادنا"".

وواصل ""نرجو من السلطة أن تبادر بحل المشكل فهي لن تعجز أمام البلطجة والتصرف الشنيع الذي لا يليق بتونس والدستور ورئيس ورئيس الحكومة والبرلمان"".",,151,0,2,not credible,Government & Official Statements
source_73,credible,عبد الرؤوف العجيمي : برنامج “PRIMEA” يهدف لدفع الاستثمار وتعصير المستغلات الفلاحية,"أكــد اليوم الثللاثاء المدير العام للتمويل والاستثمار والهياكل المهنية بوزارة الفلاحة عبد الرؤوف العجيمي بأن برنامج PRIMEA يهدف لدفع الاستثمار وتعصير المستغلات الفلاحية.

و أشار الى أن الفلاحة ساهمت بنسبة 10./. في الناتج المحلي الإجمالي وبنسبة 9،5 ./. في التصدير وبنسبة 14./. في التشغيل كما أنها تستقطب 8./. من الاستثمارات على الصعيد الوطني .

و كشف في تصريح لشمس أف أم تراجع جميع مؤشرات الاستثمار الفلاحي في سنة 2020 بالمقارنة بسنة 2019 .

و أكد أن الدولة التزمت بتعهداتها تجاه الشركاء في هذا البرنامج الذي يضخ مبالغ إضافية في الصندوق الخاص لتطوير الفلاحة والصيد البحري والتي بلغت اعتماداته المرصودة 138 مليون دينار

مقالات اخرى",,104,0,2,not credible,Government & Official Statements
source_47,credible,للمرة الثالثة خلال أسبوع.. وفد مصري يصل قطاع غزة,"مرصد مينا- فلسطين

وصل مساء اليوم الجمعة، إلى قطاع غزة وفدا مصريا رفيع المستوى، عبر معبر “إيرز” شمال القطاع، وذلك لتثبيت اتفاق التهدئة بين الفصائل الفلسطينية وإسرائيل.

مصادر فلسطينية، قالت إن وفدا مصريا رفيع المستوى وصل إلى غزة، مشيرة إلى أن الوفد سيلتقي عددا من قيادات الفصائل الفلسطينية، لمناقشة نتائج المباحثات التي جرت سابقا مع الجانب الأميركي بشأن الأوضاع في غزة والأراضي الفلسطينية عامة.

يشار إلى أن هذه الزيارة هي الثالثة لوفد مصري إلى قطاع غزة خلال أسبوع، في ظل جهود مصر لتثبيت اتفاق التهدئة بين الفصائل الفلسطينية وإسرائيل.

وحسبما نقلت وسائل إعلام، سيحاول الوفد حل النقاط العالقة بشأن ملف إعادة الإعمار وتثبيت الهدنة بين حركة حماس والجهاد وإسرائيل.

وكانت مصر دخلت بقوة على خط التهدئة بين الفصائل وإسرائيل بعد أيام من التصعيد العنيف بين الطرفين.

يذكر ان الرئيس المصري “عبد الفتاح السيسي”، كان قد أعلن عن مبادرة مصرية تقضي بمنح مبلغ 500 مليون دولار أمريكي لصالح عملية إعادة إعمار قطاع غزة.

يأتي القرار المصري بعد الهجمات الإسرائيلية على القطاع التي خلفت مئات القتلى وآلاف الجرحى وأضرت بالبنية التحتية.",,169,0,1,undecided,Government & Official Statements
source_82,undecided,أم البواقي: توقيف شخصين وحجز تمثال ملكة فرعونية وحجر ألماس سداسي — النهار أونلاين,"تمكن أمن أم البواقي من توقيف شخصين وحجز قطعة أثرية مهربة ذات قيمة تاريخية كبيرة

يأتي هذا على إثر معلومات مفادها وجود شبكة إجرامية دولية تنشط في تهريب الآثار والأحجار الكريمة.

وتمكنت فرقة قمع الإجرام بالتنسيق مع خلية الإنتربول بأمن ولاية ام البواقي بعد تكثيف الأبحاث والتحريات من توقيف شخصين.

وكانا يحوزان على قطعة أثرية مهربة مصنوعة من مادة العاج تعود للحضارة الفرعونية تجسد ملكة فرعونية.

حيث أثبتت المصالح المختصة أنها ذات قيمة أثرية وتاريخية كبيرة، إضافة إلى حجر من الألماس السداسي “لونسداليت” “lonsdaléite Diaman” .

وبعد استيفاء الإجراءات القانونية، تم تقديم المشتبه فيهما أمس الثلاثاء امام نيابة محكمة عين البيضاء.

وهذا عن قضية حيازة وعرض للبيع والاتجار بالآثار والأحجار الكريمة عن طريق التهريب في إطار جماعة إجرامية منظمة دولية.

وكذا المساس بالتراث الثقافي والطبيعي المحمي والممتلكات الثقافية، مخالفة التشريع والتنظيم الخاصين بالصرف.",,133,1,2,not credible,Source-Specific Artifacts / Boilerplate
source_121,undecided,رئيس مجلس الأمة مرزوق الغانم: ما صدر عن اللاعب محمد الغربللي لا يمثلني من قريب ولا من بعيد,"أكد رئيس مجلس الأمة مرزوق الغانم، أن «ما ورد على (سناب) لاعب نادي الكويت لكرة اليد محمد الغربللي داخل مجلس الأمة، غير مقبول إطلاقا، ولا يمثلني أبدا لا من قريب ولا من بعيد ولست راض عنه إطلاقا».



ورد الغانم على تساؤل أحد متابعيه في «انستغرام» عما قام به اللاعب داخل المجلس، قائلا «من حقك أن تسأل، ما حدث من تصوير سناب لم يكن لدي علم به إطلاقا ولم يستأذني قبل النشر مع الأسف، ما عدا الصورة الأخيرة»، ولكن «لا أستطيع التحكم بمحتوی كل شخص وما ينشره على مواقع التواصل في حال عدم معرفتي به».",,94,1,2,not credible,Government & Official Statements
source_53,not credible,الإجراءات الإضافية للسفر إلى لبنان عبر مطار القاهرة,"Adver1

تفرض بعض الدول إجراءات إضافية للقادمين إليها بسبب تفشي فيروس كورونا الجديد وفي حال عدم الإلتزام بالاجراءات الإضافية قد يمنع الراكب من السفر.

المصدر: فيتو",,26,2,1,undecided,Health & COVID-19
source_1,credible,"قصة اختطاف الشابة نسرين والعثور عليها ثم اختفاؤها في ""مختفون""","في الثامن من شهر يناير الماضي، اختفت نسرين العطار، استغلت فرصة غياب والدتها عن المنزل، وأخذت ملابسها وأخبرت أختها أنها ستذهب إلى منزل عمتها، لتقصد في الواقع وجهة مجهولة تاركة أسرتها في حيرة كبيرة.

ليست هذه هي المرة الأولى التي تعيش فيها الأسرة هذه المأساة، فقد سبق لنسرين، شابة في عقدها الثاني، أن اختفت في يوليوز سنة 2020 إثر تعرضها للاختطاف كما يقول الأب، لتيم العثور عليها بعد مرور ثلاثة أيام رفقة شابين من ذوي السوابق العدلية.

طرقت أسرة نسرين التي تقطن بقرية با محمد نواحي مدينة فاس كل الأبواب، ولازالت تعيش تحت وقع الصدمة، والدها لا يقدر على كفكفة دموعه كلما جاء على ذكرها، وأمها بالكاد ترعى أبناءها الآخرين ولا تفكر سوى في مصير ابنتها المختفية. المزيد من التفاصيل حول قصة اختفاء نسرين العطار في الروبرتاج التالي.",,128,0,1,undecided,General/Other Ambiguous Context
source_73,credible,القبض على 3 أشخاص ببنزرت كانوا ينوون ’الحرقة’,"تمكّن أعوان منطقة الأمن الوطني ببنزرت المدينة، أمس الثلاثاء، من القبض على 3 أشخاص (من بينهم فتاة) اعترفوا بكونهم كانوا ينوون اجتياز الحدود البحرية خلسة مقابل 3 الاف دينار للشخص الواحد.

وتم القبض على المتهمين وفق بلاغ صادر اليوم عن وزارة الداخلية .

واوضح نفس البلاغ انه تم حجز كميّة كبيرة من الملابس والأحذية وسكاكين من الحجم الكبير وسترتيْ نجاة وقطع نقديّة من العملة الأجنبيّة و4 سجائر محشوّة بمخدّر القنب الهندي ""زطلة"".

وباستشارة النّيابة العموميّة، أذنت بالاحتفاظ بهم جميعا من أجل ""محاولة اجتياز الحدود البحريّة خلسة"" ومسك واستهلاك مادّة مخدّرة"" و""مسك سلاح أبيض دون رخصة"" وإدراج المظنون فيه الأوّل بالتّفتيش والابحاث مازالت متواصلة",,103,0,2,not credible,Government & Official Statements
source_27,not credible,عبد القادر بريش أبرز كفاءات حركة البناء في التشريعيات المقبلة,"عبد القادر بريش أبرز كفاءات حركة البناء في التشريعيات المقبلة

قدّم البروفسور عبد القادر بريش، ترشحه للمشاركة في الانتخابات التشريعية المزمع تنظيمها بتاريخ 12 جوان المقبل، وذلك ضمن قائمة حركة البناء الوطني عن ولاية الجزائر العاصمة.

ويعتبر بريش، من بين أبرز الكفاءات الوطنية التي استقطبتها حركة البناء، لخوض غمار التشريعيات المقبلة.

ويعد البروفيسور بريش، أحد الأعضاء المؤسسين للمنتدى الاقتصادي الجزائري ورئيس مجلس الخبراء، إضافة إلى كونه عضوا في هيئة كبار المستشارين بالمعهد الدولي للحوكمة والتنمية المستدامة.

كما يشغل منصب استاذ وباحث بالمدرسة العليا للتجارة، وكذا استاذ محاضر ومشارك بمداخلات واوراق بحثية في عدة مؤتمرات دولية ووطنية، من ضمنها ازيد من30 مؤتمر دولي بالخارج.

ونشر له أكثر من 18 بحث علمي محكم في مجلات علمية وطنية ودولية.

هذا، ويتمتع الناشط الإعلامي والخبير الاقتصادي عبد القادر بريش بعدة ألقاب ومساهمات علمية قيمة في عدة مجالات أخرى.

للإشارة، أكد رئيس حركة البناء الوطني عبد القادر بن قرينة، في تصريح صحفي سابق، أن حركة البناء الوطني تصدرت جمع التوقيعات بما يقارب 65 ألف توقيع عبر 58 ولاية.",,163,2,0,credible,Government & Official Statements
source_108,credible,رداً على الهجوم عليها بيان عاصف لتطبيع الهلال يوضح الحقائق حول عدة ملفات,"أصدرت لجنة تطبيع نادي الهلال بياناً لجماهير الفريق أوضحت فيه الحقائق حول عدد من الملفات والقضايا الجوهرية التي يشهدها النادي وأكدت بداية بأنها تولت المسؤولية في ظروف بالغة التعقيد كما تعلمون وهي تدرك حجم وعظم المسؤولية الملقاة على عاتقها وقد بذلت الجهد كله من أجل رفعة الهلال وفتحت أبوابها وصدرها للمناقشة والإرشاد والمساهمة لدفع مسيرة الهلال القاصدة بإذن الله ومازالت تعمل بكل قوة ولكن بكل أسف تلاحظ في الفترة الأخيرة القيام بحملات ممنهجة من بعض الأقلام استهدفت لجنة التطبيع بنشر معلومات تفتقر للدقة والمصداقية في كثير من الأحيان.

لذلك رأت لجنة التطبيع أن توضح للرأي العام وجمهور الهلال بعض ما تم تداوله وإثارته في الصحف والوسائط في الآونة الأخيرة.. وبناء على ذلك تؤكد لجنتكم أن ما يشاع عن اختلافات داخل اللجنة أو تحزبهم غير صحيح والصحيح أن اللجنة ظلت متكاملة ومتكاتفة وأن الذي يدور داخل المجلس من نقاش ديمقراطي إنما يؤسس لاتخاذ قرارات سليمه تحوز على الأغلبية وترضي الأقلية وتدعمها كقرار واحد متماسك، وقد ظلت اللجنة تتابع معسكر الفريق بالقاهرة ساعة بساعة وتؤكد أن المعسكر كان منضبطاً والجميع تعاملوا بروح المسؤولية ولا صحة لأي نوع من الفوضى ونشير إلى أن تخلف رئيس البعثة كان لأسباب قاهرة ثم داهمه المرض كما اطمأنت اللجنة إلى أن المعسكر قد تم فيه تنفيذ البرنامج الفني بنسبة مائة في المائة حسب رؤية المدير الفني للفريق وأوضحت اللجنة بأنها ورثت ثلاث قضايا صدرت فيها أحكام وهي في مراحل الاستئناف أو التنفيذ وتولت لجنة التطبيع الدفاع عنها بإشراف محامٍ عالمي متخصص محاكم رياضية وستتابعها اللجنة حتى تصل إلى نهايتها وسنتابع مع المحامي كل مراحل التقاضي وإنفاذ الأحكام وبشأن قضية اللاعبين الثلاثة بالمريخ رمضان عجب ومحمد الرشيد وبخيت خميس ظلت اللجنة ثابتة في الدفاع عن حقوق ومكتسبات نادي الهلال وقد توقف الاتحاد السوداني والمريخ عن سداد الالتزامات المالية اللازمة لانعقاد جلسات المحكمة ورغم الملاحقة لم يسددوا ما عليهم وقام رئيس نادي الهلال بتغطية نصيب الاتحاد السوداني ونصيب نادي المريخ حتى تنعقد الجلسة بمبلغ يصل إلى ٤٨٠٠٠ دولار حتى تستمر إجراءات التقاضي ونعِدكم بمواصلة هذا الملف حتى نهايته وأكدت التطبيع أنه بالنسبة لقضية الدكاكين التي بدأ تشييدها بنادي الهلال قبل استلام لجنة التطبيع قدمت الشركة عقوداً قانونية وقعتها مع المجلس السابق وسددت ماعليها مقدماً. وطالبت لجنتكم بحفظ حقوقها القانونية الملزمة وتقدمت الشركة للجهات العدلية مطالبة بحقها القانوني وفتحت بلاغا جنائيا بمحكمة أم درمان بالرقم 2021/1250 مما اضطر اللجنة إلى الدخول في مفاوضات للوصول إلى تسوية مرضية تضمن مصالح نادي الهلال وتمت التسوية وعرضت على اللجنة ووافقت بالإجماع ونؤكد انه لم يحدث أي تصرف فردي فى هذه المسألة وفيما يتعلق بشيكات اللاعبين والأندية والتي تمت بالتراضي تعلمون الظروف الاقتصادية وشُح السيولة وانهاء خدمات اللاعبين الأجانب الأمر الذي أثر فى تأخير السداد ونؤكد أن التزامات النادي ستغطى بالكامل خلال الأسبوع القادم وبالنسبة للاعبين الأجانب المحترفين تم إنهاء عقودهم حسب التقرير الفني وطلب المدير الفني وسوف تتم المخالصة معهم كما تناولت بعض وسائل الإعلام أن لجنة التطبيع غيرت اسم الجوهرة ونؤكد للجميع لم يحدث ذلك بل ولم يطرح هذا الأمر حتى فى ملفات التطبيع بأي شكل من الأشكال ونطمئن جماهيرنا الغالية بأننا على العهد وسوف نلتقي بكم قريباً في مؤتمر صحفي نطرح فيه حصاد ماقامت به لجنة التطبيع خلال الفترة الماضية ونجيب فيه عن كل ما يجول بخاطر أبناء الهلال وبما يتعلق بمستقبل الهلال.. معكم على الوعد لبناء فريق نفاخر به في القارة السمراء والوطن العربي..

وعشتم أبناء الهلال الأوفياء ناصحين وداعمين وصامدين ونرجو من جماهيرنا الوفية والإعلام أن يستقوا المعلومات من مصادرها الأساسية حتى لا تبنى عليها أحكام خاطئة كما نأمل أن تلتف جماهيرنا حول الفريق في المباراة القادمة حتى تسعد القاعدة العريضة.

المصدر من هنا",,565,0,1,undecided,Government & Official Statements
source_134,credible,الموسم البحري الأزرق ، من أجل اقتصاد أزرق وساحل مثالي,"

تتكوّن تونس، وهي دولة متوسطية كبيرة ترجع أصولها إلى القائدة البحرية عليسا والحضارة الفينيقية، من أربعة وعشرين ولايةلدى نصفها واجهة بحرية.

ويبلغ طول سواحلها 1300 كيلومتر من جرجيس إلى طبرقة ، ويقدّر الناتج المحلي الإجمالي للاقتصاد الأزرق فيها بحوالي 12٪ ، كما تتمتع تونس بفضل ساحلها وهي""ميزتها"" الرئيسية، بنقاط قوة مثل التجارة مع بقية العالم ، وعلاقتها مع أوروبا ، والسياحة الساحلية ...وهي ميزة نوّه بها جان كاستكس ، رئيس الوزراء الفرنسي ، خلال زيارته الأخيرة لتونس ، كما أشاد بالدورة الرابعة للمنتدى العالمي للبحر - بنزرت التي ستدور يومي 24 و 25 سبتمبر القادم. لكن تونس هي أيضًا الدولة الأسوأ حالا في البحر الأبيض المتوسط من حيث التدهور البيئي: ارتفاع منسوب المياه ، وتآكل السواحل ، واختفاء الشواطئ.

لقد تمّ تدمير قابس ، الواحة البحرية الوحيدة في العالم ، وكذلك الخليج المشهور بنباتاته وحيواناته ، خلال خمسة عقود من آثار الفوسفوجيبس الملقى في البحر ، وكذلك عن طريق تعدين الفوسفات. وينطبق الشيء نفسه على صفاقس ، التي دُمّر خطُّها الساحلي من قبل الصناعة الكيميائية.

تم إنشاء الموسم البحري الأزرق في عام 2018 بناءا على الملاحظات التي أدلى بها علماء البيئة والمجتمع المدني في غيابالاهتمام بالتنمية المستدامة على امتداد الساحل التونسي. فبادر الموسم البحري الأزرق بالالتزام بحماية الساحل والبيئة البحرية. وبعد نجاح الدورة الأولى في صيف 2018 ، واصل الموسم البحري الأزرق حشد طاقته في إجراءات التوعية العامة لصالح حماية النظام البيئي البحري والاقتصاد الأزرق المستدام.

إنّ الموسم البحري الأزرق هو أولاً وقبل كل شيء حدث صيفي يرافق أكثر من مائة حدث: أربعة أشهر من الاحتفال بالأنشطة البشرية التي تجمع ، من جوان إلى سبتمبر ، ملايين السياح على سواحلنا التونسية والداخلية. وتتمثّل ذروة الموسم البحري الأزرق في مدينة بنزرت الواقعة في أقصى نقطة من شمال القارة الأفريقية، من خلال المنتدى العالمي للبحر، الذي ستقترح الدورة الرابعة منه ثلاثة محطّات رئيسية هذا العام وهي التركيز على البحر الأبيض المتوسط النموذجي ، ومحطّة أخرى على أوروبا البحر، مع عرض لمهمّة""نجم البحر""التي يقودها الاتحاد الأوروبي وأخيرا الاجتماع الأول لشبكة جديدة من الممثلين المنتخبين من سواحل البحر الأبيض المتوسط تسمّى برلمان البحر المتوسّط برئاسة باسكال لامي ، وبحضور صاحب السمو الملكي الأمير ألبرت الثاني أمير موناكو والعديد من الضيوف المتميزين ، وستكرّس هذه الدورةشهرة هذا الموعد بالفعل باعتبارهالمنتدى الدولي الوحيد في المجال البحري الذي يتمّ جنوب أوروبا.

في دورته الرابعة لعام 2021 ، يعزّز الموسم البحري الأزرق وجوده ببرنامج من الفعاليات للاحتفال بثروات البحر بجميع أشكاله. ولكن بعد الفترة الصيفيّة ، طوّرت جمعيتنا أيضًا نشاطًا مهمًا خلال هذا العام 2021 من خلال إطلاق برنامجين رقميين ذوي صيت وهُما : ""المحادثات الزرقاء"" للنادي البحري الأزرق و ""مرحبا أبناء البحر"" «Hola les meriens » ، وهما برنامجان يستقبلان أهمّ الشّخصيات في المجتمع البحري الدولي.

وإدراكًا منها بالحاجة إلى مساعدة باعثي المشاريع ، أطلق الموسم البحري الأزرقسنة 2019 ، ""أمواج""وهو أول نداء تونسي لبعث المشاريع من أجل اقتصاد أزرق مستدام. ويمكن للبلديات الساحلية والشركات الناشئة والجمعيات والمنظمات غير الحكومية المشاركة في هذا النداء. وقد تمّتتويج ثلاثة مشاريع في عام 2019 في قليبية وقرطاج وبنزرت. أمّا هذه السنة ،فقد أدى إطلاق الدورة الثانية من ""أمواج"" إلى ترشّح أكثر من أربعين مشروعًا ، تم فحصها من قبل لجنة من الخبراء ، برئاسة الحبيب بن الحاج قويدر ، وسيتم الإعلان عن الفائز خلال الدورة المقبلة من المنتدي العالمي للبحر - بنزرت.

و من جانب آخر قام الموسم البحري الأزرق طوال هذا العام ، بالذّهاب إلى المدارس والجمعيات للإجابة عن تساؤلات الأطفال والشباب حول حالة كوكبنا ، والتنوع البيولوجي المهدّد بالانقراض ، والمناخ المضطرب. ويمثّل هذا البعد التعليمي جزءا أساسيّا من التزامنا بحماية البحر من جميع الاعتداءات وإرشاد الجيل الجديد بالقضايا المناخية والعلمية والسياسية والاقتصادية والاستراتيجية لبحارنا ومحيطاتنا. إنّنا نزداد يوما بعد يوم في تبنّي هذه المعارك من أجل الكوكب. ولكن في الوقت نفسه ، فإن تحديات تغير المناخ ، والهجمات على السلامة البيئية، والمبيدات البيئية ، والتلوث وتدمير النظم البيئية البحرية أصبحت أكثر منة أيّ وقت مضى مرئية وواسعة الانتشار على جميع سواحل العالم.

قال أنطوان دو سانت إكزوبيري ، ""أن تكون رجلاً يعني أن تشعر ، من خلال وضع حجر ، أنك تساعد في بناء العالم. »….كذلك فإن الموسم البحري الأزرق يسعى كل يوم ، وكل لحظة ، وفي كل مكان ، جنبًا إلى جنب من أجل عالم أفضل وكوكب أزرق أفضل ...",,675,0,2,not credible,Government & Official Statements
source_53,not credible,أخبار فيتو.. بيان كورونا.. التحقيقات مع طاقم السفينة.. تفاصيل مثيرة عن “فتاة الساطور”.. مقاضاة اتحاد السلة بسبب القمة,"نشرت ""فيتو"" على مدار الساعات الماضية العديد من الأخبار المهمة التي شهدتها الساحة على مختلف الأصعدة السياسية والاقتصادية والرياضية وغيرها.

المصدر: فيتو",,22,2,1,undecided,Health & COVID-19
source_117,credible,مقتل فلسطيني خلال تظاهرة تخللها إطلاق نار باتجاه الجيش الاسرائيلي في رام الله,"© أ ف ب

مونت كارلو الدولية / أ ف ب

نص: مونت كارلو الدولية / أ ف ب

قتل فلسطيني وأصيب خمسون آخرون بجروح يوم الثلاثاء 18 مايو 2021 خلال تظاهرة شمال مدينة رام الله تضامنا مع قطاع غزة، وفق ما أفادت وزارة الصحة الفلسطينية، فيما أشار الجيش الإسرائيلي الى إطلاق نار في اتجاه جنود إسرائيليين أسفر عن إصابة اثنين منهم بجروح.

إعلان اقرأ المزيد

والقتيل هو محمد اسحق حميد (25 عاما). أصيب برصاصة في صدره، ووصل الى المشفى في حالة خطيرة قبل أن يتوفى متأثرا بإصابته.

وأعلن الجيش الإسرائيلي من جهته إصابة اثنين من جنوده برصاص أطلقه عليهم فلسطينيون في التظاهرة التي شهدتها منطقة رام الله.

وشارك آلاف الفلسطينيين في التظاهرة الأكبر منذ بدء التصعيد بين إسرائيل وقطاع غزة.

وسمع صحافي في وكالة فرانس برس إطلاق نار خلال التظاهرة، ثم شاهد جنديا إسرائيليا يهرع لحمل جندي آخر عقب إطلاق النار.

ودعت حركة فتح ومجموعات فلسطينية في المجتمع المدني الى التظاهرة.

وأعلنت وزارة الصحة الفلسطينية أن خمسين فلسطينيا أصيبوا بجروح خلال التظاهرة، مشيرة الى استخدام الإسرائيليين الرصاص الحي.

وشارك عشرات الفلسطينيين الملثمين الليلة الماضية في تظاهرة في رام الله وهم يحملون السلاح ويطلقون النار في الهواء.

وتلا أحد الملثمين بيانا قال فيه إن كتائب شهداء الاقصى، الجناح العسكري لحركة فتح، أعلنت تفعيل نفسها.

وتوقف نشاط كتائب شهداء الأقصى في العام 2005 وتم توزيع نشطاء الحركة على الأجهزة الأمنية الفلسطينية.

وعمّ الإضراب الشامل الثلاثاء مدن الضفة الغربية بما في ذلك القدس الشرقية المحتلة والوسط العربي داخل إسرائيل استجابة لدعوات شعبية ورسمية تضامنا مع قطاع غزة ورفضا للاحتلال الإسرائيلي.

وأغلقت كافة المحال التجارية والقطاعات الخاصة أبوابها باستثناء المراكز الطبية، فيما تعطل الدوام في القطاع التعليمي بمختلف مستوياته.

وأعلنت الحكومة الفلسطينية تعطيل العمل الثلاثاء كي يتسنى للموظفين المشاركة في المسيرات، في حين دعت حركة فتح في بيان الفلسطينيين للمشاركة في تظاهرات ""سلمية"".

وجاءت دعوة حركة فتح للإضراب في الضفة الغربية انسجاما مع دعوة لجنة المتابعة العربية العليا في إسرائيل للإضراب العام والشامل في الوسط العربي داخل إسرائيل ""ردا على العدوان الإسرائيلي المتواصل على شعبنا الفلسطيني"".

الرسالة الإخباريةأبرز الأحداث الدولية صباح كل يوم اشترك",,331,0,2,not credible,Source-Specific Artifacts / Boilerplate
source_53,not credible,إيد شيران يكشف عن التاتو الجديد في صور تذكارية مع جمهوره بأستراليا,"Adver1

التقطت عدسات المصورين، ظهور النجم العالمي إيد شيران، في شوارع بلدة سورينتو الساحلية في استراليا، اثناء تواجده مع المصدر:اليوم السابعإيد شيران يكشف عن التاتو الجديد في صور تذكارية مع جمهوره بأستراليا المصدر اليوم السابع",,35,2,1,undecided,General/Other Ambiguous Context
source_82,undecided,"المطرب المصري ""مصطفى قمر"" مقدم برامج لأوّل مرة في رمضان — النهار أونلاين","سينافس المطرب مصطفى قمر بمسلسل “فارس بلا جواز” خلال موسم رمضان، والذي يعيده إلى الدراما بعد فترة غياب طويلة.

كما سيقدم قمر مشاهد كوميدية تحمل عددا من المفاجآت، وسيتم طرحه على عدد من القنوات المصرية، ويشارك فيه نجوم الفن.

ومن جهة اخرى، وبعد تألقه في مجال الغناء والتمثيل، يخوض مصطفى قمر أولى تجاربه في عالم التقديم من خلال برنامج “خمس نجوم”.

ويشاركه في البرنامج كل من النجمة غادة عادل ، نور ومحمد الشرنوبى وكريم فهمى.

ومن المقرر إذاعته في موسم رمضان، ويحمل عددا من المفاجآت حيث يعتمد على عنصر المفاجأة، وتم استضافة نجوم الفن ضيوفا لحلقاته.

ومن المؤكد أن يكون البرنامج مفاجأة للنجم مصطفى قمر الذي إعتاد في مشواره الفني والغنائى تقديم عدد من النجوم إلى الساحة.

برنامج “خمس نجوم” فور طرح بوستراته جعل الجمهور متشوقا لمتابعة البرنامج في موسم رمضان .",,132,1,2,not credible,Source-Specific Artifacts / Boilerplate
source_86,credible,الشيوخ يوافق على شروط عمل المكاتب الهندسية الأجنبية,"وافق مجلس الشيوخ على نص المادة السابعة بمشروع تعديل قانون نقابة المهندسين، التى تنظم عملية إجراء تراخيص مزاولة المهنة بالنسبة للمهندسين والاستشارين الأجانب.



ونصت المادة (7) على أن ""لا يجوز لوزارات الدولة ومصالحها والهيئات والمؤسسات العامة والشركات والأفراد أن تعين في وظائف المهندسين أو أن تعهد بالأعمال الهندسية إلا إلى الأشخاص المقيدة أسماؤهم في جدول النقابة أو إلى المكاتب الهندسية الاستشارية المقيدة بجدول النقابة، وذلك بعد سداد رسم القيد المقرر، والاشتراك السنوي، وبالنسبة للمصريين تعتبر شهادة القيد مسوغًا من مسوغات التعيين للنقابة"".



ويجوز أن تمنح المهندسين الأجانب والمكاتب الهندسية الاستشارية الأجنبية تصاريح مؤقتة ومحددة لمزاولة المهنة بناء على طلب الجهات التي عهدت إليهم بذلك، وبعد سداد الرسوم الآتية نقدًا أو عن طريق الدفع الإلكتروني:



أ ـ بالنسبة للمهندس الأجنبي

1 – رسم مقداره خمسون ألف جنيه مصري، ويمكن أن يسدد بالعملة الأجنبية.

2 – رسم مزاولة مهنة سنوي مقداره ثلاثون ألف جنية مصري، ويمكن أن يسدد بالعملة الأجنبية.



ب ـ بالنسبة للمكاتب الهندسية الاستشارية الأجنبية:

1– رسم طلب مقداره ثلاثمائة ألف جنيه مصري، ويمكن أن يسدد بالعملة الأجنبية.

2- رسم مزاولة مهنة سنوي مقداره مائتا ألف جنيه مصري، ويمكن أن يسدد بالعملة الأجنبية أو العملة المصرية.



وذلك طبقًا للأوضاع التي يحددها النظام الداخلي.",,193,0,1,undecided,General/Other Ambiguous Context
source_100,credible,التنمية بغزة تكشف مستجدات صرف مخصصات الشؤون الاجتماعية,"رابط مختصر:

رام الله - دنيا الوطن

أكدت المتحدثة باسم وزارة التنمية الاجتماعية بغزة عزيزة الكحلوت، أنهم بانتظار صرف مخصصات الشؤون الاجتماعية قبل عيد الفطر، كما أعلنت الوزارة برام الله.



وقالت الكحلوت، وفق ما نقلت وكالة (الرأي): إن صرف هذه الدفعة المستحقة تأخر كثيراً وكان من المفترض أن تُصرف نهاية آذار/ مارس الماضي.



وأشارت أن إعادة 360 أسرة محجوبة للدفعة المرتقب صرفها ولن يبقى إلا القليل من المحجوبين وتقريبا حُل ملف المحجوبين بنسبة 70%.



وأوضحت الكحلوت أنه سيتم صرف مخصصات الشؤون على ثلاث دفعات خلال العام، الأولى قبيل حلول العيد والثانية في سبتمبر والثالثة نهاية العام.



وختمت بالقول: ""استفاد من برنامج المساعدات الرمضانية بالتعاون مع المؤسسات المحلية والدولية قرابة 52 ألف أسرة فقيرة ومستمرون في البرنامج حتى تصل المساعدات لكافة الأسر المحتاجة"".",,122,0,1,undecided,Government & Official Statements
source_38,undecided,أنس جابر تتقدم في التصنيف من ال 28 عالميا الى ال27 عالميا و تخوض تحد جديد في بطولة 250 نقطة,"0 Shares

آداء أنس جابر البطلة التونسية كان مميزا في الاسبوعين الاخيرين سواء في ميامي بفوزها على صوفي كينين، أو في بطولة تشارلستون الأمريكية فئة ال500 نقطة الأخيرة و التي توقفت مغامرتها أول أمس في النصف النهائي.

موعد جديد لأنس جابر التي اصبحت مصنفة 27 عالميا في بطولة تشارلستون و ستبدأ أولى مبارياتها من بطولة ال250 نقطة يوم غد الثلاثاء أمام السويسرية المصنفة 127 ستيفاني فوغولا، انتصرت عليها انس جابر في 2017.",,72,1,0,credible,Sports News
source_38,undecided,التيار الديمقراطي يدعو الحكومة الى فتح حساب بنكي خاص للتضامن مع سكان غزة (بيان),"0 Shares

أمام تواصل العدوان الصهيوني على قطاع غزة بارتكاب جرائم حرب ومجازر في حق المدنيين والاطفال تسببت في سقوط عشرات الشهداء وإصابة المئات بجروح، يعلن #التيار_الديمقراطي :

تنديده بجرائم العدو الصهيوني واستنكاره لتواطؤ الحكومات الغربية بالصمت والتشجيع وإنكار #حقالشعبالفلسطيني في الدفاع عن ارضه المحتلّة.

مساندته المطلقة لكل فصائل المقاومة سواء في الأراضي المحتلة أو المحررة وإكباره لما طورته من قدرات لردع الكيان الغاصب و الذود عن القدس عاصمة فلسطين.

إصراره على تمرير المبادرة التشريعية التي قدمتها الكتلة الديمقراطية منذ ديسمبر 2020 لتجريم التطبيع مع العدوّ الصهيوني واستعداده لفضح كل محاولات تعطيل عرضها على الجلسة العامة.

استعداده للعمل مع كل القوى الوطنية لدعم القضية الفلسطينية بأكثر نجاعة وفاعلية وبكل الوسائل.

تثمينه لمساعي رئاسة الجمهورية والخارجية التونسية في مجلس الأمن الدولي ودعوتهما لمواصلة مساعيهم لفضح ممارسات العدو الصهيوني باستثمار عضوية تونس في المجلس.

دعوته الحكومة لفتح حساب بنكي خاص للتضامن مع سكان غزة.

عن المكتب السياسي

الامين العام

غازي الشواشي",,149,1,0,credible,Government & Official Statements
source_82,undecided,"""ANADE"" تدعو المؤسسات المصغرة وحاملي مشاريع تصنيع اللوحات الرقمية لطرح خدماتهم وأفكارهم — النهار أونلاين","دعت الوكالة الوطنية لدعم وتنمية المقاولاتية، مسيّري المؤسسات المصغرة والشباب الحاملين للمشاريع والأفكار في تصنيع الألواح الرقمية، إلى التقرب إليها.

وطالبت الوكالة، من المؤسسات المصغرة، الشباب الحاملين للمشاريع بهذا المجال، بطرح أفكارهم أو عرض خدماتهم.",,35,1,0,credible,Source-Specific Artifacts / Boilerplate
source_27,not credible,منح أكثر من 12 ألف رخصة صيد على المستوى الوطني,"منح أكثر من 12 ألف رخصة صيد على المستوى الوطني

كشف المدير العام للغابات، علي محمودي، عن منح 12.700 رخصة صيد على المستوى الوطني وتكوين 130 مختص في تكوين الصيادين.

وتم إحصاء -حسب محمودي- إلى غاية السنة الجارية 22.545 صياد متخصص في الصيد البري، منضوون تحت لواء 705 جمعية.

وموزعين –يضيف التحدث- عبر 43 فدرالية ولائية، منهم 13.504 خضعوا للتكوين قبل الحصول على رخصة الصيد.

وحسب محمودي فإن العملية التي تم إعادة إطلاقها بعد 25 سنة من تعليقها، تعد “أداة هامة لتأطير عمليات الصيد ومكافحة الصيد الجائر”.",,87,2,0,credible,General/Other Ambiguous Context
source_53,not credible,ذكرى رحيل محمود الجندى بعد مسيرة فنية ضخمة.. اليوم,"Adver1

يتزامن اليوم الأحد الموافق 11 أبريل مع ذكرى رحيل الفنان محمود الجندى الذى رحل عن عالمنا فى مثل هذا اليوم فى 2019 بعد أزمة صحية أدخلته المستشفى.. المصدر:اليوم السابعذكرى رحيل محمود الجندى بعد مسيرة فنية ضخمة.. اليوم المصدر اليوم السابع",,41,2,1,undecided,Health & COVID-19
source_100,credible,‫كاسيو تُطلِق أول ساعة يد ذكية جي شوك بنظام تشغيل Wear OS من جوجل,"



و تُعَد GSW-H1000 هي أحدث إضافة إلى عائلة G-SQUAD الرياضية لساعات جي شوك (G-SHOCK) المقاومة للصدمات.



و تم تصميم الساعة الذكية الجديدة بكل متانة جي شوك، مع مقاومة الصدمات ومقاومة الماء حتى عمق 200 متر، حيث إنها أيضًا أول ساعة ذكية جي شوك تعمل على نظام تشغيل Wear OS من جوجل، وبصفتها المنتَج الرئيسي لعائلة G-SQUAD التي تُركِّز على الرياضة، فإن GSW-H1000 رائعة للاستخدام في مجموعة واسعة من الإعدادات الرياضية - من الأنشطة مثل الجري والتدريبات الداخلية وركوب الدراجات على الطرق والسباحة، إلى الأنشطة الأكثر صعوبة مثل ركوب الأمواج والتزلج على الجليد.



و تحتوي الساعة الجديدة على مستشعر بصري لقياس معدل نبضات القلب، بالإضافة إلى بوصلة ومستشعر الارتفاع/ضغط الهواء ومقياس التسارع ومقياس السرعة الزاوية (الجيرومتر) ووظيفة نظام تحديد المواقع العالمي GPS والمزيد.





و تتيح هذه اللمحة عن العتاد القوي للساعة التقاط البيانات المتعلقة بالمسافة والسرعة والوتيرة، وهو أمر مفيد جدًا للأشخاص الذين يقومون بالتدريب البدني، كما تتميز الشاشة أحادية اللون مزدوجة الطبقة والشاشة الملونة بواجهة مستخدِم ذات تخطيط ثلاثي المستويات تتيح للمستخدمين تخصيصها لكي تناسب أهدافهم، ووضع نقاط بيانات متعددة في متناول أيديهم، ويمكن الوصول إليها بسهولة في لمح البصر.



و يُوفِّر تصميم GSW-H1000 أيضًا التزامًا لا تنازل عنه في راحة الارتداء، مع سوار من اليوريثان الناعم الذي يُوفِّر المرونة والمتانة، بالإضافة إلى المكونات الخاصة المستخدمة بين السوار وقرص الساعة من أجل ضمان ارتداء مريح للغاية.







أعلنت شركة كاسيو للكمبيوتر المحدودة اليوم عن إصدار ساعة يد GSW-H1000، وهي ساعة ذكية من طراز G-SQUAD PRO تعمل بنظام تشغيل Wear OS من جوجل™، ومليئة بالوظائف التي تساعدك على الحفاظ على لياقتك البدنية باستخدام أهداف النشاط وتتبع اللياقة البدنية.",,256,0,2,not credible,Government & Official Statements
source_55,credible,“المنصة”: خدمة المنتجات غير التجارية تمكن من نيل شهادة الإرسالية,"صحيفة وصف :المنصة تمكّنك من الحصول على شهادة الإرسالية للمنتجات المستوردة لغرض غير تجاري.

جدير بالذكر أن “سابر” هي منصة إلكترونية تساعد المورد والمصنع المحلي على تسجيل شهادات المطابقة المطلوبة إلكترونيًّا للمنتجات الاستهلاكية، سواء المستوردة أو المصنعة محليًّا لدخولها للسوق السعودي، كما تهدف المنصة إلى رفع مستوى المنتجات الآمنة في السوق السعودي.

وتم تطوير منصة سابر بإشراف من الهيئة السعودية للمواصفات والمقاييس والجودة وفق أعلى معايير الكفاءة من حيث سرعة الإنجاز في التسجيل، وكذلك في تقليص الوقت المستغرق للمستفيدين.",,79,0,1,undecided,Economics & Pricing
source_117,credible,اليونان تعيد فتح شواطئها على أمل اجتذاب السائحين من جديد,"أعادت اليونان فتح شواطئها يوم السبت 08 مايو 2021 بعد تخفيف الأماكن الشهيرة التي يقصدها المصطافون على البحر المتوسط خلال العطلات من قيود كوفيد-19 استعدادا لعودة الزائرين الأجانب الأسبوع المقبل.

إعلان اقرأ المزيد

وتمثل السياحة نحو خمس الاقتصاد والوظائف في اليونان التي لا يمكنها تحمل خسائر أخرى خلال موسم الصيف بعد أسوأ عام على الإطلاق بالنسبة لصناعة السياحة في عام 2020.

وبموجب التدابير الحالية سيتعين على مديري الشواطئ وضع مظلات بفارق ما لا يقل عن أربعة أمتار عن بعضها وإجراء عمليات تطهير منتظمة واجراء اختبارات كوفيد-19 للعاملين في الشواطيء.

ونجحت اليونان في السيطرة على الموجة الأولى من الجائحة العام الماضي ولكن عودة ظهور الحالات شكلت عبئا كبيرا على الخدمات الصحية ودفعت السلطات إلى فرض عزل عام ثان في نوفمبر تشرين الثاني.

وبعد تراجع الإصابات وتزايد عمليات التطعيم خففت السلطات بشكل مطرد القيود وفتحت الحانات والمطاعم في الأسبوع الماضي.

وأعلنت يوم الجمعة 07 مايو 2021 أن المتاحف ستفتح أبوابها الأسبوع المقبل قبل رفع قيود السفر عن الزوار الأجانب الذين تلقوا تطعيمات في 15 مايو 2021.

الرسالة الإخباريةأبرز الأحداث الدولية صباح كل يوم اشترك",,172,0,2,not credible,Economics & Pricing
source_95,credible,تيتش ذي تشيلدرن انترناشيونال: الاعتراف الأمريكي بمغربية الصحراء قرار جدير بالثناء,"قالت نانسي هوف، رئيسة المنظمة الأمريكية غير الحكومية “تيتش ذي تشيلدرن انترناشيونال”، إن قرار الولايات المتحدة الاعتراف بمغربية الصحراء جدير بالثناء، منددة في الوقت ذاته بمناورات والضغط الذي تمارسه ما تسمى بجبهة “البوليساريو” وصانعيها الجزائريين بهدف تقويض هذا القرار الحكيم الذي من شأنه “إحلال السلام” لمنطقة تعاني من عدم الاستقرار.

وأكدت الفاعلة الجمعوية الأمريكية، في مقال رأي نشرته صحيفة “تولسا وورلد”، أن الروابط بين المغرب وأقاليمه الصحراوية متجذرة في الزمن، وأن اعتراف الولايات المتحدة بسيادة المغرب على أقاليمه الجنوبية “يهدف إلى إحلال السلام في المنطقة”.

وبالنسبة الناشطة الجمعوية، فإن جماعة “البوليساريو” الانفصالية تسعى إلى إبقاء المنطقة في حالة صراع دائم، من خلال مواصلة احتجاز السكان الصحراويين في مخيمات تندوف، وهو وضع يستفيد منه “القادة الفاسدون” لهذه الجماعة المسلحة التي يغتني أعضاؤها من خلال تحويل المساعدات الإنسانية الدولية على حساب هؤلاء السكان المحتجزين.

وأكدت هوف إنها تتحدث عن علم بالشيء على اعتبار أنها عملت شخصيا لمدة سبع سنوات في نقل العديد من حاويات المساعدات الإنسانية إلى مخيمات تندوف، فوق التراب الجزائري، التي لم يصل جزء كبير منها أبدا إلى السكان الصحراويين المحتجزين رغم أنها موجهة لهم.

وقالت هوف إن “جزءا كبيرا من المساعدات التي كنت أرسلها، من قبيل الكراسي المتحركة، والمعدات الطبية والمواد الغذائية، لم تصل أبدا إلى مخيمات تندوف، فما بالك بالأشخاص الذين يعيشون بها”، مشيرة في هذا الصدد إلى التقرير الصادر عن المكتب الأوروبي لمكافحة الغش سنة 2015، والذي يكشف “دور “البوليساريو” وجنرالات الجزائر في اختلاس حاويات المساعدات الإنسانية” وبيعها في السوق السوداء.

وأضافت “لقد جعلتني تجربتي في تدبير هذه المساعدات على قناعة بأن “البوليساريو” لا تقوم سوى بالقليل لمساعدة الصحراويين في المخيمات” بتندوف، مؤكدة أن “الأمل الأفضل” لساكنة هذه المنطقة هو العيش في إطار السيادة المغربية.

وأكدت الجمعوية الأمريكية في المقابل أن “المغرب استثمر مليارات الدولارات في الصحراء، وحول هذه المنطقة الصحراوية، والتي كان يغلب عليها طابع الرحل في الماضي، إلى مدن مزدهرة اليوم”.

وتابعت بالقول “لقد تحدثت مع صحراويين يعيشون في الصحراء وأخبروني عن الحرية والازدهار اللذان يتمتعون بهما في هذه المنطقة. وهو عكس ما يقع في المخيمات التي تديرها البوليساريو تماما”.

وسجلت أنه بالإضافة إلى اختلاس المساعدات الإنسانية المخصصة للسكان الصحراويين، خرقت “البوليساريو” أيضا وقف إطلاق النار الساري لفترة طويلة في المنطقة، وعرضت المدنيين الصحراويين للخطر من أجل احتلال المنطقة العازلة للكركرات.

وخلصت نانسي هوف إلى التأكيد على أن “هذا الوضع غير مقبول، وينضاف إلى عدد متنام من الأدلة على السلوكات المشينة للبوليساريو”.

المصدر: الدار– وم ع",,381,0,1,undecided,Government & Official Statements
source_100,credible,شاهد: مواجهات بين الفلسطينيين وشرطة الاحتلال بمناطق الـ48,"



















رام الله - دنيا الوطنشهدت، الليلة، مواجهات بين متظاهرين من أبناء شعبنا في أراضي الـ48 والشرطة الإسرائيلية في عدة بلدات ومدن، استخدمت خلالها الرصاص الحي، كما اعتقلت عدد كبير من الشبان.يأتي ذلك فيما تصاعدت اعتداءات المستوطنين على أبناء شعبنا، بالتزامن من حملة تحريض متصاعدة في وسائل الإعلام الإسرائيلية ضد الوجود العربي في أراضي الـ48، بحسب الوكالة الفلسطينية الرسمية.في الناصرة، قمعت الشرطة الإسرائيلية مظاهرة احتجاجية في المدينة، واعتقلت عددا من الشبان.وشهدت بلدة كابول، مواجهات عنيفة، فيما اعتقلت وحدة ""المستعربين"" ثلاثة شبان على الأقل، بحسب ما ذكرت مصادر لـ""عرب 48"".وفي الطيبة، أغلق متظاهرون الشارع الرئيسي في المدينة.وشهدت بلدة جسر الزرقاء، مواجهات عنيفة، ونشرت الشرطة الإسرائيلية عناصرها بشكل مكثف كبيرة في كل الأحياء، وأغلقت شارع الشاطئ أمام حركة المرور.وتجددت المواجهات في عرعرة وطمرة وسط قمع الشرطة الإسرائيلية للمتظاهرين.وفي اللد، ناشد الأهالي، أبناء شعبنا في أراضي الـ48 بالتوجه إلى المدينة لحماية الوجود العربي فيها، فيما يتعرض أهالي اللد لهجمات مسلحة شرسة من قبل العنصريين المتطرفين اليهود بحماية ومشاركة قوات الشرطة الإسرائيلية.وأكدت مصادر لـ""عرب 48"" أن ""الوضع في اللد خطير جدا، حيث مئات المستوطنين المسلحين يتجمعون في الأحياء العربية من المدينة، بما في ذلك حي شنير، والمسجد الكبير ومسجد دهمش، وشارع شابيرا، ويتهجمون على البيوت العربية، ويحاصرون المسجد بحماية الشرطة الإسرائيلية.وأكد شهود عيان أن ""الشرطة أطلقت يد المستوطنين للاعتداء والانتقام من المواطنين العرب في اللد""، مشددين على أن ""الاعتداءات المزدوجة للمستوطنين وقوات الأمن المنتشرة في المدينة متواصلة منذ مساء الاثنين""، وتصاعدت في أعقاب استشهاد الشاب موسى حسونة برصاص مجموعة من المستوطنين.وقالوا إن المستوطنين هجموا على المصلين في المسجد العمري الكبير في اللد أثناء صلاة المغرب، وأطلقوا الرصاص الحي وقنابل الصوت والغاز باتجاه المصلين، الأمر الذي دفع المصلين للخروج من المسجد والتصدي للهجمات العنصري.كما اعتدى المستوطنون على منازل العرب المزينة بزينة العيد ورمضان في مدينة عكا، وشنوا هجمات عنيفة على حارة فولفسون وحاولوا تحطيم واجهات المحال التجارية للمواطنين العرب؛ وتصدى أهالي عكا لهجمات المستوطنين الأمر الذي أدى إلى إصابة أحد الشبان بجراح خطيرة.",,307,0,1,undecided,Source-Specific Artifacts / Boilerplate
source_134,credible,وزارة الصحة تؤكد بوادر موجة وبائية ثالثة,"أكد مدير عام الصحة الأساسية فيصل بن صالح، أن ''بوادر موجة وبائية ثالثة موجودة حاليا في تونس في ظل تزايد الطلب على أسرّة الإنعاش والأكسيجين خاصة في بعض المناطق ولكنها ليست مؤكدة'' موضّحا أن الرؤية ستكون واضحة بعد 15 يوما من الآن ومشددا على ضرورة مواصلة التوقي والالتزام بالبروتوكول الصحي.

ودعا بن صالح المواطنين إلى الإقبال بكثافة على التسجيل في منظومة ""افاكس"" مقرّا بوجود بعض الإخلالات والنقائص، مؤكدا سعي وزارة الصحة إلى أخذ كل الملاحظات بعين الاعتبار بهدف تلافي النقائص المتعلقة بعملية التلقيح وبقاعدة البيانات الموضوعة في الغرض.",,88,0,2,not credible,Government & Official Statements
source_86,credible,القبض على 4 أشخاص حاولوا غسل 45 مليون جنيه حصيلة تجارة مخدرات بسوهاج,"أنا معجب بالشروق بالفعل، لا تظهر هذه الرسالة مرة أخرى

تمكنت الإدارة العامة لمكافحة المخدرات بقطاع مكافحة المخدرات والجريمة المنظمة، من اتخاذ الإجراءات القانونية حيال 4 أشخاص، لهم معلومات جنائية، مقيمين بمحافظة سوهاج، لإتجارهم في المواد المخدرة وترويجها على عملائهم، وتربحهم وجمعهم لمبالغ مالية كبيرة.

وحاول المتهمون غسل تلك الأموال المتحصلة من تجارتهم غير المشروعة عن طريق إجراء عمليات سحب وإيداع لتلك المبالغ بمختلف البنوك وإنشائهم الأنشطة التجارية وشراء العقارات والأراضي الزراعية بقصد إخفاء مصدر تلك الأموال وإصباغها بالصبغة الشرعية، وإظهارها وكأنها ناتجة من كيانات مشروعة، حيث قدرت تلك الممتلكات بحوالي 45 مليون جنيه.

يأتي ذلك استمرارا لجهود أجهزة وزارة الداخلية الرامية لمكافحة جرائم غسل الأموال وحصر ورصد ممتلكات وتتبع ثروات ذوي الأنشطة الإجرامية واتخاذ الإجراءات القانونية حيالهم، وفقا لأحكام قانون مكافحة جرائم غسل الأموال.",,125,0,1,undecided,Government & Official Statements
source_82,undecided,بن ناصر متحمس لإنهاء الموسم بأفضل طريقة ممكنة — النهار أونلاين,"أبدى النجم الجزائري “اسماعيل بن ناصر“، عن استعداده التام لإنهاء الموسم مع “ميلان” بأفضل طريقة ممكنة.

ونشر “بن ناصر” عبر حسابه في “الانستغرام”: “أنهينا تصفيات الكان بأفضل طريقة والآن الدور على ميلان”.

هذا وكانت عودة النجم الجزائري لتشكيلة “الروسونيري” قد اراحت الطاقم الفني والجماهير التي تعول كثيرا على “العقل المدبر”.",,50,1,0,credible,Source-Specific Artifacts / Boilerplate
source_94,credible,وزارة الداخلية تسقط “مولاي” و”لالة” من الحالة المدنية,"قررت وزارة الداخلية اعتماد معرف رقمي يتوافق مع جميع المواليد المغاربة الجدد، وفق ما جاء في مشروع القانون رقم 36.21 المتعلق بالحالة المدنية.

ومن بين أهم ما جاء به مشروع هذا القانون، هو اعتماد المعرف الرقمي المدني والإجتماعي للسجلات، حيث يلزم المشروع الشخص عند التسجيل بالحالة المدنية لأول مرة أن يختار لنفسه اسما عائليا، ويجب ألا يكون الاسم العائلي الذي تم اختياره مخالفا للإسم العائلي لأبيه أو ماسا بالأخلاق أو النظام العام أو اسما شخصيا أو مثيرا للسخرية، أو اسم مدينة أو قرية أو قبيلة أو إسما مركبا إلا إذا كان أحد أفراد عائلة المعني بالأمر من جهة الأب مسجلا باسم مرکب في الحالة المدنية، طبقا لما أوردته جريدة المساء.

ونص المشروع أيضا، على أنه إذا كان الاسم العائلي المختار اسما شریفا، وجب إثباته بشهادة يسلمها نقیب الشرفاء المختص، وفي حالة عدم وجوده يثبت بشهادة عدلية لفيفية.

وشدد المشروع أيضا على ضرورة أن يثبت الإسم الشخصي المصرح به قبل الإسم العائلي حين التسجيل في الحالة المدنية وألا يكون مشفوعا بأي كنية أو صفة مثل “مولاي” أو “سيدي” أو “لالة” أو متبوعا برقم أو عدد.

ويهدف هذا المشروع الذي تم عرض مضامينه بلجنة الداخلية والجماعات الترابية والسكنى وسياسة المدينة بمجلس النواب والإرتقاء بقطاع الحالة المدنية، كما يتوخى كذلك، تحقيق عدة اهداف إستراتيجية وعلمية منها إنشاء قاعدة معطيات وطنية للحالة المدنية شاملة تتسم بالمصداقية والموثوقية ووضعها رهن إشارة الإدارات والمؤسسات الإدارية والإجتماعية لتقوية قدراتها وتحسين جودة الخدمات المقدمة من طرفها للمرتفقين وكذا إحداث سجل وطني للحالة المدنية لاعتماده كأداة أساسية في التخطيط وبرمجة السياسات العمومية.",,243,0,1,undecided,Government & Official Statements
source_131,credible,"""حياة كريمة"" بالمنوفية: نعطي أولوية لمقترحات الأهالي وهدفنا ""قرية نموذجية""","مؤسسة حياة كريمة بالمنوفية

عقد اليوم السبت، فريق عمل مؤسسة ""حياة كريمة"" بمحافظة المنوفية، لقاء ميداني بالوحدة المحلية بطهواي بمركز أشمون، للوقوف على متطلبات قرى الوحدة المحلية واحتياجاتها على أرض الواقع، ضمن أعمال المبادرة للوصول لآراء المواطنين.

وأكد فريق المبادرة، خلال اللقاء، بدء العمل بقرى مركزي أشمون والشهداء لتنفيذ خطة تطوير 81 قرية بمحافظة المنوفية وتوابعهم، ضمن المبادرة الرئاسية حياة كريمة، علاوة على عقدهم لقاءات متواصلة مع أهالي القرى والتوابع لمناقشة ورفع المتطلبات والاحتياجات، مشددين على أن مقترحات الأهالي من أجل التطوير الكامل لتلك القرى، يتم وضعها في عين الاعتبار ولذلك يتواجد فريق عمل مؤسسة حياة كريمة بكل القرى والتوابع ضمن المبادرة الرئاسية بالمنوفية.

وأوضح الفريق أثناء لقائهم بقرى الوحدة المحلية بطهواي التي تضم قرية طهواي ودلهمو وكفر الطراينة والعزب التابعة لها، أن اللقاء يسعى إلى دمج المقترحات والطلبات حتى يتثنى تحديث الخطة التنفيذية على مستوى محافظة المنوفية، ومن ثم الوصول إلى أفضل خطة يتم تنفذها للنهوض وتطوير قرى المبادرة في المركزين.

وناقش الفريق خلال اللقاء عددا من المحاور المختلفة وتم عرض المحاور المختلفة التى تشمل النهوض الكامل بالقرى والانتهاء من مشروعات البنية الأساسية والتطوير بكل القطاعات، مؤكدين العمل في جميع المحاور التى تحقق التطوير الكامل من بنية تحتية وغيرها من مشروعات تحقق الرضا الكامل للمواطنين، وتنفيذ قرى نموذجية.",,199,0,1,undecided,Government & Official Statements
source_86,credible,الشكاوى الحكومية تتعاون مع الوزارات والجهات المعنية لحل حزمة من مشكلات المواطنين,"نجحت منظومة الشكاوى الحكومية الموحدة برئاسة مجلس الوزراء، فى التعامل مع ما تم رصده من شكاوى واستغاثات للمواطنين خلال الأيام القليلة الماضية، وذلك بالتعاون والتنسيق مع الجهات الحكومية المعنية لإزالة أسباب تلك الاستغاثات والشكاوى.

وأكد الدكتور طارق الرفاعي، مدير منظومة الشكاوى الحكومية الموحدة، أن من بين ما تم رصده والتعامل معه، شكوى رصدها فريق عمل المنظومة تمثلت في منشور متداول بموقع التواصل الاجتماعي الفيسبوك، يشير إلي وجود غطاء غرفة تفتيش مرتفع عن مستوى سطح الأسفلت بالقرب من محطة مترو أنفاق النزهة بشارع جسر السويس بمحافظة القاهرة، بما تسبب في إحداث اضرار ببعض السيارات المارة وإتلاف إطاراتها إضافة إلى بعض الأضرار الأخرى التي تهدد سلامة المارة.

وأوضح الرفاعي أنه بتوجيه الشكوى إلى وزارة الاتصالات وتكنولوجيا المعلومات، تبين من الفحص أنها عبارة عن إطار لغرفة تفتيش تخص ""الاتصالات""، حيث قام المختصون بخفض منسوب غطاء الغرفة وإصلاحه ليتطابق مع مستوى طبقة الأسفلت بالشارع، وتواصلت الجهة مع المواطن صاحب المنشور وتقديم الاعتذار له عقب إزالة أسباب الشكوى، وقد أشاد المواطن باهتمام الحكومة بالمنشور وحل شكواه.

وأضاف مدير المنظومة أنها تلقت مقطعا مصورا متداول عبر موقع التواصل الاجتماعي ""فيسبوك""، يتضمن وجود رفات وهياكل عظمية لبعض الجثث البشرية، ملقاة أسفل الطريق الدائري وشبرا بنها الحر بمنطقتي ميت حلفا قليوب والقطاوي بحي شرق شبرا الخيمة بمحافظة القليوبية.

وذكر أن المنظومة قامت بالتنسيق مع محافظة القليوبية، حيث أصدر محافظ القليوبية تعليمات للأجهزة التنفيذية بمجلس مدينه قليوب وحي شرق شبرا الخيمة، بالتوجه إلى موقع الشكوى محل التداول للوقوف على أسبابها، وذلك بالتنسيق مع الأجهزة الأمنية والنيابة العامة، وقد أصدر السيد وكيل النيابة أوامره بالتحفظ على الرفات ونقلها إلى مقابرها الأصلية بحي غرب شبرا الخيمة، كما ألقت الأجهزة الأمنية القبض على مرتكب تلك الجريمة وتمت إحالته للتحقيق لاتخاذ حياله كافة الإجراءات القانونية اللازمة.

وأشار الرفاعي إلى أن المنظومة تلقت شكاوى من بعض أهالي منطقة أبو قير بمحافظة الإسكندرية، يتضررون من وجود اشغالات بالطريق المجاور والمؤدي لـ ""حلقة السمك"" بالمنطقة بجانب تراكم وتجمع كميات كبيرة من القمامة، مطالبين بإزالة تلك الاشغالات المتسببة في إعاقة المارة ورفع القمامة بالكامل.

وأوضح أنه بالتنسيق مع محافظة الإسكندرية، قامت الأجهزة المعنية تحت إشراف نائب محافظ الإسكندرية بشن حملة على المنطقة محل الشكوى بالتنسيق بين شركة نهضة مصر وبين حي المنتزه ثان والإدارة المركزية للنظافة والتجميل استغرقت مدة عملها قرابة يومين كاملين، حيث تم إزالة العشش الخشبية بالحلقة، ورفع كافة المخلفات وتراكمات القمامة وإتمام أعمال التطهير بالمنطقة بحمولة 45 نقلة بإجمالي أوزان 315 طن مخلفات متنوعة، باستخدام إحدى عشرة معدة تجميع وتفريغ قمامة، وست سيارات قلاب، وثلاثة لوادر وعدد 25 عاملا في الوردية الواحدة، كما تم البدء في أعمال التشجير للمنطقة.

وأشار الرفاعي إلى أن المنظومة استقبلت شكاوى من بعض المواطنين المقيمين بحي العرب بمحافظة بورسعيد، يتضررون فيها من عودة بعض الباعة الجائلين إلي سوق ""ستوتة"" العشوائي، بالرغم من إنشاء المحافظة لسوق ""العصر"" المطور ونقل الباعة إليه، مما تسبب في انتشار بعض المظاهر العشوائية بالمنطقة، مضيفاً أنه بالتوجيه إلى محافظة بورسعيد، أفاد حي العرب، بتشكيل حملة مكبرة مشكلة من مسؤولي حي العرب بالاستعانة بقوات شرطية من وزارة الداخلية، حيث تم فض وإزالة السوق العشوائي محل الشكوى، وإعادة فتح الطريق مرة أخرى أمام المارة، مع استمرار المتابعة لضمان عدم تكرار الشكوى.

وأكد الرفاعي، أن الشكاوى التي تم رصدها من جانب فريق عمل المنظومة تضمنت كذلك شكوى من أحد المواطنين من وجود كابل كهرباء بطول 30 متراً ممتداً على سطح الارض بالقرب من محل سكنه بطريق المنصورية بمنطقة كرداسة بمحافظة الجيزة، بما يشكل خطرًا على سلامه أهالي المنطقة، لافتاً إلى أنه بالتوجيه إلى وزارة الكهرباء والطاقة المتجددة، أفادت شركة جنوب القاهرة لتوزيع الكهرباء أنه تم دفن الكابل الكهربائي محل الشكوى وإزالة أسباب الشكوى، وأضاف الرفاعي أن أحد المواطنين سجل أيضاً شكواه بشأن وجود كابل كهرباء رئيسي، متروكاً أعلى منسوب الأرض، بإحدى المناطق بالتجمع الأول بمدينة القاهرة الجديدة بمحافظة القاهرة، مما قد يؤدي إلى وقوع بعض حوادث الصعق، وناشد الجهات المعنية بسرعة اتخاذ اللازم ودفن الكابل، حفاظاً على حياة المواطنين، وبالتوجيه إلى وزارة الكهرباء والطاقة المتجددة، أفادت شركة شمال القاهرة لتوزيع الكهرباء، بتنفيذ أعمال تغطية كابل الكهرباء محل الشكوى، وإزالة أسبابها.

وأشار الرفاعي إلى أن المنظومة تلقت شكوى من أحد المواطنين، المقيمين بقرية زاوية الناعورة التابعة لمركز الشهداء بمحافظة المنوفية، يتضرر فيها من سوء الحالة المعيشية والصحية لأبنائه، مطالبًا الجهات الحكومية بمد يد العون لأسرته، مضيفأً أنه بتوجيه الشكوى إلى وزارة التضامن الاجتماعي ومديرية التضامن الاجتماعي بمحافظة المنوفية، تبين أن الأسرة محل الشكوى تصرف معاش تكافل بقيمة ٤٨٠ جنيها شهريًا، بالإضافة إلى راتب شهري يتقاضاه رب الأسرة من عمله بقيمة ١٨٠٠جنيه، كما تم إحالة أحد الأبناء للكشف الطبي المميكن حتى يتسنى فتح ملف كرامة له، وقد تم إجراء بحث اجتماعي للأسرة وتقديمه لمؤسسه التكافل، وعليه تقرر صرف مساعده مالية قدرها ٣٠٠جنيه شهريًا لمده ٦شهور تصرف فور اعتماد المستندات المطلوبة، بجانب التنسيق مع الجمعيات الأهلية لتقديم المساعدات الممكنة، فضلًا عن إدراج الأسرة ضمن المستفيدين ببرنامج حياة كريمة.

وأضاف مدير المنظومة أنها رصدت تعليقا متداولا بإحدى الصفحات بموقع التواصل الاجتماعي فيسبوك لأحد المواطنين، يشكو أنه طالب بجامعة بنها ولم يتم إعفاؤه من المصروفات الدراسية على الرغم من كونه ابنًا لأحد مصابي العمليات الحربية، مطالبًا بإصدار قرار إعفائه من المصروفات وتسليمه الكتب الدراسية لاستئناف دراسته، وبالتنسيق مع جامعة بنها، وردت الإفادة بإعفاء الطالب محل الشكوى من المصروفات الدراسية بالجامعة، بموجب قرار المجلس الأعلى للجامعات رقم 649 لسنة ۲۰۱۹ والذي ينص على منح كافة الطلاب أبناء الشهداء ""الكارت الذهبي""، وعليه فيحق له التوجه لاسترداد المصروفات بشكل قانوني إن كان قد سددها.

وأضاف أن المنظومة تلقت أيضاً شكوى من أحد المواطنين بشأن قيام أحد بدالي التموين التابعين لمشروع ""جمعيتي"" بمركز المنصورة بمحافظة الدقهلية، بفرض السلع التموينية على المواطنين واجبارهم على سلع معينة ضمن حصصهم التموينية، وبالتنسيق مع مسؤولي وزارة التموين والتجارة الداخلية، افادت إدارة تموين مركز المنصورة بمديرية التموين بالدقهلية انه تم تحرير محضر جنح امن دولة رقم 8013 لسنة 2021م للتجاوز في قواعد الصرف.

وأوضح أن أحد المواطنين سجل كذلك شكواه على المنظومة بشأن ضم أحد الأشقاء لبطاقة الوالد التموينية بعد وفاته كصاحب البطاقة عوضًا عنه، دون أن يتم تحويل مستحقاته التموينية من بطاقة الجد –حيث كان مُسجلا بها مسبقًا- على البطاقة التي تم ضمه بها والمسجل عليها شقيقته ""القاصر""، مطالبًا بنقل وصرف مستحقاته التموينية ""خبز- سلع""، وتم التنسيق مع وزارة الإنتاج الحربي، حيث تم تعديل بيانات البطاقة محل الشكوى على أن يتم صرف المستحقات التموينية كاملة بداية من يونيو 2021.

وفي نفس السياق فقد أشار إلى أن مواطنا آخر بمركز أشمون بمحافظة المنوفية سجل شكواه بشأن عدم تفعيل بطاقته التموينية علما بأن البطاقة حديثة الصدور، وبالتوجيه لوزارة التموين والتجارة الداخلية، أفادت مديرية التموين بالمنوفية انه تم تفعيل البطاقة على أن يتمكن المواطن من صرف مستحقاته التموينية ""خبز – سلع"" بدايًة من الرابع من يونيو 2021.

وأكد مدير المنظومة أن أحد المواطنين سجل شكواه بالمنظومة بشأن تراكم مخلفات وقمامة أمام مساكن عزبة هلال بمركز ديروط بمحافظة أسيوط، بما يتسبب في انتشار الحشرات والروائح الكريهة، وتم توجيه الشكوى إلى محافظة أسيوط، وأفاد مركز ومدينة ديروط بأنه تم دفع العمالة اللازمة للتعامل مع تراكمات القمامة والمخلفات الحيوانية المتواجدة بموقع الشكوى بحمولة تُقدر بحوالي 6 أطنان، وتم رفعها بالكامل، وإزالة أسباب الشكوى.

وأشار الرفاعي إلى أن المنظومة تلقت شكوى من أحد المواطنين تفيد بوجود آثار لروث ومخلفات حيوانية بمدرسة الزراعة بمدينة بيلا، محافظه كفر الشيخ، علمًا بأن المدرسة كائنة وسط الكتلة السكنية ما يؤدي إلى انتشار الحشرات والروائح الكريهة، وتم التنسيق مع محافظة كفر الشيخ، حيث أفادت رئاسة مركز ومدينة بيلا بأنه تم معاينة المكان محل الشكوى بمعرفة قسم شئون البيئية بالوحدة، وتم التنظيف ورفع كافة آثار المخلفات، مع التنبيه على ضرورة نظافة المكان بصفة يومية لتفادي تكرار الشكوى.

وفي نفس السياق ورد إلى المنظومة شكاوى من بعض أهالي قرية المتانيا التابعة لمركز العياط بمحافظة الجيزة عبر تطبيق الواتساب، بشأن تراكم القمامة والمخلفات، بترعة ""ساوارس""، مطالبين بتطهير الترعة ورفع المخلفات حفاظًا على السلامة العامة لهم، وتم التنسيق مع وزارة الموارد المائية والري، حيث تم تكليف الإدارة المختصة بإصدار أمر تطهير ونقل المخلفات إلى المقالب العمومية وحسم الشكوى وإزالة أسبابها.

وأكد أن المنظومة تلقت شكاوى من بعض أهالي أحد المناطق بمركز دسوق بمحافظة كفر الشيخ، يتضررون من وجود تراكمات قمامة ومخلفات بالمنطقة داخل الحيز السكني، حيث يتم إشعال النيران بها وتنتج أدخنة كثيفة تنبعث منها روائح كريهة، وتم التوجيه إلى محافظة كفر الشيخ، حيث أفادت الوحدة المحلية لمركز ومدينة دسوق أنه تم رفع وإزالة تراكمات القمامة والمخلفات بالكامل وإزالة أسباب الشكوى، على أن تتم تلك الجهود بصفة دورية بالمنطقة المذكورة.

وأضاف مدير المنظومة أنه وردت عدة شكاوى من بعض المواطنين المقيمين بقرية ميت عافية بمركز شبين الكوم بمحافظة المنوفية، يتضررون فيها من وجود تراكمات قمامة ومخلفات أعلى كوبري البحر، الرابط بين قريتي حصة مليج وميت عافية، كما أوضح الشاكون أنه يتم اشعال الحريق يومياً بتلك التراكمات، بما يلحق الضرر بصحة المواطنين المقيمين بالقرية، وبالتوجيه إلى محافظة المنوفية، أفاد مركز شبين الكوم، أنه تم التنسيق مع الوحدة المحلية لقرية ميت عافية، حيث تم إزالة تراكمات القمامة والمخلفات الواقعة أعلى الكوبري محل الشكوى، على أن تستمر أعمال رفع القمامة بتلك النقطة بصفة يومية، وتم إزالة أسباب الشكوى.",,1408,0,1,undecided,Government & Official Statements
source_134,credible,بين وزارة العدل وسفارة أمريكا بتونس.. مشروع تعاون لتطوير عمل المحاكم,"اختتمت اليوم الجمعة 26 فيفري 2021 بأحد النزل بالعاصمة أعمال مشروع ""تحسين إدارة المحاكم "" والذي امتد منذ 2016 إلى غاية 2021 .



وقد أشرفت على تنفيذ هذا المشروع وزارة العدل التونسية بالتعاون مع سفارة الولايات المتحدة الأمريكية بتونس وقد شمل 8 محاكم نموذجية بولايات أريانة وبنزرت والكاف وسوسة وتوزر وتونس في تجربة جديدة لإصلاحات وطرق عمل مختلفة، كما استفادت 145 محكمة من عشرات الدورات التكوينية للتعريف بالاجراءات الجديدة لادارة المحاكم ولتحسين العلاقة مع المتقاضين.



وفي تصريح إعلامي، أكدت وزيرة العدل بالنيابة حسناء سليمان أن المشروع انطلق من تشخيص لواقع المحاكم حيث تبين وجود عديد الاخلالات الواجب رفعها حسب تقديرها موضحة أن المشروع يتمحور حول 3 أهداف كبرى وهي تحسين جودة المرفق القضائي وضمان حق نفاذ المتقاضين إلى العدالة والمحاكم وتطوير آليات الاتصال والتواصل عبر رقمنة تقارير المحاكم والأرشيف والنجاح في عقد محاكمات عن بعد زمن تفشي فيروس كورونا.



من جانبه قال سفير الولايات المتحدة الأمريكية بتونس دونالد بلوم إن كلفة المشروع بلغت 2.5 مليون دولار بالاضافة إلى توفير السفارة لتجهيزات مكتبية الكترونية مكنت من ربط المحاكم التونسية المعنية بالمشروع وهي كل من المحكمة الابتدائية بأريانة وبنزرت والكاف وسوسة 2 وتوزر ومحكمة الاستئناف بالكاف وقفصة ومحكمة الناحية بتونس العاصمة بالسجون لتنظيم محاكمات عن بعد.



وأشار السفير إلى أن الولايات المتحدة الأمريكية قدمت لتونس منذ 2012 منح بقيمة 22 مليون دولار لدعم جهود وزارة العدل في الارتقاء بخدمات المنظومة القضائية.



وفي السياق ذاته، تحدث القاضية رجاء بوسمّة المكلفة بالتعاون الدولي لدى وزارة العدل حول التعاون بين الوزارة والمكتب الدولي لمكافحة المخدرات وشؤون إنفاذ القانون بوزارة الخارجية الأمريكية وبرنامج تحسين إدارة المحاكم بتونس عن أهم نتائج هذا المشروع والتي تتمثل أساسا بحسب تصريحها في التحضير للنقلة النوعية لوزارة العدل التونسية عن طريق إرساء منظومة معلوماتية جزائية لدى كافة المحاكم وتجديد طرق العمل داخلها بالاضافة إلى رقمنة الأرشيف والاحصائات ومحاضر الجلسات.

*هيبة خميري",,290,0,2,not credible,Government & Official Statements
source_55,credible,المملكة تؤكد حرصها على اتخاذ العديد من التدابير التشريعية والإجرائية التي تكفل حماية حقوق المرأة,"صحيفة وصف :أكدت الأمينة العامة لمجلس شؤون الأسرة الدكتورة هلا بنت مزيد التويجري، حرص المملكة على اتخاذ العديد من التدابير التشريعية والإجرائية، التي تكفل حماية حقوق المرأة والقضاء على التمييز ضدها، ودعم مشاركتها الكاملة والفعّالة في التنمية على جميع المستويات في إطار رؤية المملكة 2030.

جاء ذلك في كلمة المملكة خلال الدورة الخامسة والستين للجنة الأمم المتحدة المعنية بوضع المرأة (CSW) التي عقدت بالتزامن مع يوم المرأة العالمي التي قدمتها الدكتورة التويجري.

وأبانت التويجري أن الدورة الخامسة والستين للجنة الأمم المتحدة المعنية بوَضع المرأة جاءت لتؤكد دور المرأة الفاعل، وضمان حقوقها ودَعمها وتمكينها، وأهمية حمايتها من العُنف ومما يهدِّدها ويعيق تقدُّمها.

وأشارت إلى أن رؤية المملكة 2030، جاءت لترسم خطة وطنية شاملة للتنمية متضمنة بذلك برامج تنموية، ومن أهَمّ هذه البرامج: برنامج التحول الوطني الذي وضع ضمن مستهدفاته رفع نسبة مشاركة المرأة في سوق العمل إلى 25 % في عام 2020م وقد جرى تجاوز هذا المستهدف بنسبة 31 % بنهاية عام 2020.

وأفادت بأن المرأة السعودية تبوأت العديد من المناصب القياديّة، حيث دَعَمت المملكة حَقّ المرأة في الانتخاب والترشح فِي المجالس البلدية، إضَافَةً إلى مشاركتها فِي انتخابات مجالس إدارات الغُرَف التجارية والجمعيات العمومية، وريادتها للأعمال، كما تشغل النساء نسبة 20 % من مقاعد العضوية في مجلس الشورى وما نسبتهُ 50 % من عضوية مجلس هيئة حقوق الإنسان.

وقالت الدكتورة هلا التويجري إن المملكة كرست جهودها للتصدي لظاهرة العنف عبر سَنّ القوانين والتشريعات والأنظمة، لضمان التوعية الشاملة والوقاية والعلاج، ومن ضمن الأنظمة “نظام الحماية من الإيذاء”، و”نظام مكافحة جريمة التحرش”، و”نظام مكافحة جرائم الاتجار بالأشخاص”، وكذلك “نظام مكافحة الجرائم المعلوماتية”.

وأضافت أنه أُطلِق مركز لبلاغات العنف الأسري الذي يعمل على التدخل السريع في حالات الإيذاء والتنسيق الفوري مع الجهات ذات العلاقة.

ولفتت النظر إلى أن عام 2020 م شهد العديد من الإصلاحات، لعل آخرها إصلاحات للمنظومة العدلية والتشريعية تضمن لجميع أفراد المجتمع وخصوصًا المرأة العدالة والوضوح في الأحكام القضائية وأحكام الأحوال الشخصية، كما جرى إطلاق برامج لتمكين المجتمع المدني وحملات لرفع الوعي المجتمعي بأهمية الحد من العنف ضد المرأة.

وأفادت بأن المملكة قادت على الصعيد الدولي ملف تمكين المرأة خلال رئاستها مجموعة العشرين لعام 2020م بما يضمن إدراج تمكين المرأة في الأولويات والمخرجات، وقد كانت النتيجة أنه قد ذُكر تمكين المرأة والفتاة في البيان الختامي في 3 فقرات أساسية.

وأوضحت أن دول مجموعة العشرين برئاسة المملكة ناقشت آثار جائحة كورونا على الاقتصاد العالمي، والعمل على ضمان أن أي ضرر أو انخفاض حدث أخيرًا بسبب الجائحة يجب ألا يكون منهجيًا وألا يؤثر سلبًا على المكتسبات التي حصلت عليها المرأة في السنوات الماضية، حيث بلغت المساعدات السعودية المقدمة مليارًا و 281 مليون دولار أمريكي أي ما نسبتهُ 5.5 % من إجمالي المساعدات الإنسانية الدولية.

وأضافت أنه على الصعيد الوطني لمواجهة كورونا فقد بذلت المملكة جهودًا وتدابير احترازية للتخفيف من آثار الجائحة، ومن أبرزها جهود وزارة الصحة من خلال تقديم رعاية صحية مجانية لجميع المواطنين والمقيمين، وشملت مخالفي نظام الإقامة، كما وفرت المملكة اللقاح المجاني لجميع مواطني ومقيمي المملكة.

وأبانت أنه في إطار التخفيف من آثار الجائحة الاقتصادية خصوصًا في القطاعات التي تضررت وتشكل أكثر القطاعات جذبًا للنساء، وجّه خادم الحرمين الشريفين الملك سلمان بن عبدالعزيز آل سعود – حفظه الله – بداية الأزمة بدعم القطاع الخاص بقيمة 36 مليار ريال، وصُرِفَ تعويض شهري للعاملين في القطاع الخاص.

وجددت الدكتورة التويجري، التشديد على أن المملكة تسعى بدأب لرصد جميع المعوقات التي مازالت تواجه المرأة في العمل أو الأسرة أو بتحقيق التوازن بينهم؛ من أجل العمل على مواجهتها وتذليلها، مشيرةً إلى أن المرأة لا تشكل فقط نصف المجتمع، بل هي نصف الثروة البشرية، ولذلك كان لابد من العمل لتصبِح المرأة عنصرًا فاعلاً في ازدهار الوطن.",,570,0,1,undecided,Government & Official Statements
source_89,undecided,الأردن يبحث مع الصين تزويده بلقاح كورونا بأسرع وقت ممكن,"عمّان –الغد- أجرى نائب رئيس الوزراء وزير الخارجية وشؤون المغتربين أيمن الصفدي ومستشار الدولة وزير خارجية جمهورية الصين الشعبية وانغ يي اليوم محادثات عبر الهاتف ركزت على سبل تعزيز العلاقات الثنائية والتضامن في مواجهة جائحة كورونا وتبعاتها، إضافة إلى المستجدات في المنطقة وسبل حل الازمات الإقليمية.

وبحث الصفدي مع نظيره الصيني تزويد بلاده المملكة باللقاح ضد فيروس كورونا واستعرضا خطوات إتمام ذلك بأسرع وقت ممكن.

وأكد الوزيران متانة العلاقات الثنائية وحرص البلدين الصديقين استمرار العمل على زيادة التعاون بينهما في المجالات الاقتصادية والاستثمارية والسياحية والتجارية وغيرها من المجالات.

وتبادل الوزيران التهاني بالذكرى المئوية لتأسيس الدولة والذكرى المئوية لتأسيس الحزب الشيوعي الحاكم.

وثمن الصفدي مواقف الصين الداعمة لتحقيق السلام العادل والشامل على أساس حل الدولتين وفق القانون الدولي وقرارات الشرعية الدولية وأكد حرص المملكة على التعاون مع الصين في مقاربة الأزمات الإقليمية وعلى أهمية الدور الصيني في هذا السياق.

ووضع الصفدي وانغ يي بالتطورات المرتبطة بالقضية الفلسطينية والجهود المستهدفة إيجاد أفق سياسي للعودة لمفاوضات جادة وفاعلة لتحقيق السلام العادل.

وأكد الصفدي أن لا بديل عن حل الدولتين الذي يجسد الدولة الفلسطينية المستقلة وعاصمتها القدس المحتلة على خطوط الرابع من حزيران ١٩٦٧ سبيلا لتحقيق السلام الشامل، وبين خطورة الإجراءات الاسرائيلية اللاشرعية التي تقوض فرص تحقيق السلام . كما شدد الصفدي على دعم الاردن مبدأ الصين الواحدة وهو ما ثمنه وزير الخارجية الصيني الذي أكد دعم بلاده جهود المملكة تحقيق التنمية الاقتصادية وثمن دورها الرئيس الذي يقوده جلالة الملك عبدالله الثاني في تحقيق الأمن والاستقرار في المنطقة.

وأتفق الوزيران على اللقاء في أقرب وقت ممكن لمتابعة بحث سبل تطوير التعاون وتعزيز علاقات الصداقة التي تربطهما والتنسيق إزاء التحديات الإقليمية.",,256,1,0,credible,Government & Official Statements
source_73,credible,مترو الساحل: إضافة رحلتين ذهابا وإيّابا بين سوسة والمهدية,"رفّعت وحدة أحواز مترو الساحل بالمنستير في عدد رحلات القطار بين سوسة والمهدية، إلى 19 رحلة في كل من سفرات الذهاب وسفرات الإياب من المهدية وذلك بإضافة رحلتين في كلّ اتجاه خلال أوقات الذروة في الصباح والمساء للحدّ من الاكتظاظ مقابل 17 رحلة سابقا.

وذكر رئيس وحدة أحواز مترو الساحل بالشركة الوطنية للسكك الحديدية بالمنستيرمهدي نعيجة، أنّ القطار لا يسجّل حاليا ازدحاما مع وجود تحسّن في سلوك المسافرين بوضع الكمامة خاصة وأنّ الشركة خصّصت خلال أوقات الذروة على متن كل قطار لتحسيس الركاب بوضع الكمامة علاوة على تخصيص في المحطات الكبرى لباب لدخول المسافرين وباب ثان للخروج، ووفّرت أيضا السائل الكحولي المعقم والقيام بتعقيم القطارات التي تنطلق صباحا من سوسة أو من المهدية وذلك بعد تنظيفها قائلا ""نحاول بأقصى الجهد تأمين صحة المسافرين"".

ويسجل مترو الساحل في الأيام العادية نقل 10 آلاف مسافر خلال 46 رحلة وتراجع العدد خلال الحجر سنة 2020 إلى 6 آلاف مسافر كأقصى حدّ وتقلص عدد الرحلات حاليا في رمضان إلى 38 رحلة حيث يقع يوميا نقل معدل 200 مسافر في كلّ رحلة أي مجموع 7600 مسافر وفق ذات المصدر، موضّحا أنّه ليس لدى الشركة القطارات الكافية لإضافة رحلات أخرى.

وأفاد رئيس وحدة أحواز مترو الساحل بالمنستير أنّ ظاهرة رشق قطارات مترو الساحل بالحجارة مازالت متواصلة على مستوى نقاط سوداء بالساحلين، وصيادة، والمكنين قريبع، وقصر هلال وهي تسجل خاصة خلال العطل، مؤكدا أنّها تراجعت كثيرا مقارنة بالسنوات الفارطة باعتبار أنّهم يقومون بعدّة حملات توعوية في الغرض.

المصدر (وات)

",,232,0,2,not credible,Government & Official Statements
source_38,undecided,زغوان: غلق منطقتي الزبيدين و الفراجنية لمدة 14 يوما بداية من اليوم للحد من انتشار كوفيد-19,"0 Shares

تم غلق منطقتي الزبيدين من معتمدية الناظور والفراجنية من معتمدية صواف لمدة 14 يوما بداية من اليوم الجمعة 2 أفريل 2021 للحد من انتشار فيروس كوفيد-19.

قررت اللجنة الجهوية لمجابهة فيروس كوفيد-19 خلال إجتماعها صباح اليوم الجمعة 02 أفريل 2021 تحت اشراف والي زغوان السيد صالح مطيراوي بغلق منطقتي الزبيدين من معتمدية الناظور والفراجنية من معتمدية صواف لمدة 14 يوما بداية من اليوم مع غلق المساجد والمؤسسيات التربوية والمقاهي والمطاعم خلال هذه الفترة وذلك إثر إكتشاف 04 بؤر لانتشار هذا الفيروس 2 بمعتمدية صواف و2 بمعتمدية الناظور.

إلى ذلك أكدت اللجنة على ضرورة رفع درجة التأهب القصوى للحد من انتشار هذا الفيروس خاصة مع بلوغ طاقة إستيعاب المستشفيات المحلية وقسم الإنعاش بالمستشفى الجهوي بزغوان حدها الأقصى إضافة إلى للتكفل بالفئات الإجتماعية الهشة وإعداد استراتيجية جهوية للحث على تطبيق البروتوكول الصحي علاوة على التحسيس بأهمية الإقبال على التلقيح.

رفعت الفرق الجهوية للصحة خلال هذا الأسبوع أكثر من 140 عينة توزعت بين منطقتي الزبيدين والشعاليل من معتمدية الناظور ومنطقة الفراجنية والسجن المدني بمعتمدية صواف وتم تسجيل 38 حالة إيجابية.

واكب أشغال هذه الجلسة السادة المعتمد الأول والكاتب العام ومعتمدا الناظور وصواف ورؤساء المصالح الأمنية السامية ورئيسا بلديتي صواف والناظور والمدير الجهوي للصحة وعدد من إطارات الإدارة الجهوية للصحة والمدير الجهوي للشؤون الإجتماعية والمندوب الجهوي للتربية والمدير الجهوي للشؤون الدينية والمتصرف الجهوي للتضامن الإجتماعي وممثلو الهياكل الجهوية ذات الصلة.",,218,1,0,credible,Government & Official Statements
source_38,undecided,تصنيف رابطة محترفات التنس: أنس جابر تحقق أحسن ترتيب عالمي لها منذ 11سنة,"0 Shares

في تحيين للترتيب العالمي اليوم الاثنين 5 أفريل 2021، اصبحت أنس جابر تحتل المرتبة 28 وهو أحسن ترتيب لها منذ بدايتها في صنف اللاعبات الحرفيات في كرة التنس سنة 2012.

و تبلغ اللاعبة التونسية أنس جابر 26 سنة و هي متزوجة و منذ ديسمبر 2020، تلعب برعاية شركة اتصالات تونس.",,52,1,2,not credible,Sports News
source_25,not credible,مسلسل ضد الكسر الحلقة 7 السابعة كاملة بجودة HD,"مسلسل ضد الكسر من الأعمال الرمضانية المتميزة هذا الشهر الفضيل، وهو بطولة الفنانة نيلي كريم المعروفة بأعمالها المبدعة ويعرض علي قناة سي بي سي، وخلال الساعات الأخيرة زادت عملية البحث عن الحلقة السابعة من المسلسل وهو ما سنقدمه لكم خلال هذا المقال.

قصه المسلسل

هو مسلسل يقدم في اطار اجتماعي درامي ،حول الفنانة نيلي كريم وهي فتاة تدعي ” سلمي ” تعيش في شبرا، بحارة شعبية ، وتتعلق سلمي بمواقع التواصل الاجتماعي، حتي اصبحت تعمل تحت مسمى ” يوتيوبر” وايضا هي من مشاهير ” التيك توك “، وتدور الأحدث في اطار مشوق للسعي وارء الشهرة والمال وتتغير حياتها ولكن يقابلها بعض المشاكل التي تصل الي ابتزار بمعلومات عن الماضي .

ابطال المسلسل

•نيلي كريم

•محمد فراج

•لقاء الخميسي

•هشام اسماعيل

•مصطفى درويش

تأليف

عمرو الدالي

اخراج

احمد خالد

مواعيد عرض مسلسل

في اطار التنافس بين القنوات الفضائية المصرية لعرض المسلسلات الرمضانية الحصرية فانه يعرض علي قناة CbC و ايضا CbC دراما الساعة ١٠ مساء وسيتم عرضه أيضاً من خلال منصة شاهد vip ومنصة Watchit والتي تحتاج لدفع إشتراك شهري مقدماً.

و سنقدم لكم كافة حلقات المسلسل من خلال موقع الأقباط نيوز بجودة HD مجاناً بدون أي فواصل إعلانية.

لمشاهدة مسلسل ضد الكسر الحلقة 7 السابعة كاملة بجودةHD اضغط هنا",,199,2,1,undecided,Sports News
source_35,not credible,صحة الطفيلة: إجراءات واشتراطات احترازية للتعامل مع النفايات الطبية – الاردن اليوم,"نفى مدير الشؤون الصحية في الطفيلة الدكتور خالد الخوالدة وجود أي تراكم لمخلفات النفايات الطبية الناتجة عن مختبر فحوصات كورونا ومركز صحي البقيع أو التجمعات السكانية المجاورة له.

وقال في تصريح صحافي اليوم السبت إن الشكاوى التي تلقتها المديرية من المواطنين بهذا الشأن، كشفت عن وجود عبوات كرتونية واكياس فارغة في الحاويات القريبة من مركز صحي البقيع الأولي ومختبر فحوصات كورونا الملاصق للمركز.

وأضاف أن حزمة من التعليمات والاشتراطات الصحية اتخذتها المديرية للتعامل مع النفايات الطبية الناتجة عن المختبر من خلال جمعها في معدات خاصة وتغليفها وتعقيمها ونقلها إلى المحرقة الخاصة في مستشفى الملكة رانيا بوادي مؤسى لحرقها في درجات حرارة عالية تصل إلى أعلى من 1000 درجة مئوية.

واوضح أن الطواقم الطبية والفنية ملتزمة بالشروط الصحية الوقائية بدءا من مرحلة سحب عينات كورونا مرورا بنقلها للمختبر وإجراء التحاليل والفحوصات المخبرية الدقيقة وأخيرا التخلص من هذه النفايات بطريقة سليمة، علاوة على الإجراءات الوقائية والاحترازية لمنع انتقال العدوى للأطباء والممرضين والعمال الذين يتعاملون مع النفايات الطبية.

وأشار إلى أن وزارة الصحة خصصت جزءا من مركز صحي البقيع لتجهيزه كمختبر لاستخراج نتائج فحص عينات كورونا، والبالغة يوميا حوالي 300 عينة في الشفت الواحد.

ولفت إلى عدم تسجيل أية إصابة للكوادر الطبية وعمال النظافة بسبب النفايات الطبية.

(بترا)

معجب بهذه: إعجاب تحميل...",,199,2,1,undecided,Government & Official Statements
source_15,credible,عدد الإصابات اليومية بكورونا يتجاوز الألف مجددا في غزة,"غزة ( الضفة الغربية ) – الناس نيوز :

أعلنت وزارة الصحة في قطاع غزة الأربعاء تسجيل أكثر من ألف اصابة بفيروس كورونا خلال يوم واحد، لأول مرة منذ عدة أشهر، بعدما انخفض عدد المصابين إلى أقل من مئتين في الأسابيع الأخيرة.

وقالت الوزارة في بيان مقتضب تلقته وكالة فرانس برس “تم تسجيل 1061 اصابة جديدة بنسبة 29 % من العينات التي فحصت والبالغة 3651 عينة خلال الأربع والعشرين ساعة الأخيرة في القطاع”.

ويرتفع بذلك عدد مصابي كوفيد في القطاع إلى نحو 65500 بينما بلغ عدد الوفيات 610 حالات منذ بداية انتشار الوباء.

وذكرت وزارة الصحة أنها “سجلت بعض الحالات بالطفرة (النسخة المتحورة) البريطانية وحالتهم مستقرة” دون مزيد من التفاصيل.

وقال نائب مدير الرعاية الأولية بوزارة الصحة مجدي ضهير إن “الوضع الوبائي بقطاع غزة خطير وهناك زيادة واضحة للحالات المصابة التي تدخل المستشفيات”.

وأوضحت الوزارة أن ازدياد الاصابات “سيدفع لاتخاذ سلسلة من الاجراءات الاحترازية المشددة لمواجهة الموجة الثانية من انتشار الفيروس”.

وتسلم قطاع غزة ما مجموعه 81600 جرعة مقدمة من دولة الامارات العربية والسلطة الفلسطينية.

ووصل عدد الاشخاص الذين تلقوا اللقاح إلى 20663 شخص في قطاع غزة الدي يبلغ عدد سكانه نحو مليونين و254 ألفًا،حسب بيان وزارة الصحة.

من جهتها قالت هيئة الفنادق والمطاعم في غزة في بيان إن “وزارة الداخلية أبلغتنا بوقف جميع الأنشطة وورش العمل والفعاليات والتجمعات داخل جميع المنشآت السياحية ابتداء من اليوم الأربعاء بسبب زيادة أعداد المصابين بكورونا”.

وفرضت حكومة حماس التي تدير القطاع السبت الماضي إغلاقا يبدأ في التاسعة مساء وحتى الصباح للحد من تفشي الفيروس.

وفي رام الله بالضفة الغربية أعلنت وزيرة الصحة مي الكيلة أن الوزارة تسلمت الثلاثاء “25 ألف جرعة جديدة من لقاح أسترازنيكا وهي الدفعة الأولى التي تصل من أصل 2 مليون جرعة اشترتها الحكومة الفلسطينية”.

وأشارت في تصريحات لإذاعة صوت فلسطين الرسمية إلى “انخفاض طفيف بأعداد الوفيات ونسبة إشغال المشافي أصبحت أقل مما كانت عليه وهذا مؤشر جيد”.

وكانت مناطق السلطة الفلسطينية عانت من عدد إصابات مرتفعة جدا مع إشغال المستشفيات بالكامل.

وأعلنت وزارة الصحة الفلسطينية أنها قامت حتى صباح الاثنين بتطعيم أكثر من 69 ألف فلسطيني بالجرعة الأولى في الضفة الغربية وقطاع غزة.",,334,0,2,not credible,Source-Specific Artifacts / Boilerplate
source_82,undecided,رسميا.. شبيبة القبائل تتعاقد مع غانم وهارون — النهار أونلاين,"تعاقد بصفة رسمية فريق شبيبة القبائل اليوم الجمعة مع اللاعب المُسرح من شباب بلوزداد فؤاد غانم.

ويُعتبر الجناح الأيمن الشاب ثاني المستقدمين في فريق شبيبة القبائل في هذا الميركاتو الشتوي بعد ياسين مدان.

خريج مدرسة شبيبة بجاية أمضى على عقد يمتد لثلاث سنوات كاملة مع الفريق القبائلي.

مراسيم توقيع اللاعب البالغ من العمر 24 سنة تمت بحضور شريف ملال رغم تنحيته مؤخرا.

هذا وتعاقد أيضا الفريق الأصفر والأخضر مع المُهاجم علي هارون قادما من إتحاد بلعباس بعقدا يمتد لموسمين ونصف.",,80,1,0,credible,Source-Specific Artifacts / Boilerplate
source_8,not credible,هكذا تعتزم الحكومة حماية البيئة والحفاظ على الغطاء الغابي,"أطلقت بولاية الأغواط عديد المشاريع التنموية الرامية إلى إعادة احياء مشروع السد الأخضر قصد حماية البيئة والحفاظ على الغطاء الغابي، حسبما علم لدى محافظة الغابات بالولاية.

وأكد رئيس مصلحة توسيع الثروات وحماية الأراضي محمد بن مسعود ل/وأج أن المساحة الإجمالية المخصصة لمشروع السد الأخضر بولاية الأغواط تقدر ب 395 الف هكتار منها 60 الف هكتار كمساحات غابية و160 الف هكتار كمساحات رعوية و 174 الف هكتار ذات طابع فلاحي رعوي وتتواجد ب 7 دوائر و13 بلدية اغلبها بالجهة الشمالية للولاية ويتعلق الأمر ببلديات أفلو ووادي مزي ووادي مرة وسيدي بوزيد والغيشة وتاجموت وتاجرونة وبريدة وسبقاق وسيدي مخلوف وعين ماضي.

وأضاف بن مسعود ان محافظة الغابات بالأغواط سجلت مشروعا خاص بالسد الأخضر سنة 2017 على مساحة 950 هكتار أنجز منه 46? وتم تسجيل مشروع آخر سنة 2020 على مساحة 200 هكتار أنجز منه 50?.

وأضاف أنه سيتم -حسب الدراسة المعدة- تشجير 18 الف هكتار وإعادة تشجير 11 الف هكتار كما سيتم غرس أشجار مثمرة على مساحة تقدر ب 147 هكتار توزع على مداخل المدن، كما سيتم في ذات السياق إنجاز محميات غابية تقدر مساحتها الإجمالية بأزيد من 30 الف هكتار.

وفي سياق ذي صلة أكد بن مسعود انه تم الانطلاق في عملية فتح مسالك غابية على مسافة 55 كيلومتر وانطلق كذلك مشروع من أجل تهيئة مسالك غابية أخرى على مسافة تقدر ب 110 كيلومتر في انتظار تسجيل مشروع آخر يتعلق بتصحيح المجاري المائية.

وأشار والي الأغواط عبد القادر برادعي من جهته أن مشروع السد الأخضر تشارك فيه مختلف مديريات الولاية بحيث لم يعد متعلقا فقط بقطاع الغابات نظرا لأن كل المشاريع التي ستنجز في المساحة الإجمالية للسد الأخضر بالولاية ستمثل إضافة له خاصة تلك المتعلقة بالكهرباء الفلاحية وتركيب أطقم الطاقة الشمسية وأكد السيد برادعي أن المشروع تمتزج فيه الجدوى البيئية بالجدوى الاقتصادية والاجتماعية نظرا لنوعية الأشجار المغروسة والتي ستكون ذات طابع مثمر.

س.ع",,292,2,0,credible,Government & Official Statements
source_86,credible,الرئيس السيسي يعود إلى أرض الوطن بعد زيارة لفرنسا,"أنا معجب بالشروق بالفعل، لا تظهر هذه الرسالة مرة أخرى

عاد الرئيس عبدالفتاح السيسي، مساء اليوم الأربعاء، إلى أرض الوطن في ختام زيارة لفرنسا استغرقت أربعة ايّام شارك خلالها في مؤتمر باريس لدعم السودان وقمة دعم تمويل الاقتصاديات الإفريقية.

صرح بذلك السفير بسام راضي المتحدث باسم رئاسة الجمهورية.",,48,0,1,undecided,Government & Official Statements
source_95,credible,بنيعيش تستنكر التصريحات “غير الملائمة” لوزيرة الشؤون الخارجية الإسبانية,"أعربت سفيرة المغرب في مدريد كريمة بنيعيش، اليوم الخميس، عن استنكارها “للتصريحات غير الملائمة” و”الوقائع المغلوطة” التي قدمتها وزيرة الشؤون الخارجية الإسبانية. وأكدت بنيعيش أن وزيرة الشؤون الخارجية الإسبانية أدلت مؤخرا بتصريحات للصحافة وللبرلمان “واصلت فيها تقديم وقائع مغلوطة، وإصدار تعليقات غير ملائمة”، مضيفة أنه “لا يمكن إلا أن نعبر عن الأسف للطابع البئيس وللانفعال والعصبية التي رافقت هذه التصريحات”.

وأبرزت الدبلوماسية المغربية، في تصريح للصحافة، أن الأزمة الحالية “كشفت الدوافع الخفية ومخططات بعض الأوساط الإسبانية، التي ما زالت تلح على الرغبة في الإضرار بالمصالح العليا للمملكة منذ استرجاع الصحراء المغربية سنة 1975”.

وقالت “يحق لنا، بالتالي، التساؤل عما إذا كانت هذه التصريحات الأخيرة خطأ شخصيا للوزيرة، أو أنها تعكس النوايا الحقيقية لبعض الأوساط الإسبانية المعادية للوحدة الترابية للمملكة، القضية المقدسة للشعب المغربي ولكل القوى الحية للأمة.

وأكدت بنيعيش أن “الاحترام المتبادل والثقة بين البلدين، اللذين تحدث عنهما رئيس الحكومة الإسبانية، أضحيا، للاسف، موضع شك حاليا”.

وخلصت الدبلوماسية المغربية إلى أن “المغرب أخذ علما بذلك، وسيتصرف بناء عليه”.",,158,0,1,undecided,Government & Official Statements
source_86,credible,ضبط مدير شركة ومتهم هاربان من 241 حكما قضائيا بالإسكندرية والبحيرة,"

نجح قطاع الأمن العام بإشراف اللواء علاء الدين سليم، في ضبط مدير شركة عامل هاربين من 241 حكم قضائي بالإسكندرية والبحيرة.



وتمكنت الإدارة العامة لمباحث تنفيذ الأحكام بقطاع الأمن العام من ضبط مدير شركة، مقيم بدائرة قسم شرطة محرم بك بالإسكندرية، مطلوب التنفيذ عليه في 106 أحكام قضائية، وصادر ضده في قضايا ""تبديد، وشيكات بدون رصيد"" بلغت مدة الحبس فيها 53 عامًا، وذلك حال اختبائه بشقة كائنة بدائرة قسم شرطة أول المنتزه بالإسكندرية.



كما تم ضبط عامل، مقيم بدائرة قسم شرطة كرموز بالإسكندرية، مطلوب التنفيذ عليه في 135 حكم قضائي، وصادر ضده حكم في قضايا ""تبديد، وبناء بدون ترخيص""، بلغت مدة الحبس فيهم 39 عامًا، وذلك حال إختبائه بشقة كائنة بدائرة مركز شرطة أبوحمص بالبحيرة.



وتم اتخاذ الإجراءات القانونية حيال المتهمين، وإحالتهم للنيابة لمباشرة التحقيقات.",,125,0,1,undecided,Government & Official Statements
source_73,credible,توزر-كوفيد19: صفر إصابة وقسم الإنعاش خالي من المرضى منذ أسبوع,"لم تسجل ولاية توزر، اليوم الجمعة، حالات إصابة جديدة بفيروس ""كورونا"" بعد صدور نتائج 44 تحليلا مخبريا وردت نتائجها على مصالح الإدارة الجهوية للصحة وكانت النتيجة صفر إصابة، بحسب تأكيد رئيس مصلحة الاعلام والبرامج بالإدارة الجهوية للصحة فؤاد براني.

وبين ذات المصدر، في تصريح لـ""وات""، أن قسم الإنعاش الطبي بالمستشفى الجهوي بتوزر لم يأو مرضى ""كوفيد 19"" منذ أسبوع مع تراجع حالات التعهد بالمصابين في المستشفيات الى اثنين فقط موزعين بين قسم كوفيد 19 بالمستشفى الجهوي بنفطة والمستشفى المحلي بدقاش، الى جانب عدم تسجيل حالات وفاة جديدة منذ ثلاثة أيام ليستقر عدد الوفيات في حدود 97 وفاة منذ بداية الجائحة.",,100,0,2,not credible,Government & Official Statements
source_134,credible,على سليمان: لتذهب النجومية والتمثيل إلى الجحيم فداء لفلسطين,"تحدث الممثل العالمي الفلسطيني علي سليمان في برنامج الدقيقة 60 اليوم الاثنين 17 ماي 2021 عن دور المثقف وأهل الفن في نصرة القضية الفلسطينية، قائلا 'كل مخطّط صهيوني يريد إبعادنا عن فلسطين لكننا لن نرحل'، وفق تعبيره

وقال سليمان أن الجيل الجديد ' جيل التويتر والتيك توك' الآن موجود في الساحات ويقاوم بطريقته وأن الجيل الجديد انتصر بالسوشيال ميديا على القنوات التلفزية غير المحايدة.

كما أضاف علي سليمان أنه لا يمكن أن يتراجع عن موقفه من القضية حتى وإن حُرم من عدة أدوار و'لتذهب النجومية والتمثيل للجحيم فداء لفلسطين وفداء التحرير'، وفق تعبيره.",,93,0,2,not credible,General/Other Ambiguous Context
source_131,credible,أسعار العملات العربية اليوم الجمعة 12-3-2021,"أسعار العملات العربية اليوم الجمعة

استقرت أسعار العملات العربية اليوم الجمعة 12 مارس 2021 ونعرض فيما يلي آخر تحديث لأسعار العملات العربية، في البنك الأهلي:-

سعر الدينار الكويتي

سجل سعر الدينار الكويتي مستوى 48.04 جنيه للشراء، مقابل 52.08 جنيه للبيع.

سعر الريال السعودي

سجل سعر الريال السعودي نحو 4.14 جنيه للشراء، مقابل 4.19 جنيه للبيع.

سعر الدينار البحريني

سجل سعر الدينار البحريني 40.43 جنيه للشراء، مقابل 41.77 جنيه للبيع.

سعر الريال العُماني

سجل سعر الريال العُماني مستوى 39.72 جنيه للشراء، مقابل 40.91 جنيه للبيع.

سعر الدينار الأردني

سجل سعر الدينار الأردني مستوى 21.76 جنيه للشراء، مقابل 22.24 جنيه للبيع.

سعر الدرهم الإماراتي

سجل سعر الدرهم الإماراتي نحو 4.23 جنيه للشراء، مقابل 4.28 جنيه للبيع.",,114,0,2,not credible,Source-Specific Artifacts / Boilerplate
source_134,credible,أعوان وإطارات شركة الصناعات الصيدلية يدخلون في اعتصام مفتوح,يدخل أعوان وإطارات الشركة التونسية للصناعات الصيدلية في اعتصام مفتوح إحتجاجا على ما وصفوه بالوضع الكارثي للشركة وسوء التصرف المالي فيها وعلى تعطل صرف أجورهم ومنحهم المالية، حسب ما أكدته الكاتبة العامة للنقابة الأساسية بشركة سيفات نهى بن سعد لموزاييك.,,40,0,2,not credible,Economics & Pricing
source_104,undecided,الفلبين: ارتفاع معدل البطالة إلى 8.8%,أظهرت بيانات مكتب الإحصاء الفلبيني ارتفاع معدل البطالة خلال فبراير الماضي إلى 8.8% مقابل 8.7% خلال يناير الماضي.وأشارت وكالة بلومبرج للأنباء إلى أن عامل من بين كل 4 عمال تم تسريحهم بسبب تداعيات جائحة فيروس كورونا المستجد في الفلبين مازال عاطلًا عن العمل. ودفعت بيانات البطالة الأسهم الفلبينية إلى التراجع خلال تعاملات الثلاثاء.وتراجع المؤشر الرئيسي لبورصة الفلبين للأوراق المالية بنسبة 1.4% إلى6518.65 نقطة حتى ظهر أمس، بعد ارتفاعه أمس بنسبة 1%، لتصبح البورصة الفلبينية واحدة من أكثر البورصات الآسيوية تراجعًا أمس.من ناحية أخرى دعت وزارة الصحة إلى تمديد الإغلاق في مانيلا وأربعة أقاليم مجاورة لمدة أسبوع آخر كوسيلة فعالة لاحتواء فيروس كورونا المستجد، في ظل تزايد أعداد الإصابات الجديدة بالفيروس في هذه المناطق.,,113,1,0,credible,Government & Official Statements
source_100,credible,"""كان برضاهم"".. شبان يغتصبون فتاة قاصر بمساعدة والدتهم.. التفاصيل مثيرة","

ونفى الطفل ما جاء في أقوال المتهم الأول محمد عبدالفتاح بمحضر تحريات معاون مباحث قسم عين شمس الرائد محمد عادل، بأنهم احتجزوه بعدما استدرج شقيقة المتهم الثاني عبدالرحمن سيد وفتاتين سودانية الجنسية لممارسة الجنس أعلى العقار سكنه، ما أثار حفيظة المتهم فقام بضربه وتصويره.



واستمعت النيابة لأقوال والدة المتهمين نادية متولي التي نفت احتجاز الطفل السوداني، كما نفت بعد مشاهدتها الفيديو أن تكون المشاهد خاصة بمسكنها وأن المطبخ الظاهر في الفيديو مغاير لمطبخها، لكن معاينة النيابة للمنزل في الرابعة والنصف مساء يوم 30 أبريل أثبتت أن الواقعة حدثت في مطبخ (المتهمة) وهو بذات المواصفات التي ظهرت في الفيديو المتداول للواقعة.



كما استمعت النيابة لأقوال ""أ. ج"" وشهرتها ""ويني"" وهي ضمن المجني عليهن في الواقعة.



وقالت المجني عليها: ""إنها كانت في عيد ميلاد يوم 28 أبريل وظلت هناك لليوم التالي بسبب تأخر الوقت، وفجر 29 أبريل استقلت توك توك بصحبة صديقتها أتيب جيمس والطفل أكوك حتى اعترضهم المتهمين الثلاثة بموتوسيكل في شارع أحمد إسماعيل"".



وأضافت"" إن المتهمين عبدالرحمن سيد ومحمد سيد طلبوا منهم اصطحابها لممارسة الجنس معها مقابل 200 جنيه و50 جنيه لأكوك، لكنهم رفضوا، فأشهر أحد المتهمين مطواة لتهديدهم، ثم احتجزوها وصديقتها على سطح العقار، وعرض عليها أحد المتهمين ممارسة الجنس وطلب الآخر من صديقتها ""بدأت أزعق وأطلب منهم يمشونا لكن مرضيوش.. وبعدها لقيت أمهم جت وضربتنا"".



وأشارت ""ويني"" إلى أن المتهمين اصطحبوها وصديقتها لشقتهم في الطابق الرابع وأغلقوا الباب الحديدي، وأن أحد المتهمين اغتصبها ""وسابوا أتيب من غير حاجة"" ثم نشبت مشاجرة أسفل المنزل وتمكنوا من الهرب.



وأكدت المجني عليها أن الاعتداء الجنسي كان بدون رضاها، قائلة: ""هما كانوا بيضربوني ويقلعوني هدومي غصب عني، وبعد كدة واحد منهم كان بيمسك جسمي من مناطق حساسة في كل حتة في جسمي، أمّا الثاني فاغتصبها، واستمر الموضوع لمدة 15 دقيقة"".



وأمرت النيابة بعرض المجني عليهم جميعا على مصلحة الطب الشرعي لبيان ما بهم من إصابات وبيان ما إذا تعرضت إحداهن للاعتداء الجنسي من قُبل أو دبر من قبل وبيان وجود عنف جنائي من عدمه.



وخلال التحقيقات نفى المتهمون الأربعة قيامهم باحتجاز المجني عليهم وكذلك الاعتداء الجنسي على الفتاتين، حيث قالوا: ""كان برضاهم ومفيش اعتداء جنسي على ويني لأنه كان لديها الدورة الشهرية"".







أقدم 6 أشخاص (بينهم هارب) باحتجاز الطفل السوداني ""أ. ك"" وابنة خالته وصديقتها داخل شقتهم بعين شمس والاعتداء عليه بالضرب والتنمر عليهم، بالإضافة لاغتصاب إحدى الفتيات وهتك عرضهن.وقال المجني عليه (15 سنة)، طالب بالصف الرابع الابتدائي في المدرسة السودانية: ""إنه في السادسة صباح 29 أبريل الماضي كان عائدًا من ""عيد ميلاد"" في منزل خالته ومعه ابنة خالته ""أ. ج"" وصديقتها ""و. ا""، وفوجئ بعدة شباب في شارع أحمد إسماعيل ممسكين بـ""المطاوي"" ووجهوا السباب لابنة خالته واحتجزوها داخل منزلهم، فهرب منهم لكنه تتبعوه وظلوا يوجهون السباب له، وفق (مصراوي).وأضاف"" إن والدة المتهمين قالتهم خليكوا انتوا مع الولد وأنا مع البنات"" ثم صوروه فيديو ""الموضوع فضل 3 ساعات.. ولما عرفوا إن فيه حكومة جاية نزلونا المنور، وهربنا"".وعما حدث داخل الشقة، قال الطفل المجني عليه: ""إن المتهمين اعتدوا عليه بالضرب بالأيدي وسبوه وتنمروا على بشرته ثم صوروه بالإضافة لحلاقة جزء من شعره بالمقص، بالإضافة لضرب ابنة خالته وصديقتها وحلاقة شعرهن"".و يضاف لذلك أنهم أجبروه وابنة خالته وصديقتها على تنظيف الشقة، قائلًا: ""أنا دخلوني المطبخ وخلوني أغسل أطباق.. ساعتها المتهم محمد سيد صورني وأنا بغسل المواعين وواحد تاني بيشتمني"".",,515,0,1,undecided,Government & Official Statements
source_38,undecided,لطفي العبدلي: قيس موش كيف لخرين، شادد ڨول للمافيلات و قاهرهم، و يمكن ايخططوا باش يقتلوه (فيديو),"0 Shares



خلال مداخلته في برنامج “وحش الشاشة” مساء الأحد 11 أفريل2021 مع سمير الوافي على قناة التاسعة، أكد لطفي العبدلي بأن الرئيس قيس سعيد لا ينتظر منه فعل أي شيء و قد صرح هو شخصيا بذلك و لكن…

لكنه ليس كالآخرين، ليس مثل الباجي قائد السبسي و لا كمنصف المرزوقي: “آش خلاو بربي كيف مشاو، خرجوا من الحكم و الا بعد ما ماتوا، هوما مضيفين في القصر، استقبل، استقبل… و حتى بلاش صوت كيف مع بن علي”.

و يضيف العبدلي بأن قيس سعيد “موش كيفهم، اليوم موجود في القفص، في القصر، اما شادد ڨول للمافيات ابحبوا ايبدلوا القانون على كيفهم، حطوا المشيشي و الخوانجية مع نبيل…، مافيات استولاو على الدولة، على التلفزات، هو بشوية القانون الي عندو واقفلهم رغم الي ما عندوش كيفهم فن الإتصال هوما مهفات عليه، قيس قاهرهم، و بشوية القانون الي عندو حامي لبلاد،

كان ايسيب اللعب توة الطوفان ايهز لبلاد، موش حامي روحو، كان جاء حامي روحو راهو لاباس عليه و عمل فلوس، قيس موش مساعدهم، توة مصالحهم الكل واقفة و ربما ايخططوا باش يقتلوه…”.",,170,1,2,not credible,Government & Official Statements
source_100,credible,بهذا السعر.. 3 رسائل بخط يد الأميرة ديانا للبيع في مزاد علني,"















عُرِضت ثلاث رسائل بخط يد الأميرة الراحلة ديانا، قد أرسلتها لأصدقائها المقربين الذين ساعدوها في فترة انفصالها عن الأمير تشارلز، للبيع في مزاد علني.و وصفت ديانا لوسيا بعد لقائهما لأول مرة في أبريل 1991 بأنها سيدة رائعة وأنه كان لها تأثير كبير في حياتها، حيث تسلط رسائل الأميرة ديانا الضوء على الأهمية التي أولتها لأصدقائها، بما في ذلك رسالة مرسلة لزوجة السفير البرازيلي في المملكة المتحدة، لوسيا فليشا دي ليما، وفق (روسيا اليوم).وكتبت ديانا رسالة أخرى في مايو 1992 إلى صديقها روجر برامبل، عمدة وستمنستر السابق، تحدثت الأميرة خلالها عن وجبات الغداء والشمبانيا التي اعتادوا الاستمتاع بها.وتشير الرسالة الثالثة إلى طفليها الأميرين وليام وهاري، حيث اصطحبتهما لتناول الغداء في قاعة الاحتفالات مع لوسيا وروجر اللذين تلقيا وسام الصليب الجنوبي من ويليام في أكتوبر 1993.وكتبت ديانا: ""كان الأولاد سعداء لإدراجهم في محادثة الكبار هذه، إنها ذكرى لا تمحى أبدا""، حيث أنه من المقرر بيع هذه الرسائل الثلاث في مزاد علني في كورنوال في 18 مارس القادم.وتباع الرسائل الثلاث التي كتبتها الأميرة الراحلة بخط يدها على دفتر ملاحظات بعنوان ""قصر كينغستون"" بشكل فردي بسعر يتراوح بين 800 جنيه إسترليني و 1500 جنيه إسترليني.وقالت البائعة بالمزاد، ميمي كونيل لاي: ""إن إحساس الأميرة ديانا بالعزلة أثناء زواجها موثق جيدا""، مشيرة إلى أنها قدرت بشكل كبير عددا قليلا من المقربين لديها، واعتبرت صديقتها لوسيا فليشا دي ليما من أهم الأشخاص في حياتها.",,217,0,1,undecided,Crime & Accidents
source_134,credible,وزارة الطاقة: استثناء هذه المؤسسات الحيوية من اجراءات حظر الجولان,"أعلنت وزارة الصناعة والطاقة والمناجم أنه تبعا لإجراءات الهادفة للحد من تسارع انتشار فيروس كورونا والمعلن عنها من قبل اللجنة الوطنية لمجابهة فيروس كورونا بتاريخ 7 ماي 2021 والقاضية بإقرار حجر صحي شامل خلال الفترة الممتدة من 9 إلى 16 ماي 2021:



-التقيّد بتوقيت حظر التّجّول: من الساعة السابعة مساء بعد ال ّزوال إلى الخامسة صباحا أيّام 09 و10 و11و 12 و13 و14 و15 و16ماي 2021 إلى غاية إشعار الحق.

-استثناء المؤسسات الصناعية الناشطة في مجالات حيوية لتأمين عمليّات التّزويد والتّزّود من إجراءات حظر الجولان الاتي ذكرها:

✓ المواد الغذائيّة الاستهلاكية

✓ الصناعات الصيدلانية

✓ مواد التنظيف .

✓ التعبئة والتغليف

✓ منتجات الوقاية الصحية الذاتية

✓ المؤسسات التي لها التزامات أكيدة على مستوى التصدير والمؤسسات التي لها أساليب إنتاج على غرار الأفران على أن يتم الإبقاء فقط على العدد الأدنى الممكن من العمال.

ودعت المؤسسات الصناعية الناشطة في هذه القطاعات الحيوية إلى التنسيق مع السلط الجهوية لتمكين الاعوان عند الاقتضاء من التنقل بصفة حصرية من وإلى مقرات عملهم.

وباعتبار خصوصية الأنشطة الحيوية التي تتولى وزارة الصناعة والطاقة والمناجم تسييرها، فقد تقرر منح استثناءات لاعوان واطارات الشركات والمؤسسات العمومية للتنقل خلال فترة الحجر الصحي الشامل الذي تم إعلانه في إطار خطة مكافحة انتشار فيروس كورونا والذي حدد سريان مفعوله ابتداء من اليوم الاحد 09 ماي 2021 من الساعة منتصف الليل الى يوم الأحد 16 ماي 2021 على الساعة الخامسة صباحا.

وفيما يلي قائمة في الشركات والمؤسسات العمومية المذكورة:

▪ الشركة التونسية للكهرباء والغاز

▪ الشركة التونسية لصناعات التكرير

▪ الشركة الوطنية لتوزيع البترول

▪المجمع الكيميائي التونسي

▪ شركة فسفاط قفصة

▪ شركة جبل الجريصة

▪ المؤسسة التونسي ة للأنشطة البترولية

▪ شركة النقل بالأنابيب بالصحراء

▪ الشركة التونسية للتنقيب

▪ شركة النقل بواسطة الأنابيب

▪ الشركة التونسية أنبوب الغاز العابر للبالد التونسية

▪ الشركة الإيطالية التونسية لاستغلال النفط

▪ الشركة التونسية ملواد التزييت

▪ الشركة الفرنسية التونسية للبترول

▪ شركة استغلال والبحث عن النفط بالبلاد التونسية

▪ شركة الخدمات أنبوب الغاز العابر للبلاد التونسية

▪ الشركة الإيطالية التونسية لاستغلال البترول

▪ شركة تنمية واستغلال حقول النفط لرخصة الجنوب

كما أن شركات القطاع الخاص الناشطة في مجال نقل المحروقات مستثناة من قرار الحجر

الصحي الشامل باعتبار أنها تتولى تأمين نقل وتوزيع المواد البترولية.

وفيما يلي قائمة في الشركات المذكورة:

1 -الشركةالوطنيةلتوزيعالبترول – عجيل

2 -شركة طوطال

3 -شركة فيفيو انرجي )عالمة ""شال""(

4 -شركة ليبيا اويل )أولى انرجي(

5 -شركة ستار اويل

6 -شركة بوطاغاز

7 -شركة موتوكوب",,387,0,2,not credible,Government & Official Statements
source_15,credible,أكثر من 100 مليون أميركي تلقوا جرعة على الأقل من لقاح مضاد لكوفيد,"واشنطن – الناس نيوز :

تلقى أكثر من 100 مليون شخص جرعة واحدة على الأقل من لقاح مضاد لفيروس كورونا في الولايات المتحدة، فيما صار بإمكان كل من تلقى اللقاح كاملًا أن يسافر دون خوف، وفق ما أكدت السلطات الصحية الأميركية، في ما يمثل بادرة جديدة على العودة التدريجية للنشاط الاقتصادي بعد استحداث مئات آلاف الوظائف الشهر الماضي.

وطبقاً لأرقام مراكز الوقاية من الأمراض ومكافحتها الجمعة تلقى أكثر من 101,8 مليون شخص جرعة لقاح واحدة على الأقل، وتم تطعيم 58 مليونا منهم بشكل كامل، بما في ذلك نسبة أكثر من واحد من بين كل شخصين فوق سن 65 عاماً.

لكن ما زال يتعين عليهم التحوط لدى السفر عبر الاستمرار في وضع قناع الوجه واحترام التباعد الجسدي.

بالنسبة للسفر داخل الولايات المتحدة، لم يعد الحجر الصحي أو اختبار الكشف عن كوفيد-19 ضروريًا لمن تلقوا التطعيم بالكامل، حسب مراكز الوقاية من الأمراض. أما بالنسبة للسفر الدولي، فسيتعين عليهم إجراء اختبار سلبي قبل ركوب طائرتهم للعودة إلى الولايات المتحدة، ويُستحسن أن يجروا الاختبار مرة أخرى بعد ثلاثة إلى خمسة أيام من عودتهم.

بفضل عطلة الربيع، انتعش السفر بقوة في الولايات المتحدة. وسجل أكثر من 1,5 مليون مسافر يوميًا في المطارات الأميركية عدة مرات في الأسبوعين الماضيين، وهو مستوى لم يتم بلوغه منذ أكثر من عام.

وبفضل حملة التطعيم النشطة وتخفيف القيود في العديد من الولايات، بدأ الانتعاش يُلمس تدريجيًا إذ استحدثت 916 ألف وظيفة في آذار/مارس، لا سيما في قطاعات الترفيه والفنادق والضيافة والمطاعم، وهي القطاعات التي تلقت ضربة قاسية جراء الوباء.

أثنى الرئيس الأميركي جو بايدن على ما وصفه بأنه نفحة “أمل”، مع التشديد على عدم التخلي عن الحذر. فالولايات المتحدة تخوض سباقًا مع الزمن لتحصين سكانها بأسرع ما يمكن في حين بدأ عدد الإصابات اليومية فيها بالارتفاع (62 ألف إصابة جديدة في المتوسط كل يوم).

خلال الأسبوع الماضي، تم إعطاء ما معدله 2,9 مليون حقنة من أحد اللقاحات الثلاثة المصرح بها في البلاد يوميًا. وقال جيف زينتس، منسق مكافحة كوفيد في البيت الأبيض: “إنها وتيرة غير مسبوقة. لا يوجد بلد آخر يقوم بتلقيح هذا العدد بهذه السرعة”.

وتعهد بايدن بأن 90% من الأميركيين الراشدين سيكونون مؤهلين للحصول على اللقاح بحلول 19 نيسان/أبريل، وأعلن عن هدف إعطاء 200 مليون حقنة بحلول اليوم المئة من توليه منصبه.

– عطلة عيد فصح صعبة في أوروبا –

في أوروبا التي تواجه زيادة في الإصابات، سجلت عطلة عيد الفصح على العكس من ذلك بداية صعبة، في حين ما زالت حملات التطعيم بطيئة.

وانتقدت منظمة الصحة العالمية الخميس تباطؤ حملة التطعيم في أوروبا ووصفته بأنه “غير مقبول”. وقال مدير منظمة الصحة العالمية في أوروبا هانس كلوغه “حاليا الوضع الإقليمي هو الأكثر إثارة للقلق مما شهدناه منذ عدة أشهر”.

ففي منطقة أوروبا التي تشمل وفق تصنيف منظمة الصحة العالمية نحو خمسين دولة بينها روسيا وعدة دول من آسيا الوسطى، تجاوز عدد الوفيات 24 ألفا الأسبوع الماضي ويقترب إجمالي الوفيات “سريعا” من عتبة المليون، بحسب المنظمة.

في المتوسط، ووفقا لمعطيات وكالة فرانس برس، يتلقى 0,31% من السكان في منطقة أوروبا/روسيا ودول آسيا الوسطى جرعة لقاح كل يوم. وإذا كان هذا المعدل أعلى بمرتين تقريبا من مثيله في بقية العالم (0,18%)، فهو أقل بكثير من مثيله في منطقة الولايات المتحدة/كندا (0,82%) التي تتصدر العالم في هذا المجال.

وفي فرنسا، يُخشى حدوث فوضى كبيرة في المحطات فيما يسعى كثيرون للمغادرة للاحتفال بعيد الفصح، قبل حظر التنقل لمدة شهر، فيما ما زال من غير المؤكد أن تتمكن البلاد من بلوغ هدف إعادة فتح مرافق معينة بشكل تدريجي اعتبارًا من منتصف أيار/مايو.

وفي مواجهة الموجة الثالثة من الوباء، تكثف أوروبا الإجراءات لمحاولة الحد من انتشار الفيروس، لا سيما القيود المفروضة على التنقل والسفر.

فقد قررت ألمانيا، حيث تلقى الرئيس فرانك فالتر شتاينماير للتو جرعته الأولى من لقاح أسترازينيكا، تعزيز المراقبة على حدودها البرية “لمدة ثمانية إلى 14 يومًا القادمة”.

ولكن في فنلندا التي كانت تنوي فرض الحجر على جزء من سكانها، قررت الحكومة مراجعة قرارها بعد تحفظات على شرعيته.

وعلى الجانب الآخر، قررت بلغاريا تخفيف القيود قبل ثلاثة أيام من الانتخابات التشريعية على الرغم من تسجيل أحد أعلى معدلات الوفيات.

أودى كوفيد بحياة أكثر من 2,8 مليون شخص في العالم، وفقا لحصيلة أعدتها فرانس برس، وسجلت أعلى الوفيات في الولايات المتحدة والبرازيل التي أحصت عددا قياسيا من الوفيات الشهر الماضي.

وألغيت بطولات رابطة محترفي التنس 500 في ريو وهي البطولة الرئيسية في أميركا الجنوبية، بسبب تفشي الوباء في البرازيل.",,686,0,2,not credible,Government & Official Statements
source_134,credible,فرنسا تنفي مشاركة الجيش الجزائري في عمليات قتالية بالساحل,"نفت السفارة الفرنسية بالجزائر، الأربعاء، أن يكون الرئيس إيمانويل ماكرون قد أعلن موافقة الجزائر حول المشاركة عسكريا في مكافحة الإرهاب بالساحل، خلال قمة نجامينا.

وسبق لوزارة الدفاع الجزائرية، أن نفت مشاركة أفرادها في عمليات قتالية خارج الحدود، وهو الأمر الذي أكده الرئيس تبون في حواره، أول أمس، للصحافة المحلية حيث قال ""لن نرسل أبنائنا للقتال في الساحل"".

الجزائر: عبد الله ناصري",,61,0,1,undecided,Government & Official Statements
source_100,credible,السيسي: يجب استئناف المفاوضات بين الجانبين الفلسطيني والإسرائيلي,"رابط مختصر:

رام الله - دنيا الوطن

أكد الرئيس المصري عبد الفتاح السيسي أهمية العمل على استئناف المفاوضات بين الجانبين الفلسطيني والإسرائيلي بهدف التسوية العادلة والشاملة للقضية الفلسطينية وفق المرجعيات الدولية.



جاء ذلك خلال لقائه رئيس الكونجرس اليهودي العالمي رونالد لاودر اليوم الأربعاء، في مقر الرئاسة المصرية بالقاهرة، بحسب الوكالة الفلسطينية الرسمية.



وقال المتحدث باسم الرئاسة المصرية بسام راضي: ""إن اللقاء تناول عملية السلام في الشرق الأوسط، والجهود المصرية لتحقيق المصالحة الفلسطينية، وتحسين الأوضاع الإنسانية والمعيشية والاقتصادية بقطاع غزة"".",,79,0,1,undecided,Government & Official Statements
source_82,undecided,"عمال قطاع التربية يواصلون ""إضراب الكرامة"" ويشلّون المؤسسات التربوية — النهار أونلاين","نسبة الاستجابة للإضراب في تزايد مستمر

عرف، يوم أمس، “إضراب الكرامة” الذي أعلن عنه عمال قطاع التربية والتعليم عبر كامل التراب الوطني، منحى تصاعديا في قسنطينة، حيث شهد استجابة أكثر بالمقارنة مع اليوم الأول.

أين تجمع العشرات من المنتسبين للقطاع بمختلف الوظائف، من مديرين ومقتصدين وأساتذة وأسلاك مشتركة، في وقفة احتجاجية حاشدة، أعلنوا خلالها عن تمسكهم بمطالبهم التي دعت لها نقابات ممثلة لشتى التخصصات الوظيفية، حيث شهدت العديد من المؤسسات التربوية، بالأخص منها الابتدائية والمتوسطة، حالة شلل تام، في خطوة تصعيدية غير مسبوقة من هذا النوع، الذي يتم خلاله إضراب مخلف الأسلاك في وقت واحد، مما بات يهدد بشكل مباشر امتحانات نهاية الأطوار التعليمية في حال بقاء الانسداد بالأخص، وأن المطالب – حسب المحتجين – غير قابلة للتفاوض، على اعتبار أنها تخص “كرامة” العامل بالقطاع نتيجة غياب القدرة الشرائية لدى غالبية المنتسبين، بالإضافة إلى العديد من المطالب المهنية الخاصة بالمنح ونظام التقاعد والترقيات والتوظيف والرواتب العالقة بالنسبة للمتعاقدين وإدراجهم ضمن المهن الشاقة وتمكينهم من صيغ سكنية خاصة.

أساتذة الأطوار التعليمية في باتنة يلتحقون بركب الإضراب الوطني

نظم، أمس، عشرات الأساتذة وقفة احتجاجية أمام مقر مديرية التربية في ولاية باتنة، موازاة مع تنظيم إضرابات في عدة مؤسسات تربوية بالأطوار التعليمية الثلاثة، منها “نڤاوس، بريكة، تالخمت، رأس العيون، زانة البيضاء، باتنة، تيمڤاد، تازولت”، ومناطق أخرى، وقد استجاب المعنيون للإضراب الوطني الذي يشهده القطاع في كافة أنحاء الوطن، وذلك للمطالبة بعدة نقاط، أهمها رفع القدرة الشرائية للأساتذة وجميع عمال التربية في كل الأطوار، وذلك بزيادة في الراتب مع المراجعة السنوية لسلم الأجور، رفع النقطة الاستدلالية من 45 دينارا إلى 90 دينارا، رفع منحة المردودية، إدراج الوظيفة التربوية مع الوظائف الشاقة وتحديد سن التقاعد بـ 50 سنة والسماح بالتقاعد النسبي، تمكين موظفي التعليم من منح الأعياد والمناسبات، تأمين عمال سلك التعليم بنسبة 100 ٪ لدى الضمان الاجتماعي، إيجاد آلية ناجعة وفعالة لترميم وصيانة المؤسسات التربوية القديمة، فصل الابتدائيات عن البلدية في التسيير وإلحاقها بوزارة التربية، توحيد التصنيف بين جميع الأطوار، تعديل المناهج، تمكين موظفي قطاع التربية من صيغ للسكن من دون شرط أو قيد، الترقية الآلية مثل باقي القطاعات، مع تثمين الشهادات، وسنّ قوانين تحمي المربي.

أساتذة عنابة يشلّون المدارس لليوم الثاني

واصل، أمس، عدد من عمال التربية وأساتذة الطورين الابتدائي والمتوسط، إضرابهم الذي دعت إليه نقابات التربية، والذي عرف بوقفة و”إضراب الكرامة”، حيث تجمعوا منذ الساعات الأولى للصباح، أمام مقر مديرية التربية للولاية، للمطالبة بالعديد من المطالب الاجتماعية، خاصة ما تعلق بتحسين القدرة الشرائية والسكن الوظيفي ومراجعة المناهج والحجم الساعي، معلنين عن تمسكهم بمطالبهم المتعلقة أساسا بتحسين القدرة الشرائية برفع الراتب، ومراجعة نظام المنح والتعويضات مع استحداث منح جديدة، بما يتماشي مع ما طالبت به مختلف الأسلاك والرتب الإدارية والتربوية والمهنية، واسترجاع حق التقاعد النسبي من دون شرط السن، والعديد من المطالب الاجتماعية الأخرى.

استجابة واسعة لإضراب التربية في برج بوعريريج

على غرار باقي ولايات الوطن، دخل الأساتذة والمعلّمون والمديرون والأسلاك المشتركة في قطاع التربية ببرج بوعريريج، في إضراب بولاية برج بوعريريج، مع تنظيم وقفة احتجاجية أمام مقر مديرية التربية، حيث أكد المضربون أن نسبة الاستحابة للإضراب الوطني بولاية برج بوعريريج، تجاوزت في معدلها العام 65 من المئة، حيث كانت الاستجابة أقوى في الطورين الابتدائي والثانوي بتسجيل نسب تجاوزت 75 بالمائة، في حين، تراوحت النسبة في الطور الثانوي بين 25 و 35 بالمائة بأغلب الثانويات.

فيما عرف مقر مديرية مديرية التربية شللا تاما بنسبة استجابة بلغت 100 من المئة من طرف إطارات وموظفي المديرية.

أساتذة التعليم الابتدائي يحتجون أمام مديرية التربية ويطالبون بتدخل رئيس الجمهورية في ڤالمة

تلبية لدعوة تنسيقية أساتذة التعليم الابتدائي غيرة المعتمدة، قام، نهار أمس، العشرات من أساتذة التعليم الابتدائي في ڤالمة، بوقفة احتجاجية أمام مديرية التربية، تنديدا منهم بالوضعية المهنية والاجتماعية التي يعيشها أساتذة التعليم الابتدائي، رافعين جملة من المطالب، على غرار الإفراج الفوري عن كيفيات وآجال معالجة اختلالات القانون الخاص بإشراك النقابات، تحسين القدرة الشرائية برفع الراتب ومراجعة منح النظام والتعويضات، مع استحداث منح جديدة بما يتماشى مع ما طالبت به مختلف الأسلاك والرتب الإدارية، والتربوية والمهنية، واسترجاع حق التقاعد النسبي من دون شرط السن وإدراج مهنة عمال التربية ضمن قائمة المهن الشاقة، إصلاح المنظومة التربوية ومراجعة البرامج والمناهج، مطالبين بتدخل رئيس الجمهورية من أجل دراسة انشغالات الأسرة التربوية والتكفل بها.

وحسب مصادر نقابية، أن نسبة الاستجابة لهذا الإضراب الذي دعت إليه تنسيقية أساتذة التعليم الابتدائي قد فاق الـ 45 بالمئة.

موظفو وعمال قطاع التربية في وقفة احتجاجية بالوادي

أقدم عمال قطاع التربية بولاية الوادي، على تنظيم وقفة احتجاجية، يوم أمس، أمام مقر مديرية التربية، حضرها مئات العمال من مختلف الأطوار التعليمية، من إداريين وأساتذة ومديري مؤسسات تربوية.

وحسب بيان المحتجين، فإنه وفي ظل الظروف الصعبة التي يعيشها موظفو وعمال قطاع التربية بفعل التدني الرهيب للقدرة الشرائية والتماطل والتسويف غير المبرر في صبّ المخلفات المالية، وأمام التأخر الكبير في إصدار قائمة المهن الشاقة، التي من المفترض أن يتم فيها إدراج قطاع التربية، فإن كل منتسبي قطاع التربية يرفضون الوضع الحالي والمطالبة بضرورة صبّ كل المخلفات المالية العالقة وتمكين الأساتذة المتعاقدين من والمستخلفين من كل مستحقاتهم المالية في أقرب وقت، إذ أن جميعهم أصبح يبحث عن عمل بديل وقت الراحة للحصول على قوت عياله وأولاده، وبعضهم شرع في بيع أثاث بيته من أجل توفير الطعام لأهله، كما طالب المحتجون برفع النقطة الاستدلالية لتحسين القدرة الشرائية، وإعادة النظر في المناهج والبرامج التعليمية، وإلغاء الضريبة على الدخل، وتفعيل منحة الأعياد والمناسبات، وإدماج الأساتذة المتعاقدين، وعودة التقاعد النسبي ومن دون شرط السن، كون التعليم من المهن الشاقة كذلك.",,846,1,2,not credible,Source-Specific Artifacts / Boilerplate
source_15,credible,قطر تحث السياسيين اللبنانيين على تشكيل حكومة للحصول على مساعدات,"بيروت – الناس نيوز :

أبلغت قطر يوم الثلاثاء القادة اللبنانيين بضرورة تشكيل حكومة جديدة حتى يتسنى للبنان الحصول على مساعدات تنتشله من أزمته الاقتصادية.

وتسببت أسوأ أزمة في لبنان منذ الحرب الأهلية، التي دارت بين 1975 و1990، في انهيار الليرة وشل حركة القطاع المصرفي ودفعت نصف السكان على الأقل إلى هوة الفقر.

وأوضح المانحون الأجانب أنهم لن يقدموا مساعدات لإنقاذ الدولة المثقلة بالديون دون تنفيذ إصلاحات رئيسية. ومع ذلك، فشل الفرقاء السياسيون اللبنانيون في الاتفاق على حكومة جديدة مما أثار انتقادات المانحين وتحذيرات وكالات الأمم المتحدة من “كارثة اجتماعية” في البلاد. بحسب رويترز .

وتتولى حكومة حسان دياب تصريف الأعمال منذ استقالتها في أغسطس آب بسبب الغضب الشعبي من انفجار مرفأ بيروت الذي أسفر عن مقتل نحو 200 شخص وتدمير أحياء بأكملها.

وقال وزير خارجية قطر الشيخ محمد بن عبد الرحمن آل ثاني، الذي يزور لبنان، للصحفيين في القصر الرئاسي يوم الثلاثاء “حملنا رسالة… وهي لحثّ الفرقاء على تغليب المصلحة الوطنية من أجل تشكيل حكومة وعندما يتم تشكيلها قطر مستعدة لدرس الخيارات كافة للمساعدة”.

وأضاف “أي برنامج اقتصادي لدعم لبنان يتطلب وجود حكومة”.

وفي عام 2008، استضافت قطر زعماء لبنانيين متنافسين وتوسطت في اتفاق الدوحة الذي أنهى 18 شهرا من الصراع السياسي وساهم في تجنب الانزلاق إلى حرب أهلية.

وردا على سؤال عما إذا كانت هناك أي وساطة قطرية مماثلة الآن، قال وزير الخارجية “لا مبادرة لدعوة السياسيين إلى الدوحة حاليا” لكن اللبنانيين محل ترحيب دوما في الدوحة.",,229,0,2,not credible,Source-Specific Artifacts / Boilerplate
source_123,credible,حملة تضامن واسعة مع الفنانة ريم غزالي,"أطلق جزائريون، مؤخرا، حملة تضامن واسعة مع الفنانة الجزائرية ريم غزالي التي أعلنت من عامين عن إصابتها بالسرطان.

وتصدرت بطلة مسلسل بولقرون الترند الجزائري على تويتر، مساء الثلاثاء بوسم #الله_يشفيك_ريم_غزالي.

وتم نشر نحو 5 آلاف تغريدة تعاطف ودعاء بالشفاء.

اللهم اشفيها وعافيها وازل عنها البلاء ياسميع الدعاء ربي اشفها شفاءً لايغادر سقمًا يامن تعيد للمريض صحته ويامن تستجيب الدعاء

اللهم اشفيها شفاء عاجلا غير آجل و البسها ثوب الصحة والعافيه 🤲🤲

طهور ان شاء الله

ربي يشفيك و يعافيك 🙏🙏

دعواتكم لها احبابي#الله_يشفيك_ريم_غزالي pic.twitter.com/i4e1weZykG — Souhila Ben Lachhab 🇩🇿 (@SuhilaBnLachhab) March 2, 2021

يذكر أن ريم غزالي كانت قد أعلنت في العام 2019 عن إصابتها بالسرطان، وخضعت لعملية جراحية على مستوى الرأس بفرنسا.",,113,0,2,not credible,Source-Specific Artifacts / Boilerplate
source_41,not credible,منظمة الدفاع عن المستهلك ترفض الزيادة في سعر الحليب,[ad_1] أنقرة / شريفة تشتين - نازلي يوزباشي أوغلو – محمد طرهان / الأناضولقال وزير…,,15,2,1,undecided,Government & Official Statements
source_134,credible,غدا.. وصول 93 ألف جرعة من لقاح 'فايزر',"أعلن وزير الصحة فوزي المهدي اليوم الثلاثاء 16 مارس 2021، تلقي 2555 مواطنا تونسيا للقاح المضاد لفيروس كورونا، وهم من إطارات الصحة في القطاعين العام والخاص من جملة 9719 إطار صحي تمت دعوتهم للتلقيح من بينهم 1086 إطار صحي أجلوا التلقيح لأسباب مختلفة.

وكشف وزير الصحة أنّ غدا الأربعاء قد تصّل تونس أكثر من 93 ألف جرعة من تلقيح ""فايزر"" من منظومة ""كوفاكس""، كمّا ستصل 136.800 تلقيح من نوع ""استرازينيكا"" قريبا.

وأكّد أنّه لن يتم استخدام هذا النوع من التلقيح إلاّ إذا ثبتت عدم خطورته على حياة المواطنين، مشيرا إلى أنّ الوزارة تنتظر نتائج عمل اللجان العلمية التابعة لهيئة الاتحاد الاوروبي والمنظمة العالمية للصحة في الغرض.

وأضاف فوزي المهدي أنّ تونس ستتلقى في الأيّام القليلة القادمة الهبة الصينية المتمثلة في 200 ألف تلقيح من نوع ""سينوفاك"" وستصل أيضا الدفعة التي اقتنتها الدولة التونسية والمتمثلة في 100 الف جرعة تلقيح من فايزر.

كما أشار وزير الصحة إلى أنّه خلال شهر أفريل ستصل عدّة دفعات متتالية.

*أميرة محمد",,156,0,2,not credible,Government & Official Statements
source_86,credible,مبادرة تطوير الريف.. الوزراء: لن نحول القرية لمدينة لكن مستوى الحياة سيصبح أفضل,"قال المستشار نادر سعد، المتحدث الرسمي باسم مجلس الوزراء، إن أعمال تطوير القرى ضمن المبادرة الرئاسية لتطوير الريف ستشمل تحسين الخدمات الصحية بالوحدات الموجودة ضمن خطة التأمين الصحي الشامل، إضافة إلى المستشفيات المركزية بالمركز المستهدف بالتطوير.

وأضاف خلال مداخلة هاتفية لبرنامج «على مسؤوليتي» الذي يقدمه الإعلامي أحمد موسى عبر فضائية «صدى البلد»، مساء الثلاثاء، أن أعمال التطوير في إطار المبادرة الرئاسية تقوم على مستوى المركز، مشيرًا إلى تحسين الخدمات العامة بالمراكز فضلًا عن التطوير المباشر بالقرى.

وأوضح أن المسؤولين نظموا زيارة ميدانية لإحدى المركز المستهدفة بالتطوير للوقوف على ما يحتاجه من أعمال تطوير، إضافة إلى عقدهم حوار مجتمعي مع الأهالي لمعرفة طلباتهم، متابعًا: «مش هنحول القرية لمدينة، القرية هتظل قرية، ولكن قطعًا في نهاية المشروع مستوى الحياة بها سيكون أفضل من الحالي».

وعن المجمعات العمرانية، أشار إلى إنشاء نحو 30 مجمعا عمرانيا جديدا على مستوى الجمهورية في الفترة من 2014 حتى الآن، ذاكرًا أنه خلال الفترة من عام 1979 وحتى 2014 لم يتم إنشاء سوى 23 مجمعا عمرانيا.

ولفت إلى تخصيص مجلس الوزراء اليوم، لقطعة أرض لإنشاء مدينة نجع حمادي لجديدة على مساحة 25 ألف فدان، ذاكرًا أن مشروع تطوير القرى سيستفيد منه 58 مليون مواطن أي ما يصل إلى ثلثي سكان مصر.

وأكد وصول شبكات الصرف الصحي للقرى المحرومة من الخدمة خلال الـ3 سنوات التطوير ضمن مشروع تطوير القرى، مضيفًا أن هناك قرى بمحافظة قنا تعاني من فقر في الخدمات وسوء في مستوى المعيشة.",,225,0,1,undecided,Government & Official Statements
source_53,not credible,عيد ميلادها.. حلا شيحة مثيرة للجدل على السوشيال ميديا وحكاية زواجها الأخير,"Adver1

تحتفل الفنانة حلا شيحة، اليوم الثلاثاء بعيد ميلادها، حيث أنها من مواليد 23 فبراير، ويعد شهر فبراير عام هام فى حياة حلا شيحة لاسيما وأنها ولدت فيه، وكذلك احتفلت بزواجها الأخير المصدر:اليوم السابععيد ميلادها.. حلا شيحة مثيرة للجدل على السوشيال ميديا وحكاية زواجها الأخير المصدر اليوم السابع",,48,2,1,undecided,General/Other Ambiguous Context
source_73,credible,تأجيل إطلاق اول قمر صناعي تونسي ''تحدي واحد'',"تم تأجيل إطلاق أول قمر صناعي تونسي ''تحدي واحد'' من كازاخستان إلى الغد كتاريخ مبدئي في انتظار التاكيد من وكالة الفضاء الروسية، حسب ما صرح به الرئيس المدير العام لشركة تالنات محمد فريخة لشمس آف آم اليوم السبت 20 مارس 2021.

ويشار أنه كان من المفترض اطلاق القمر الصناعي صباح اليوم لكن تم تأجيله بسبب رياح قوية في بايكانور بكازاخستان، حسب تأكيدات فريخة.",,63,0,2,not credible,Government & Official Statements
source_95,credible,هذه هي التشكيلة الجديدة لأعضاء اللجن الدائمة للمجلس الأعلى للسلطة القضائية,"الدار / خاص

عقد المجلس الأعلى للسلطة القضائية أول أمس الثلاثاء، اجتماعه الأسبوعي، الذي درس فيه العديد من القضايا المتعلقة بتدبير الوضعية المهنية الفردية للقضاة، وفق ما أفاد به بلاغ للمجلس.

وأوضح البلاغ أنه “في سياق ديناميته المرتكزة على قيم الحكامة في التدبير والنجاعة في الأداء والشفافية في التواصل، عقد المجلس الأعلى للسلطة القضائية يوم الثلاثاء 13 أبريل 2021، موافق 30 شعبان 1442، اجتماعه الأسبوعي، الذي درس فيه العديد من القضايا المتعلقة بتدبير الوضعية المهنية الفردية للقضاة، والتي أكد بشأنها المجلس على التزامه التام وانخراطه الجاد في تدبيرها وفقا للضمانات والمعايير القانونية، وبمقاربة موضوعية تكرس استقلال السلطة القضائية وتصون مكانة القضاة، وتحمي قيم العدالة السامية ومبادئ الحياد والتجرد”.

وأضاف البلاغ أنه “خلال الاجتماع قام المجلس وفقا لنظامه الداخلي بتغيير الأعضاء المشكلين للجنه الدائمة، ولاسيما لجنة الأخلاقيات ودعم استقلال القضاة ولجنة إعداد الدراسات والتقارير ولجنة تدبير الوضعية المهنية للقضاة”.

وأشار إلى أن هذا الاجتماع تميز أيضا “بإحداث المجلس لثلاث لجان موضوعاتية جديدة وهي: اللجنة المكلفة بانتخابات ممثلي القضاة بالمجلس؛ ولجنة الرقمنة والتحديث؛ ولجنة مراجعة النظام الداخلي للمجلس وإبداء الرأي في القوانين التنظيمية للسلطة القضائية”.",,173,0,1,undecided,General/Other Ambiguous Context
source_47,credible,“عادل إمام” على جهاز التنفس الاصطناعي وعائلته توضح,"مرصد مينا – مصر

ضجت مواقع التواصل الاجتماعي بخبر مرفق بصورة للفنان المصري “عادل إمام” على جهاز التنفس الاصطناعي، زاعما إصابة الفنان الكبير بفايروس كورونا.

وسائل إعلام محلية نفت إصابة الممثل المصري الشهير بفايروس كورونا، وذكرت إنما هو مصاب بمرض ضيق التنفس المزمن منذ فترة نتيجة التدخين في السنوات الماضية.

وقالت إن أي مجهود ممكن أن يسبب له حالة من الإرهاق، وغالباً ما يستخدم جهاز التنفس الاصطناعي كي يبقى مستوى الأكسجين معتدلاً في الدم.

وأضافت أن الزعيم ملتزم تماماً بالتباعد الاجتماعي والاجراءات الاحترازية للوقاية منه، حتى أنه لا يستقبل أولاده وأحفاده أحياناً.

كذلك أشارت إلى أن “عادل إمام” يدرس موضوع تلقي لقاح فيروس كورونا بالتشاور مع طبيبه الخاص، مؤكدة أنه أيضا لم يصب باكتئاب بسبب الحجر كما تم تداوله.

من جهتها، نفت عائلة “عادل إمام” هذه الأنباء جملةً وتفصيلاً، وقال نجله الفنان “محمد إمام” في تصريحات لوسائل إعلام محلية، إن “الحالة الصحية لوالده جيدة للغاية. وما ينشر عن تدهور حالته الصحية غير صحيح مطلقا”.

وتابع إمام: “والدي متواجد في منزله ويتمتع بصحة جيدة. ويمارس حياته الطبيعية بشكل ممتاز، فضلاً عن أنه يمارس الرياضة يوميا وأن كل ما أشيع عارٍ تماما من الصحة”، مطالبا وسائل الإعلام بتحري الدقة فيما ينشر عن والده تحديدًا خاصة أنه رمز من رموز الفن في مصر، بحسب تعبيره.",,202,0,1,undecided,Health & COVID-19
source_100,credible,حزب الشعب يدعو جماهير شعبنا للمشاركة بالاعتصام والمؤتمر الصحفي الذي يعقد بالقدس اليوم,"توضيحية

رابط مختصر:

رام الله - دنيا الوطن

حزب الشعب يدعو جماهير شعبنا للمشاركة في الاعتصام والمؤتمر الصحفي الذي يعقد في القدس اليوم السبت دعا حزب الشعب الفلسطيني الى أوسع مشاركة في الاعتصام والمؤتمر الصحفي الذي ينظم ظهر اليوم السبت أمام مقر الصليب الأحمر الدولي في مدينة القدس المحتلة.



وقال فهمي شاهين، عضو المكتب السياسي لحزب الشعب في تصريح صحفي صباح اليوم السبت، إن الاعتصام والمؤتمر الصحفي الذي ينظم مع اقتراب 17 من نيسان/إبريل يوم الأسير الفلسطيني، يأتي من أجل إعلاء الصوت عالياَ ومجددا في وجه الاحتلال البغيض، وفي وجه هيئات مدعي ""العدالة والديمقراطية"" في العالم، من أجل تحمل مسؤولياتهم تجاه معاناة أسرى شعبنا في سجون الاحتلال الصهيوني، وإزاء ما يتعرضون له وعائلاتهم من جرائم منظمة، ولتعزيز أوسع دعم لهم في معركتهم المستمرة ضد الاحتلال، وفي الوقت ذاته للتأكيد عملياَ ومن قلب القدس، على رفض ومقاومة اجراءات الاحتلال في المدينة المقدسة عاصمة الدولة الفلسطينية، وحق أهلها في المشاركة الحرة والكاملة دون نقصان في العملية الانتخابية الفلسطينية بلا أي قيود من المحتل أو غيره.



ودعا شاهين باسم حزب الشعب إلى تعزيز وحدة شعبنا وتلاحمه، وإلى أوسع مشاركة ممكنة في الاعتصام والمؤتمر الصحفي الذي يعقد ظهر اليوم السبت 10/4/2021 في حي الشيخ جراح، واسناده بكل قوة ردا على ممارسات الاحتلال وأجهزة مخابراته ووكلائه وسماسرته من بياعين العقارات والاراضي العربية الفلسطينية، وعلى آخرين من المأزومين بمصالحهم الفئوية والشخصية.",,215,0,1,undecided,Source-Specific Artifacts / Boilerplate
source_7,not credible,الشيخ شمس الدين: احذروا من عمائم الأمريكية التي أقامت على أرضها سفارة عبرية,"أكد الشيخ شمس الدين بوروبي في مداخلته في منتدى ” الحوار” على أن فلسطين والمسجد الأقصى ليس مجرد إنتماء فقط بل هي قضية عقائدية بالدرجة الأولى.

وأشار شمس الدين إلى أن الكيان العبري اختزل القضية الفلسطينية بما تحمله من عمق انساني في مسألة الشرق الأوسط وفي قطاع غزة والضفة الغربية.

وهي كلها يقول بروربي مجرد ألاعيب صهيونية تريد تغليط الأجيال وإبعادها على قضيتهم الأم، مؤكدا على أن الحاخامات الكيان الصهيوني ترويض العالم أجمع وترسخ عقيدة هيكل سليمان عليه السلام، حتى تلهي الناس على قدوم المسيخ الدجال، وفي نيتهم أن اللحظة الحاسمة هي لحظة ولادة البقرة الحمراء، مشيرا إلى ان الكيان العبري قائم على الخرفات، حيث يعتقد أن العجل الأحمر علامة يرسلها الله لاقتحام مسجد الأقصى.

وأضاف قائلا: “احذروا من عمائم الأمريكية التي أقامت على أرضها سفارة عبرية والتي أفتت بالجهاد ضد الصهاينة حرام باعتبارهم من أهلب الكتاب ووضعت حركة حماس في خانة الإرهاب وأنها تتلاعب بمشاعر المواطينين الفلسطينين”.

أيوب.حيرش",,149,2,0,credible,Sports News
source_73,credible,الوزير: أكثر من 90% من تحاليل الـ 'PCR' مجانية,"أكّد مدير معهد باستور وعضو اللجنة العلمية لمجابهة فيروس كورونا، الهاشمي الوزير، أن أكثر من 90% من تحاليل الـ 'PCR' مجانية.

وأوضح الهاشمي الوزير اليوم الثلاثاء 16 مارس 2021، أن سعر التحاليل بي سي آر مقنن لكن التحاليل التي تم إجراؤها في المستشفيات والمراكز العمومية مجانية.",,46,0,2,not credible,Government & Official Statements
source_15,credible,امهات يتظاهرن في بيروت ضد الطبقة السياسية في لبنان,"بيروت – الناس نيوز :

نظمت حوالى 100 من الأمهات مسيرة السبت في العاصمة اللبنانية تعبيرا عن سخطهن وغضبهن من الطبقة السياسية الحاكمة في بلد يشهد أزمة اقتصادية وسياسية خطيرة.

وكتب على لافتات رفعتها نساء بعضهن برفقة أولادهن “سرقتوا أموالنا ومستقبل أولادنا #إرحلوا”.

وكتب على لافتة “أحلى هدية بعيد الأمهات هي إنكن (أن) ترحلوا” بحيث يصادف عيد الام الأحد في لبنان. وفق فرنس برس .

وانطلقت مسيرة نسائية لمناسبة عيد الأم، من جادة بشارة الخوري وعبرت عدة أحياء في العاصمة وسط شعارات مناهضة للسلطة، في اتّجاه مرفأ بيروت الذي أدى انفجار فيه إلى سقوط أكثر من 200 قتيل في آب/أغسطس ونسب سببه إلى اهمال السلطات.

وقالت ندى أغا لفرانس برس “كلّهم مجرمو حرب، كلهم أمراء حرب” في إشارة إلى المسؤولين الحاليين الذين كانوا زعماء مليشيات مسلحة خلال الحرب الأهلية (1975-1990).

وأضافت “يتقاسمون الحصص منذ 30 سنة (…) وأخيرا فجرونا وسرقوا أموالنا. نريد بأن يرحلوا!”.

من جهتها قالت بيترا صليبا وهي متظاهرة في الخمسين من العمر “هم دمروا البلد. من المستحيل أن يكون هناك أي حل طالما أنهم في الحكم”.

وتابعت “نريد تدميرهم كما فعلوا بنا”.

ومنذ خريف 2019 يشهد لبنان أزمة مالية غير مسبوقة دفعت بالمصارف على فرض قيود قاسية على المودعين.

وفقدت العملة الوطنية 90% من قيمتها في السوق السوداء في حين تبخرت آلاف الوظائف. ووفقا للامم المتحدة يعيش أكثر من 55% من اللبنانيين البالغ تعدادهم أربعة ملايين تحت عتبة الفقر.

ولم تكن دعوات الاسرة الدولية والضغوط المحلية كافية لحمل الطبقة السياسية على اتخاذ التدابير العاجلة الضرورية لوقف الانهيار.

والحكومة الحالية التي استقالت بعد انفجار مرفأ بيروت، تتولى تصريف الأعمال. ولم يتم تشكيل حكومة جديدة حتى الآن.",,258,0,2,not credible,Source-Specific Artifacts / Boilerplate
source_8,not credible,تمديد الحجر المنزلي لـ 21 يومًا بـ 19 ولاية,"قرّر الوزير الأول عبد العزيز جراد ،اعتماد تدابير بعنوان جهاز تسيير الأزمة الصحية الـمرتبطة بجائحة فيروس كورونا {كوفيد ــ 19}.

حسب بيان للوزارة الاولى فتتمثل هذه التدابير في تمديد إجراء الحجر الجزئي الـمنزلي لـمدة واحد وعشرون (21)يومًا، على النحو الآتي:

تطبيق إجراء الحجر الجزئي الـمنزلي من الساعة منتصف الليل (00h00) إلى غاية الساعة الرابعة(04h00) صباحا، على الولايات التسع عشر (19) الآتية: أدرار، الأغواط، باتنة، بجاية، البليدة، تبسة، تيزي وزو، الجزائر العاصمة، جيجل، سطيف، سيدي بلعباس، قسنطينة، الـمسيلة، ورقلة، وهران، بومرداس، الوادي، تيبازة، وتقرت.

و حسب البيان لا يخص إجراء الحجر الجزئي الـمنزلي الولايات التسعة والثلاثين(39) الآتية: الشلف، أم البواقي، بسكرة، بشار، البويرة، تمنراست، تلمسان، تيارت، الجلفة، سعيدة، سكيكدة، عنابة، قالـمة، الـمدية، مستغانم، معسكر، البيض، إليزي، برج بوعريريج، الطارف، تندوف، تيسمسيلت، خنشلة، سوق أهراس، ميلة، عين الدفلى، النعامة، عين تموشنت، غرداية، غليزان، تميمون، برج باجي مختار، أولاد جلال، بني عباس، إن صالح، إن قزام، جانت، الـمغير، والـمنيعة.

وتجدر الإشارة إلى أن تدابير الحجر هذه ستدخل حيز التطبيق ابتداء من يوم السبت أول ماي 2021 .

ويمكن للولاة، بعد موافقة السلطات الـمختصة، اتخاذ كل التدابير التي تقتضيها الوضعية الصحية لكل ولاية، لاسيما إقرار أو تعديل أو ضبط مواقيت حجر جزئي أو كلي يستهدف بلدية، أو مكانًا، أو حياً أو أكثر، يشهد بؤرًا للعدوى.

وبهذا الصدّد، فإن الوزارة الأولى تدعو الـمواطنين لـمضاعفة اليقظة، والحفاظ على أقصى درجة من التعبئة في مكافحة انتشار وباء فيروس {كوفيد ــ 19} في بلادنا، من خلال مواصلة التقيّد الصارم بالتدابير الوقائية الـموصى بها، على غرار التباعد الجسدي، والارتداء الإجباري للقناع، وغسل اليدين باستمرار.",,245,2,0,credible,Government & Official Statements
source_27,not credible,التلاميذ من ذوي الاحتياجات الخاصة غير معنيون بامتحانات “السانكيام”,"كشفت تعليمة لمديرية التعليم المتخصص والتعليم الخاص الموجهة لمديري التربية، أنه تقرر إعفاء كل تلميذ في السنة الخامسة ابتدائي معوق حسيا “الصم والبكم والمكفوفين” أو ذهنيا “من المصابين باضطراب التوحد والتريزوميا 21″، من اجتياز امتحان نهاية مرحلة التعليم الابتدائي دورة 2021.

ويكون الانتقال إلى السنة الأولى متوسط باحتساب المعدل السنوي للتقويم المستمر الذي يكون مساويا أو يفوق 05/10، بعد الرجوع إلى الملف الصحي للتلميذ.

كما يمكن لذات التلميذ اجتياز امتحان نهاية شهادة التعليم الابتدائي إن رغب في ذلك، وفي حالة رسوبه يطبق عليه الإجراء الاستثنائي للانتقال إلى القسم الأعلى.

وأكدت التعليمة أن ذوي الاحتياجات الخاصة في الطور المتوسط معنيون كأقرانهم باجتياز امتحان شهادة التعليم المتوسط، في حين يطبق عليهم الإجراء الاستثنائي للانتقال إلى السنة الأولى ثانوي باحتساب المعدل السنوي للتقويم المستمر الذي يكون مساويا أو يفوق 10/20.

ودعت الوصاية المديرين لموافاتها بالوضعية الإحصائية عن التلاميذ المستفيدين من الإجراء حسب الإعاقة قبل تاريخ 30 جوان الجاري.",,145,2,0,credible,General/Other Ambiguous Context
source_134,credible,عبو لوزير المالية: ''انت قدّام إفلاس بلاد وتضحك ببرودة دمّ ..'',"انتقدت النائب عن الكتلة الديمقراطية سامية عبو اليوم الثلاثاء 8 جوان 2021 خلال جلسة عامة، تصريحات وزير الاقتصاد المالية علي الكعلي التي أكد من خلالها أن ""تونس لديها ممتلكات يمكن بيعها كأحد الحلول للأزمة الاقتصادية الحالية"".

ووصفت تصريح الكعلي بـ""الخطيرة جدّا وقد تتسبب في قدوم الكوميسيون المالي إلى تونس""، متوجهة له بالقول ""من أين تأتي ببرودة الدم والضحك وأنت أمام إفلاس بلاد؟... أنا أحسدك على هذه الطباع"".

كما انتقدت عبو، توجه الحكومة الحالية إلى رفع الدعم، معتبرة أنه سيتسبب في أضرار لكل التونسيين بجميع طبقاتهم الاجتماعية.

*خليل عماري",,88,0,2,not credible,Government & Official Statements
source_35,not credible,بدء إعطاء لقاح كورونا لموظفي القطاع العام,"الأردن اليوم: تبدأ وزارة الصحة، اليوم الاثنين، إعطاء اللقاح المضاد لفيروس كورونا لموظفي القطاع العام، في أماكن عملهم.

بداية الحملة ستكون بتطعيم موظفي قصر العدل

الحملة كما تقول وزارة الصحة تهدف الى تطعيم أكبر عدد من ممكن الفئات المستهدفة وخاصة التي تعمل مباشرة مع الجمهور.",,45,2,1,undecided,Government & Official Statements
source_82,undecided,سطيف: تنصيب سليم لرقم مديرا للشؤون الدينية والأوقاف — النهار أونلاين,"قام اليوم الأحد، والي ولاية سطيف، كمال عبلة، بتنصيب سليم لرقم، كمدير للشؤون الدينية والاوقاف لولاية سطيف.

وتم تنصيب سليم لرقم، كمدير للشؤون الدينية والاوقاف بسطيف، خلفا لـ “عمر تناح” الذي حول لشغل نفس المنصب ببسكرة.",,36,1,0,credible,Source-Specific Artifacts / Boilerplate
source_55,credible,المهندس فهد بن محمد يصدر قرار بتكليف المهندس مازن بخرجي وكيلا للتعمير والمشاريع,"صحيفة وصف :أصدر معالي أمين المنطقة الشرقية المهندس فهد بن محمد الجبير قرار يقضي بتكليف المهندس مازن بن عادل بخرجي وكيلا للتعمير والمشاريع بالأمانة.

من جهته رفع المهندس مازن بخرجي خالص شكره وامتنانه لمعالي أمين المنطقة الشرقية، مؤكداً في الوقت نفسه اعتزازه بهذه الثقة التي تستوجب بذل المزيد من الجهد والعطاء لخدمة الوطن، معتبراً هذه الثقة مسؤولية هامة لتقديم واجب وطني وفق تطلعات القيادة الحكيمة حفظها الله.

ويعد المهندس مازن بخرجي من أحد قيادات العمل البلدي بأمانة المنطقة الشرقية، وتولى عدد من المناصب القيادية بالأمانة خلال السنوات الماضية والتي كان آخرها وكيل الأمين المساعد للتعمير والمشاريع، حيث تولى الإشراف على عدد من المشاريع الخدمية والتنموية.

وأكد م. بخرجي أنه سيعمل على مواصلة العمل وبذل المزيد من الجهد في مهامه الجديدة في وكالة التعمير والمشاريع لمواصلة مسيرة التنمية في المنطقة.",,129,0,1,undecided,General/Other Ambiguous Context
source_89,undecided,الخارجية: الأردن يواصل جهوده لوقف الانتهاكات الإسرائيلية في المسجد الأقصى,"عمّان– أكدت وزارة الخارجية وشؤون المغتربين أن المملكة تواصل جهودها وتحركاتها على أكثر من مستوى لوقف الانتهاكات الإسرائيلية في المسجد الأقصى المبارك / الحرم القدسي الشريف، والانتهاكات ضد المقدسيين في القدس الشرقية المحتلة.

وأوضح الناطق الرسمي باسم الوزارة السفير ضيف الله الفايز أن المملكة وانطلاقا من الوصاية الهاشمية التاريخية على المقدسات الإسلامية والمسيحية في القدس ستواصل تكريس كل إمكانياتها لحماية المقدسات وهويتها العربية الإسلامية والمسيحية والوضع القائم التاريخي والقانوني فيها والتصدي للاعتداءات الإسرائيلية.

وأكد الفايز أن الوزارة في اشتباك يومي مع السلطات الإسرائيلية، القوة القائمة بالاحتلال في القدس الشرقية، لوقف الانتهاكات ووقف الاعتداءات على المسجد الأقصى المبارك والمصلين. وأضاف أن الوزارة حذرت الجانب الإسرائيلي من مغبة الاستمرار في الانتهاكات وطالبت بوقفها وبأن تتقيد إسرائيل بالتزاماتها وفق القانون الدولي والقانون الدولي الإنساني وأن تحترم الوضع القائم التاريخي والقانوني. كما بين أن الوزارة نقلت احتجاجها للسلطات الإسرائيلية على ما تعرض له الحرم من انتهاكات خاصة في الليلتين الماضيتين.

وقال الفايز الوزارة على تواصل مستمر مع الأشقاء في دولة فلسطين لتنسيق المواقف والتحركات الإقليمية والدولية المستهدِفة مواجهة الممارسات والاعتداءات الإسرائيلية في القدس المحتلة وبلورة مواقف دولية ضاغطة تجبر السلطات الإسرائيلية على وقف انتهاكاتها ضد المسجد الأقصى المبارك، وأن جهود المملكة مستمرة بالتواصل مع المجتمع الدولي لحثه على القيام بمسؤولياته للضغط على إسرائيل لوقف اعتداءاتها.

وقال الفايز إن ما تقوم به الشرطة والقوات الخاصة الإسرائيلية من انتهاكات ضد المسجد واعتداءات على المصلين تصرف همجي مرفوض ومدان، وطالب السلطات الإسرائيلية بالكف عن انتهاكاتها واحترام حرمة المسجد وحرية المصلين والوضع القائم التاريخي والقانوني .

وبخصوص حي الشيخ جراح، أوضح الفايز أن الوزارة وفي إطار الجهود المستمرة لإسناد الأهالي للحفاظ على ممتلكاتهم الشرعية في حي الشيخ جراح، قامت بتوجيه مذكرة رسمية لوزارة الخارجية الإسرائيلية عبرت فيها عن رفض الحكومة الأردنية محاولات السلطات الإسرائيلية تهجير أهالي حي الشيخ جراح من منازلهم وتأكيدها أن المقدسيين يعاملون معاملة السكان المحميين بموجب القانون الدولي والقانون الدولي الانساني وبالتالي لا يحق للسلطات الإسرائيلية تهجيرهم قسريا من منازلهم، وأن تهجيرهم يعد انتهاكاً للقانون الدولي الإنساني. كما أكدت المذكرة بطلان سريان قرارات المحاكم الإسرائيلية على القدس الشرقية المحتلة استناداً للقانون الدولي الإنساني. كما دعت المذكرة السلطات الإسرائيلية إلى احترام أحكام القانون الدولي حول هذه القضية، واحترام حق الأهالي في منازلهم والتي سكنوها بعد توقيع اتفاقيات بين الحكومة الأردنية وأرباب العائلات في العام 1956، وهو حق مستمر وساري المفعول في ظل وقوع سلطة الاحتلال، واحترام وضعية هذه الأملاك وحق الأهالي بها وعدم المساس بها وأن هذه الحقوق للعائلات في الأملاك ما زالت قائمة ولم يتم انهاؤها من قبل الحكومة الأردنية في أي وقت كان.

وأوضح الفايز أن الوزارة تأمل بأن تساهم هذه المذكرة إضافة لما تم تقديمه من وثائق وعقود وكشوفات واتفاقيات في إسناد الأهالي للحفاظ على حقوقهم الشرعية في المنازل التي يملكونها. وتابع أن المملكة وانطلاقا من مواقفها الثابتة والراسخة بدعم حقوق الشعب الفلسطيني وتثبيت المقدسيين في أرضهم ومنازلهم تتابع القضية منذ بدايتها، وفي هذا الإطار فإنها تواصل حشد الدعم الدولي لقضية أبناء حي الشيخ جراح ولبلورة موقف دولي ضاغط على إسرائيل لوقف تنفيذ الإجراءات .

وأضاف الفايز أن الوزارة ومنذ البداية وجهت سفراءها في عواصم العالم وبالتنسيق مع الأشقاء في دولة فلسطين والدول العربية لمواصلة التحرك مع الحكومات والمسؤولين ومجلس الأمن ومجلس حقوق الإنسان ومؤسسات الاتحاد الأوروبي لحثهم على اتخاذ المواقف اللازمة لمنع إسرائيل من المضي في الإجراءات.

يُذكر أن المملكة قدمت طلباً مشتركاً مع دولة فلسطين إلى جامعة الدول العربية لعقد دورة غير عادية لمجلس الجامعة على المستوى الوزاري يوم الثلاثاء المقبل.",,540,1,2,not credible,Source-Specific Artifacts / Boilerplate
source_44,credible,مشيشي يعلن رفع القيود التي تحد من إقامة المواطن الليبي في تونس,"أعلن رئيس الحكومة التونسية، هشام مشيشي، أمس الأحد من ليبيا، أنه تقرر رفع كل القيود التي تمنع أو تحد من إقامة المواطن الليبي في تونس أو من تنقله.

وأكد مشيشي، لدى افتتاحه المنتدى والمعرض الليبي التونسي بطرابلس، على معاملة المواطن الليبي مثل المواطن التونسي قائلا ""المواطنون التونسيون والليبيون أشقاء وهذه ليست شعارات فحسب بل سيتم تفعيلها على مستوى التراتيب والتشريعات على أرض الواقع"".

وأضاف، في ذات السياق، أن كل العراقيل التي كانت موجودة في السابق لم يعد لها أي مبرر بما سيمكن من تشجيع التنقل بين المواطنين وحركة الأموال والاستثمارات وهو ما من شأنه أن يساعد على إنجاز الوحدة الاقتصادية الحقيقية.

ولفت مشيشي إلى وجود تطابق تام في وجهات النظر بين المسؤولين في ما يتعلق بالعلاقات التونسية الليبية وبتسريع وتسهيل إجراءات التنقل مضيفا أن ""ما يجمع البلدين علاقات إنسانية وحضارية وتاريخية ودورنا المراهنة على هذه المزايا لبناء اقتصاد موحد ومتكامل يرجع بالنفع على تونس وليبيا"".

واعتبر رئيس الحكومة، أن الدورة الاولى للمعرض الليبي التونسي، الذي ينتظم على مدى 3 أيام ببادرة من مجلس الأعمال التونسي الافريقي بمشاركة أكثر من 150 شركة و1200 مستثمر، تمثل ""الانطلاقة للديناميكية الحقيقية"".",,177,0,1,undecided,Government & Official Statements
source_69,not credible,محاولة اقتحام مبنى البرلمان..والأمن يتصدى (صور),"لال الوقفة المساندة للشّعب الفلسطيني أمام مقرّ مجلس نوّاب الشّعب بباردو اليوم الثّلاثاء حاول عدد من المشاركين في الوقفة اقتحام مبنى البرلمان بعد إزالة الحواجز الأمنية والأسلاك الشائكة التي تمّ وضعها بالسّاحة الأمامية للباب الرئيسي للمبنى.

المشاركون في هذه الوقفة طالبوا مجلس نوّاب الشّعب بالإسراع بسنّ قانون يجرّم التّطبيع مع الكيان الصّهيوني، هذا وقد تدخلت الوحدات الأمنية المرابطة على عين المكان وقامت بصدّ المحتجين ومنعهم من اقتحام مبنى البرلمان.",,69,2,1,undecided,Government & Official Statements
source_73,credible,الناطق باسم حماس: 'أي اشتراط لإعادة إعمار غزة مقابل تبادل الاسرى أمر غير مقبول',"أعلن الناطق باسم حركة حماس سامي أبو زهري اليوم الإثنين 31 ماي 2021 رفض حركة المقاومة الإسلامية لأي اشتراط لإعادة إعمار غزة مقابل صفقة تبادل الأسرى.

وخلال ندوة صحفية واكبتها شمس أف أم، اعتبر سامي أبو زهري هذا الشرط أمرا غير مقبول.

وأوضح أن اتفاق وقف اطلاق النار، مرتبط بمدى التزام الكيان الصهيوني بوقف الاعتداءات والعدوان على المسجد الأقصى وأهالي القدس.",,61,0,2,not credible,General/Other Ambiguous Context
source_39,credible,إسبانيا ترفع القيود عن اللبنانيين: شروط الدخول إليها,"أعلنت إسبانيا اليوم السبت 26 حزيران، رفعها القيود المفروضة على السفر من لبنان إلى إسبانيا.

وأعلنت شركة طيران الشرق الأوسط أن إسبانيا سمحت للبنانيين من حملة تأشيرة سياحية بدخول أراضيها، بعدما كانت قد سمحت بذلك كل من فرنسا، قبرص، ألمانيا، الدنمارك، اليونان، بلجيكا، وهولندا.

ولا حاجة بعد إلى التطعيم أو إجراء اختبار PCR أو Antigen شرطاً إلزامياً للدخول إلى إسبانيا (بما في ذلك للأطفال). وصار المتبع هو فقط تعبئة الإستمارة الخاصة بالراكب ""Spain Travel Health Form"" مع QR code لإبرازها عند الوصول.

يخضع جميع مواطني الدول لفحص صحي عشوائي عند الوصول، ولن يسمح لأي مسافر لا يستوفي شروط الرقابة الصحية لـ COVID-19 التي وضعتها وزارة الصحة، بالدخول إلى إسبانيا، وذلك لأسباب تتعلق بالصحة العامة.",,114,0,2,not credible,Government & Official Statements
source_1,credible,هل يستعيد الوداد الرياضي صدارة الدوري من بوابة الدفاع الجديدي؟,"يستضيف الوداد الرياضي نظيره الدفاع الحسني الجديدي اليوم الأربعاء، على أرضية مركب محمد الخامس انطلاقا من الساعة الخامسة عصرا، برسم مؤجل الدورة 17 من البطولة الاحترافية المغربية.



ويدخل الفريق الأحمر عازما على تحقيق الانتصار في لقاء اليوم لاستعادة الصدارة التي يحتلها الرجاء الرياضي بفارق نقطة واحدة عنه.



وسيكون بإمكان فوزي البنزرتي الاعتماد على كافة عناصره الأساسية باحتساب اللاعبين المتواجدين مع المنتخب الوطني، حيث رخصت الجامعة الملكية المغربية لكرة القدم لهم بالمشاركة في مواجهة اليوم.

𝗔𝘆𝗼𝘂𝗯 𝗘𝗹 𝗔𝗺𝗹𝗼𝘂𝗱 👏

Good apparition on your first game with national Moroccan team. ❤️🇲🇦#DimaWydad pic.twitter.com/UUYJ0zyJtx — Wydad Athletic Club (@WACofficiel) June 9, 2021



في مقابل ذلك، يبحث الدفاع الحسني الجديدي عن نتيجة إيجابية من أجل الابتعاد أكثر عن منطقة الخطر إذ يحتل حاليا المركز 11 بفارق 5 نقاط عن أول مركز آيل للسقوط.



وتجرى اليوم أيضا مباراة مؤجلة لحساب الدورة 21 ستجمع بين نهضة بركان ويوسفية برشيد. الفريق البرتقالي يطمح للفوز من أجل تعزيز انتصاره في ديربي الشرق والاقتراب أكثر من المركز الثالث الذي تفصله عنه 6 نقاط، فيما يرغب ""أولاد حريز"" في الفوز أيضا من أجل التخلي عن المركز ما قبل الأخير الذي يحتلونه برصيد 19 نقطة.",,183,0,1,undecided,Sports News
source_131,credible,شركة IND: مساهمتنا في مجمع بنبان خفضت انبعاثات الكاربون بـ267.7 ألف طن سنويًا (فيديو),"مجمع بنبان للطاقة الشمسية بأسوان

قال المهندس إبراهيم زاهر، الرئيس التنفيذي لشركة IND للإنشاءات والطاقة الشمسية، إن مساهمة الشركة في مشروع مجمع بنبان للطاقة الشمسية بأسوان، خفضت انبعاثات الكربون بنحو 267 ألف طن سنويًا، وهو ما يعد إنجازًا كبيرًا في حد ذاته.

جاءت تصريحات زاهر، في الفيلم، الذي نشرته وزارة التعاون الدولي، في إطار حملتها الرقمية ""المبتكرون لمستقبل أفضل""، والتي تهدف إلى إظهار مشاركة القطاع الخاص في الجهود التنموية، والشراكات الناجحة بين القطاعين الحكومي والخاص، لتنفيذ أجندة التنمية الوطنية، وتحقيق مستقبل مستدام، ودفع التحول نحو الاقتصاد الأخضر.

وأضاف زاهر، أن الشركة بدأت عملها في عام 2009 للعمل في مجال الإنشاءات قبل أن تضم لنشاطها الطاقة الشمسية في عام 2014 عندما أصدرت الدولة قانون الطاقة المتجددة لدعم مشاركة القطاع الخاص في هذه النوعية من المشروعات وتشجيع جهود التحول نحو الاقتصاد الأخضر، موضحًا أن التمويل الذي حصلت عليه الشركة من الصندوق السعودي للتنمية، كان ميسرًا للغاية وساهم بشكل قوي في تعزيز قدرة الشركة على العمل في المشروع .

وتابع: حجم الأعمال التي قامت بها الشركة في مجمع بنبان بأسوان كانت تستلزم 1600-1700 عامل يوميًا، وهو ما كان يستلزم تدفقات مالية ضخمة، ساهم في توفيرها الصندوق السعودي للتنمية؛ وهو ما مثل داعمًا لقدرات الشركة للمساهمة في هذا المشروع القومي الضخم .

يذكر أن وزارة التعاون الدولي، أطلقت، اليوم، حملة رقمية عالمية، تهدف إلى إظهار مشاركة القطاع الخاص في الجهود التنموية، والشراكات الناجحة بين القطاعين الحكومي والخاص، لتنفيذ أجندة التنمية الوطنية، وتحقيق مستقبل مستدام، ودفع التحول نحو الاقتصاد الأخضر.

وتأتي الحملة التي تحمل عنوان «المبتكرون لمستقبل أفضل»، في إطار المبدأ الثالث من مبادئ الدبلوماسية الاقتصاية، وهو سرد الشراكات الدولية، والذي تسعى وزارة التعاون الدولي من خلاله للترويج للجهود والقصص التنموية، والشراكات الدولية الناجحة، وإبراز المشاركات الفريدة بين القطاعين الحكومي والخاص في مختلف المشروعات التنموية، وذلك في إطار ثلاثة عوامل هي المواطن محور الاهتمام والمشروعات الجارية والهدف هو القوة الدافعة.

ومن المقرر أن تتضمن الحملة الترويجية، مشاركات من القطاع الخاص حول ما تم من مشروعات خلال الفترة الماضية، وكذلك رواد الأعمال، بالإضافة إلى الشركات الصغيرة والمتوسطة التي تعد قوة كامنة في الاقتصاد المصري ومحرك رئيسي للنمو الاقتصادي وعامل حيوي في خلق مستقبل مستدام؛ وتستخدم الحملة الرقمية وسائل التواصل الاجتماعي بما في ذلك منصة ""فيسبوك"" و""انستاجرام"" و""لينكد إن""، لتسرد من خلال هذه المنصات لملايين الشباب والمواطنين أهمية هذه الشراكات ودورها في خلق فرص العمل وتحقيق التنمية .",,371,0,1,undecided,Government & Official Statements
source_15,credible,36 منظمة سورية وعربية ترشح المحامي خليل معتوق لنيل جائزة فرونت لاين,"ميشيل شماس – الناس نيوز :

تعرب المنظمات الموقعة على هذا الطلب عن دعمها الكبير لترشيح المحامي السوري والناشط الحقوقي البارز الأستاذ خليل مرعي معتوق لجائزة “فرونت لاين”، الذي تعرّض للاختفاء القسري على أحد الحواجز الأمنية التابعة للنظام في سوريا بتاريخ 2 / 10 / 2012 أثناء توجهه لمكتبه، ولا يزال مصيره ومكان اعتقاله مجهولا حتى الآن.

لقد كان الزميل المحامي خليل معتوق (62 عاماً) قبل اختفائه القسري يشغل منصب المدير التنفيذي للمركز السوري للدراسات والأبحاث القانونية ورئيس هيئة الدفاع عن معتقلي الرأي والضمير في سوريا.

الزميل خليل معتوق لم يخش الاعتقال أبداً، بل كان يتوقعه، وبقي مؤمنًا ومخلصًا لرسالته في الدفاع عن حقوق الإنسان في سورية، وهو لم يتوان لحظة واحدة في التطوع للدفاع عن أي معتقل سياسي أو ناشط حقوقي يسمع أنه تعرّض للاعتقال، ومنذ أواخر الثمانينيات وحتى تاريخ اعتقاله لعب دوراً بارزاً في الدفاع عن حقوق الإنسان في سوريا، ولم تثنه كل التهديدات والاستدعاءات الأمنية التي كان يتعرض لها بين الحين والآخر عن مواصلة نضاله الحقوقي والإنساني الذي امتد لأكثر من عشرين عاماً دافع خلالها عن آلاف المعتقلين السوريين، إضافة إلى مئات من المعتقلين العرب لا سيما من الفلسطينيين واللبنانيين والأردنيين والعراقيين.

الزميل خليل معتوق، بإيمانه المطلق بقيمة الإنسان وحريته، وبجهوده الكبيرة التي بذلها في سبيل إعلاء راية حقوق الإنسان في سورية حتى لحظة اعتقاله، أصبح اليوم يمثل ضمير كل سوري وسوريّة، وكل إنسان في هذا العالم يتطلع نحو الكرامة والحرية. وأصبح أيضاً يمثل أيقونة الحق والشجاعة في مهنة المحاماة والدفاع عن حقوق المظلومين.

الزميل خليل معتوق هذا الإنسان الرائع الذي أمضى أكثر من عشرين عاماً من حياته، وهو يدافع عن المضطهدين والمعتقلين في سجون الأسد بصرف النظر عن آرائهم وانتماءاتهم وألوانهم وأجناسهم، هو الآن وعشرات الآلاف من المعتقلات والمعتقلين يحتاجون إلى دعمنا جميعًا لإنقاذهم من جحيم التعذيب والموت في معتقلات وسجون النظام في سوريا.

إن المنظمات الموقعة على هذا الطلب تعلن دعمها الكامل لترشيح الزميل المناضل خليل معتوق لنيل جائزة فرونت لاين، هذا الزميل الذي دفع وما زال يدفع أثماناً باهظة من حياته وحريته معتقلاً في سجون الأسد بسبب دفاعه الجريء عن حقوق الإنسان في سوريا.

وإن تكريم الزميل خليل معتوق يمثل تكريماً لجميع المدافعين عن حقوق الإنسان في سوريا الذين يتعرضون اليوم لأبشع وأقسى عمليات الاضطهاد والملاحقة ويشجعهم على مواصلة النضال من أجل الدفاع عن حقوق الانسان.

إن الزميل خليل معتوق يجب أن يكّرم لا أن يُعتقل.

المنظمات الموقعة:

1- المركز السوري للدراسات والأبحاث القانونية.

2- هيئة الدفاع عن معتقلي الرأي والضمير في سورية.

3- مجموعات ملفات قيصر Caesar Files Group

4- مركز الخليج لحقوق الإنسان.

5- الرابطة السورية للدفاع عن حقوق الإنسان.

6- المركز السوري للإعلام وحرية التعبير.

7- المنظمة العربية للإصلاح الجنائي.

8- مركز لاهاي لملاحقة المجرمين ضد الإنسانية.

9- مركز دراسات الجمهورية الديمقراطية.

10- منظمة سوريون مسيحيون من أجل السلام.

11- الشبكة السورية لحقوق الإنسان.

12- المنظمة السورية لحقوق الإنسان (سواسية )

13- المؤسسة اللبنانية للديمقراطية وحقوق الإنسان (لايف).

14- مركز وصول لحقوق الإنسان.

15- مركز أمل للمناصرة والتعافي.

16- المركز اللبناني لحقوق الإنسان.

17- الرابطة السورية للمواطنة.

18- مؤسسة اليوم التالي.

19- دولتي Dawlaty

20- منظمة جنى وطن.

21- شبكة المرأة السورية.

22- المنظمة الدولية للمعتقلات.

23- نوفوتوزون Nophotozone

24- منظمة أورنامو Urnammu

25- مؤسسة التآخي لحقوق الإنسان Birati

26- عائلات من أجل الحرّية Families For Freedom

27- رابطة عائلات قيصر Caesar Familiaes Association

28- الرابطة السورية لحقوق الإنسان Syrian League for Human Rights

29- منظمة مساواة – مركز دراسات المرأةmusawa

30- الأرشيف السوري Syrian Archive

31- The Syria Campaign

32- من أجل سوريا For a free and peaceful Syria.

33- Center Now Culture

34- المساحة مشتركة –The Common space

35- Fraternity Foundation for Human Rights

36- النساء الآن من أجل التنمية- Women Now for Developmen",,585,0,2,not credible,Source-Specific Artifacts / Boilerplate
source_7,not credible,فيصل زيتوني يأمر بتسريع أشغال موقع 724 مسكن “عدل” بعنابة,"واصل فيصل زيتوني المدير العام المكلف بتسيير مصالح الوكالة الوطنية لتحسين السكن و تطويره عدل، ، معاينة مشاريع عدل عنابة حيث تفقد مشروع 1077 مسكن عدل القنطرة ورافقه في هذه الزيارة المدير الجهوي لوكالة عدل عنابة.

ووجه المدير العام تعليمات صارمة لشركة الإنجاز من أجل الإنتهاء من الأشغال الداخيلة في ظرف لايتعدى الشهرين ونصف كما دعا رؤساء المشاريع إلى ضرورة التنسيق مع مكاتب الدرسات ووضع مخطط عمل يضمن سيرورة الأشغال وتكثيف الدوريات بذات المشروع مع مراقبة وجودة السكنات، مع الالتزام بتعليماته من تفادي التأخر في الاشغال",,86,2,0,credible,General/Other Ambiguous Context
source_86,credible,تفاصيل مصرع عنصر إجرامي وإصابة أمين شرطة خلال تبادل لإطلاق النار بدمياط,"أنا معجب بالشروق بالفعل، لا تظهر هذه الرسالة مرة أخرى

لقي عنصر إجرامي مصرعه، وأصيب شرطي بطلق ناري خلال تبادل لإطلاق النار مع الشرطة بدمياط.

ووردت معلومات وتحريات لقطاع الأمن العام بإشراف اللواء علاء الدين سليم، باختباء (أحد العناصر الإجرامية، له معلومات جنائية، ومحكوم عليه بـ62 سنة حبس، ومقيم بدائرة مركز شرطة المنزلة بالدقهلية )، بمنزل كائن بدائرة مركز شرطة فارسكور بدمياط.

وبتقنين الإجراءات تم استهدافه بحملة مُكبرة برئاسة قطاع الأمن العام، ومشاركة إدارتي البحث الجنائي بمديريتي أمن (دمياط، الدقهلية) مدعومة بمجموعات من قطاع الأمن المركزي، ولدى استشعاره بالقوات بادر بإطلاق أعيرة نارية تجاههم، على الفور بادلته القوات بالمثل مما نتج عنه إصابة أمين شرطة من قوة وحدة مباحث مركز شرطة دمياط، بعيار ناري وتم نقله للمستشفى.

كما نتج عن ذلك مصرع العنصر الإجرامى إثر إصابته بعدة أعيرة نارية متفرقة بالجسم، وعثر بجواره على ( بندقية آلية - وطبنجة - و16 طلقة مختلفة الأعيرة ) وعثر بجوار المنزل على سيارة ملاكي، والتى يستخدمها فـي تنقلاته.

ويأتي ذلك في إطار جهود أجهزة وزارة الداخلية برصد البؤر الإجرامية، وضبط العناصر شديدة الخطورة من متجري المواد المخدرة، ومُحرزي الأسلحة النارية بدون ترخيص، والهاربين من تنفيذ الأحكام الجنائية.

تم اتخاذ الإجراءات القانونية حيال الواقعة وأخطرت النيابة العامة لمباشرة التحقيقات.",,195,0,2,not credible,Government & Official Statements
source_121,undecided,خطة مارشال لإنقاذ التعليم,"في مقالة الاسبوع الماضي تطرقت الى الصعوبات الاقتصادية، التي ستواجه الكثير من الدول، والى ضرورة الاستعداد لتلك الفترة من قبل الحكومات والمؤسسات الدولية، حتى لا تكون العودة الى حالة الوضع الطبيعي مفاجأة كما كان الوباء.

واذا كان الاقتصاد العالمي بحاجة الى خطة شبيهة بخطة مارشال في فترة ما بعد الحرب العالمية الثانية فان قطاع التعليم يحتاجُ الى خطةٍ قد تكون اكبر من تلك. إن الصدمة التي تعرض لها قطاع التعليم وبالأخص أن فترة التوقف أو التغيير قد طالت، وكما يبدو ستطول اكثر، وبالأخص أنها أصبحت أداة في يد السياسيين أكثر من المختصين.



ومن المؤكد أن تَوافر الوسائط التكنولوجية مثل منصات الأونلاين والتواصل بالفيديو مثل زووم وتيمز وغوغل قد ساهم بشكل كبير في التخفيف من حدة المعضلة في الكثير من الحالات، ولكنها في الوقت نفسه ستتسبب في تأصيل المشكلة للاسباب التالية:

1 - عدم توافر الوسائل الإلكترونية، خاصة المنصات المجهزة بشكل متساو للجميع، وذلك في ما بين الدول وكذلك ما بين المدارس والمؤسسات التعليمية الخاصة والعامة في الدولة ذاتها.

2 - تفتقر الوسائط الإلكترونية إلى العديد من العوامل والمكونات المهمة للتربية والتعليم بمفهومها الشامل، الذي لا يقتصر على تغطية المفاهيم الأساسية، وانما تشمل تنمية قدرات الأطفال على التواصل والعمل بشكل جماعي وصقل الشخصية، خاصة في المراحل التعليمية الأولى، وكذلك تنمية القدرات والمهارات العملية والإبداعية لدى الطلبة في بيئة مختصة من المعامل والمختبرات في جميع المراحل الدراسية.

3 - الغياب الكامل لأسس التقييم الصحيح، وذلك لعدم توافر التقنيات التي تسمح بإجراء التقييم في بيئة موثوقة على نطاق واسع، مما حدا بالكثير من الدول، ومنها الكويت الى إلغاء الامتحانات النهائية لجميع المراحل، حتى الحساسة منها مثل الثانوية العامة. والأكيد أن الامتحانات ليست هدفاً بحد ذاتها، وانما وسيلة للتقييم ولخلق دافعٍ لبذل جهدٍ اكبر للتعلم والتحصيل. أما إلغاء التقييم فلقد أدى الى تضخم في الدرجات وخلق شعورٍ وهميٍ بالتفوق، وذلك سيتسبب بنتائج كارثية في المستقبل.

ان الخطر مما سبق هو أن تنسى أو تتناسى المؤسسات التعليمية لاسباب سياسية أو مادية الهدف التاريخي والتربوي والأكاديمي للعملية التعليمية، وسبب امتدادها لمدة 12 عاماً للمراحل المدرسية واربع الى خمس سنواتٍ للمراحل الجامعية الأولى. والهدف هو البناء التدريجي والتراكمي لمجموعة من المهارات التعليمية والتعلمية الأساسية المحورية مثل القراءة والكتابة والتحليل والاستنتاج والعمل الجماعي والتعلم الذاتي، ومرافقة ذلك باكتساب كمية من المعلومات الأساسية الضرورية لتفعيل هذه المهارات، وهذا يختلف بشكل جذري عن التعليم التقليدي المتبع في اغلب مدارسنا، والذي يركز على الجزء الثاني بشكلٍ رئيسي.

لذلك فان غياب الطلبة عن المدرسة لمدة قد تطول لعامين سوف يحدث فجوة كبيرة في تطور المهارات المذكورة سابقاً لدى أجيال كاملة، مما سيؤدي الى نتائج كارثية في الفترات اللاحقة.

ان الخطر الاكبر يكمن في أن تصبح العملية التعليمية في المدارس الحكومية والعامة مسألة سياسية، وفي المدارس الخاصة مسألة تجارية بحتة، ويتفق الطرفان على ان ما تم من تعويض شكلي خلال مرحلة الكورونا على انه استكمال فعلي للعملية التعليمية.

إن الإجراء الصحيح هو القيام بدراسةٍ تربويةٍ تفصيلية وشاملة لتحديد الفجوات والنواقص لهذه الفترة بشكل علمي وتربوي مستقل، وأن يتم اعداد خطة ارشادية وتوجيهية للمدارس للعمل من خلالها وبشكل موحد ومتناسق على تعويض الفجوات المهارية والمعرفية الناتجة عن هذه الفترة خلال الفصل او الفصول الأولى للعودة للحياة الطبيعية على أن تكون هناك خطة مناسبة لكل مرحلة مدرسية.

إن تأثير الازمة الحالية على الصحة والاقتصاد سوف يزول خلال خمس سنوات بحدٍ اقصى كما حدث في الأزمات السابقة، ولكن تأثيرها في مستقبل التعليم سيبقى لاجيال قادمة. وعليه فانه من الافضل تخصيص فصل واحد بخطة مدروسة لإعادة تأهيل الطلبة عن أن نخسر جيلاً كاملاً.

أ.د. خالد البقاعين

",,549,1,2,not credible,Government & Official Statements
source_47,credible,النواب الليبي يمنح الثقة لحكومة الوحدة الوطنية برئاسة “عبد الحميد الدبيبة “,"مرصد مينا – ليبيا

منح مجلس النواب الليبي، اليوم الأربعاء، الثقة لحكومة الوحدة الوطنية برئاسة “عبد الحميد الدبيبة”.

رئيس المجلس، المستشار “عقيلة صالح”، قال إن “132 نائبا وافقوا على منح الثقة لحكومة الوحدة الوطنية، فيما امتنع عضوين وتغيب 36 آخرين عن الجلسة”.

وانطلقت في مجمع قاعات “واقادوقو” في مدينة سرت جلسة مجلس النواب الليبي، لليوم الثالث على التوالي، لمنح الثقة لحكومة الوحدة الوطنية برئاسة “الدبيبة”.

بوابة إفريقيا الإخبارية نقلت عن عضو مجلس النواب “جبريل أوحيدة”، ترجيحه أن تقتصر جلسة اليوم الأربعاء على التصويت مباشرة على منح الثقة لحكومة الوحدة الوطنية.

وقال أوحيدة في تصريحه: “في الأغلب سيتم الذهاب مباشرة خلال جلسة اليوم إلى التصويت على منح الثقة أو عدمها لحكومة الوحدة الوطنية دون الدخول في مناقشات جديدة”.

رئيس مجلس النواب الليبي، “عقيلة صالح” كان قد أكد في وقت سابق أن رئيس الحكومة الليبية الجديدة، “عبد الحميد الدبيبة”، سيكون بإمكانه يوم الأربعاء تقديم تشكيلته الوزارية كاملة ومن دون مقاعد شاغرة.

في المقابل، أعرب رئيس الحكومة الليبية الجديدة عن استعداده لاستبدال الوزراء المرشحين الذين توجد عليهم تحفظات من قبل النواب، وذلك عقب جمع عدد 40 توقيعا على كل اسم تجري المطالبة بتغييره.",,180,0,1,undecided,Government & Official Statements
source_86,credible,رئيس النواب: اجتماع رؤساء المحاكم الدستورية الإفريقية يناقش موضوعات معاصرة حساسة,"

وتوجه الجبالي، خلات تصريحات لنشرة «أخبار TeN»، المذاعة عبر فضائية «TeN»، مساء السبت، بالشكر للرئيس السيسي على دعمه الاجتماع باستمرار، موضحًا أن الاجتماع يتضمن أبحاثًا قيمة تنقلها القيادات القضائية على مستوى إفريقيا إلى دولهم.



ولفت إلى أن أبحاث الاجتماع تتعلق بالموضوعات المعاصرة الحساسة التي يعيشها العالم كل عام وتتطور من عام إلى آخر، قائلًا إن مكافحة الإرهاب والاقتصاد الأخضر والرقمنة، من أهم القضايا التي يتناولها اجتماع هذا العام.



وأشار رئيس مجلس النواب، إلى أن القضاة الأفارقة يصدرون توصيات في نهاية الاجتماع ويحملونها إلى دولهم وشعوبهم كي تنفذ على أرض الواقع، مؤكدًا أنه يعمل على توطيد وزيادة التعاون مع دول إفريقيا على جميع المستويات، ويسهم في زيادة الصداقة بين جميع تلك الشعوب.



وانطلقت مساء السبت، الجلسة الافتتاحية لاجتماع القاهرة الخامس لرؤساء المجالس والمحاكم الدستورية الإفريقية، تحت رعاية الرئيس عبد الفتاح السيسي، وبمشاركة نحو 40 دولة إفريقية.



وشارك في فعاليات الجلسة الافتتاحية للاجتماع، المستشار سعيد مرعي، رئيس المحكمة الدستورية العليا، والمستشار عادل عمر شريف، نائب رئيس المحكمة الدستورية العليا والأمين العام لاجتماع القاهرة، والمستشار حنفي الجبالي، رئيس مجلس النواب، والمستشار عمر مروان، وزير العدل، والمستشار حمادة الصاوي، النائب العام.



ومن المقرر أن يستمر الاجتماع لمدة أسبوع واحدة، سيتم خلاله مناقشة أربعة محاور رئيسية، وهي هي مكافحة الإرهاب والفكر المتطرف، والتحول الرقمي وضرورته في ظل جائحة كورونا، والاقتصاد الأخضر ودوره في تنمية المجتمعات، ومنظومة الرعاية الصحية وتطويرها في ظل أزمة كورونا.",,218,0,1,undecided,Government & Official Statements
source_12,credible,الجزائر 1 | مصر تفتح حدودها للفلسطينيين,"أعلنت مديرية الصحة بشمال سيناء في مصر أن مستشفى العريش العام جاهز لاستقبال أي إصابات من قطاع غزة نتيجة التصعيد الأخير بعد أحداث المسجد الأقصى.

وقال الدكتور طارق شوكة مدير الصحة بشمال سيناء، إنه تم رفع حالة الطوارئ في مستشفى العريش العام، ومستشفى بئر العبد المركزي، وتم تعليق إجازات عيد الفطر المبارك لبعض الأطباء والأطقم الطبية والتمريض.

وأضاف شوكة، أن مستشفيات شمال سيناء على قدر كبير من المسؤلية ولها تجارب فى علاج المرضى والمصابين، وأن أطباء البروتوكول القادمين من 4 جامعات مصرية “الأزهر، الزقازيق، المنصورة والقاهرة”، يتواجدون بصورة مستمرة طوال أيام الأسبوع فى مستشفى العريش العام، لافتا إلى إعلان حالة الطوارئ وفتح جميع الأقسام، وتهيئة قسم العمليات والباطنة، بالإضافة إلى قسم الاستقبال.

وقال الدكتور مسعد زايد رئيس قسم أمراض الباطنة أنه تم تكليفه بالعمل فى مستشفى الشيخ زويد المركزى الفترة المقبلة لسد العجز الموجود فى المستشفى، وأكد زايد أنه سوف يكون متواجد بصورة مستمرة فى مستشفى الشيخ زويد مع الفريق الطبى وعلى استعداد لاستقبال جميع الحالات.

بدوره استعد مرفق أسعاف شمال سيناء، من خلال التمركز فى النقاط المحددة بمدن رفح والشيخ زويد والعريش وبئر العبد، لنقل الحاالات المستعصية للمحافظات الأخرى، والعمل على فتح اتصال مباشر مع جميع المستشفيات طوال 24 ساعة.",,191,0,2,not credible,Government & Official Statements
source_134,credible,سوسة: تفكيك خلية تكفيرية بالقلعة الصغرى,"أفاد مصدر أمني لموزاييك، بأن فرقة الأبحاث والتفتيش للحرس الوطني بسوسة، تمكنت اليوم الخميس، من الكشف عن خلية تكفيرية، وذلك إثر عمل إستخباراتي.

وبحسب المصدر نفسه ، تم تفكيك الخلية علما وأنها تنشط بمنطقة القلعة الصغرى.

وبعد استشارة النيابة العمومية بشأنهم أذنت بالاحتفاظ بثلاثة أشخاص وهم ينحدرون من ولايتي القصرين وسيدي بوزيد وتتراوح أعمارهم بين 22 و 27 عاما.

- صورة توضيحية",,62,0,2,not credible,Crime & Accidents
source_95,credible,البيجيدي: العدل والإحسان تدغدغ مشاعر المغاربة وتزايد عليهم بصلاة التراويح,"الدار / خاص

اتهم حزب العدالة والتنمية، جماعة العدل والإحسان، بالمزايدة على المغاربة وذلك بعد خروج قيادات الجماعة بتصريحات تتهم فيها الحكومة بأنها تستهدف الاسلام من خلال قرار منع إقامة صلاة التراويح خلال شهر رمضان بسبب الاجراءات الاحترازية المتعلقة بفيروس كورونا.

وجاء في افتتاحية للحزب على موقعه الرسمي: “سبق أن كتبنا عن الأصوات التي ألفت التشكيك في كل شيء، والتي خرجت تشكك مؤخرا في قرار الحكومة بفرض حظر التنقل الليلي وحفر أخاديد الشك في كل ما يصدر عن مؤسسات الدولة ومنها الحكومة وذلك بمناسبة قرار حظر لتنقل الليلي في شهر رمضان”.

وأكد الحزب أن “من لا يعجبهم العجب لم يتوقفوا عن دغدغة مشاعر المواطنين الذين لا شك أن قطاعات منهم تعاني من الجائحة، وليل رمضان هو فرصة لانتعاش الحركة الاقتصادية والاجتماعية والروحية من خلال الاجتماع على صلوات التراويح.

وتابع أن : أخطر شكل من أشكال المزايدة هو محاولة بعضهم دغدغة مشاعر المؤمنين بادعاء أن الدولة والحكومة تحارب بهذا القرار دين المغاربة وتعتبره هو الحائط القصير بحرمانهم من صلاة العشاء وصلاة التراويح .

وتساءل المصدر “هل يسعى أصحاب هذا المنطق المتهافت أن يسمعوا يوما أن صلاة الترويح في بلادنا كانت لا قدر الله سببا في تحقيق أعلى نسبة من بداية الجائحة إلى اليوم”. وأضاف “ألن يكون ذلك هو الحرب الحقيقية على الإسلام وصورته، في حين أن حفظ النفس مثله مثل حفظ الدين من كليات الشريعة الإسلامية، وأنه في كثير من الحالات مثل حالة هذه الجائحة مقدم على حفظ الدين (بل نافلة من النوافل)”.

وقال حزب العدالة والتنمية من خلال موقعه الرسمي ان “تناقض طابع المزايدة والاستغلال السياسوي لقضية في غاية الحساسية بالنسبة للمغاربة، حين رفع البعض عقيرته بأن الدولة تستهدف الإسلام بإغلاق المساجد في العشاء والصبح”.

وقال لندفع بتهافت خطاب المزايدة بالدين ونكشف تناقضه إلى أبعد الحدود من خلال عدد من الأسئلة: لماذا تستهدف الدولة الإسلام في العشاء والصبح ولا تستهدفه في باقي الصلوات؟ لماذا لا يعتبر انطلاقا من نفس المنطق حظر دخول الجماهير الرياضية والمسابح والشواطئ والحمامات استهدافا للرياضة والنظافة؟ لماذا لا يعتبر حظر فتح الحانات الناجم عن فرض الحجر الصحي استهدافا للخمارات ونصرة للدين بنفس المنطق؟ لماذا لا يعتبر حظر الرحلات الجوية من وإلى عدد من الدول محاربة للسياحة؟.",,340,0,1,undecided,Government & Official Statements
source_134,credible,النادي الصفاقسي: معز المستيري يستقيل,"قدم رئيس فرع كرة القدم بالنادي الرياضي الصفاقسي معز المستيري استقالته اليوم من منصبه بعد أكثر من سنة ونصف في هذه الخطة.

وبحسب ما افادتنا به مصادر عليمة فان الاستقالة التي حصلت اليوم بعد نهاية المباراة مع اتحاد المنستير لم تكن وليدة لحظتها وانما كانت منتظرة منذ مدة طويلة جراء الأجواء الصعبة التي يعرفها الفريق والانقسامات في الرؤى والاختلافات في وجهات النظر في عديد المواقف وغياب الوحدة والانسجام بين مكونات الجهاز الإداري للفريق وهي جملة من العوامل لم تضمن استقرار نتائج الفريق ولا صلابة المجموعة التي شهدت تصدعات وساهمت في غياب التركيز عن اللاعبين وبالتالي تدني النتائج في الأسابيع الأخيرة.",,100,0,2,not credible,Government & Official Statements
source_100,credible,كتائب الشهيد عبد القادر الحسيني تعلن حصيلة استهدافها لمستوطنات غلاف غزة,"رابط مختصر:

رام الله - دنيا الوطن

اصدرت كتائب الشهيد عبد القادر الحسيني، الجناح العسكري لحركة فتح - قوات العاصفة، بياناً عسكرياً، توضح فيه حصيلة استهدافاتها لمستوطنات غلاف غزة، ردا على استمرار الاعتداءات الاسرائيلي على الاهالي في القدس والأقصى.



وأكدت الكتائب في بيانها، أنه عند الساعة 6.20 أطلقت صاروخين على مستوطنة (سديروت)، وعند الساعة 6.55 أطلقت صاروخ على ذات المستوطنة، وعند الساعة السابعة أطلقت قذيفة (هاون) عيار 100 ملم على موقع (أبو مطيبق).



وأشارت إلى أنه عند الساعة السابعة كذلك أطلقت صاروخين على موقع (كسيوفيم)، وعند الساعة 8.15 اطلقت صاروخين على مستوطنة (ياد مردخاي)، والساعة 8.55 اطلقت صاروخين على مدينة عسقلان المحتلة.



وقالت: ""عند الساعة 9.03 أطلقنا ثلاثة صواريخ على مستوطنة ياد مردخاي، وعند الساعة 10.20 أطلقنا صاروخين على موقع كيسوفيم"".



وحذرت الكتائب، الاحتلال الاسرائيلي، من القيام بأية إجراءات ضد الاهالي في حي الشيخ جراح، وفي مدينة المقدس ومن اعتداءات بحقهم و انتهاك لممتلكاتهم، ولحرمة المسجد الأقصى وقدسيته.",,148,0,1,undecided,General/Other Ambiguous Context
source_47,credible,إدارة “بايدن” تكشف عن موقفها من الانتخابات الرئاسية في سوريا,"إدارة “بايدن” تكشف عن موقفها من الانتخابات الرئاسية في سوريا

إدارة “بايدن” تكشف عن موقفها من الانتخابات الرئاسية في سوريا

مرصد مينا – أمريكا

كشف نائب المندوب الأمريكي لدى الأمم المتحدة بالإنابة “جيفري ديلورنتس”، عن موقف إدارة الرئيس الاميركي “جو بايدن” من الانتخابات الرئاسية التي يعتزم نظام الأسد القيام بها هذا الصيف.

وقال “ديلورنتس” إن الولايات المتحدة لن تعترف بنتائج الانتخابات في سوريا إذا لم يتم التصويت تحت إشراف الأمم المتحدة ويراعي وجهة نظر “المجتمع السوري بأسره”.

الدبلوماسي الأميركي أضاف أن السلطات السورية تنوي “استغلال الانتخابات” المقرر إجراؤها في مايو “لتأكيد شرعية” رئيس النظام “بشار الأسد”، مشددا على أن الإدارة الأمريكية الحالية تعارض إجراء انتخابات “غير حرة” لا تخضع لإشراف الأمم المتحدة، على حد تعبيره.

وتابع “ديلورنتس” “نواصل التأكيد بحزم على أن السبيل الوحيد للمضي قدمًا هو دفع العملية السياسية التي تفي بالشروط المنصوص عليها في قرار مجلس الأمن 2254”.

يشار إلى انه وفي أكتوبر من العام الماضي، اتهمت الولايات المتحدة الحكومة السورية بتعمد تأخير عملية صياغة دستور جديد، في محاولة لتجنب مشاركة مراقبين من الأمم المتحدة في عملية التصويت، كما هو مطلوب في “خريطة الطريق” لتسوية الصراع السوري.

وبحسب ديلورنتيس، حاولت المعارضة السورية القيام بدور نشط في تطوير الدستور الجديد، لكنها قوبلت برفض دمشق بالتعاون.

الجدير بالذكر أن الولايات المتحدة لها قوات في شرقي سوريا بشكل غير شرعي بالقرب من حقول النفط وتدعم قوات سوريا الديمقراطية “قسد” ذات الأغلبية الكردية، كما تتواجد قوات أمريكية في قاعدة “التنف” جنوبي سوريا.",,230,0,1,undecided,Government & Official Statements
source_104,undecided,السعودية تسجل 1261 إصابة جديدة بكورونا وتعافي 922,أكدت وزارة الصحة على ضرورة التقيد بالإجراءات الإحترازية والتدابير الوقائية خلال التجمعات العائلية والمناسبات الإجتماعية مثل لبس الكمامة وعدم المصافحة وترك مسافة آمنة للحد من إنتشار فيروس كورونا وللحفاظ على صحة وسلامة كافة أفراد المجتمع.‏وفي نفس السياق أعلنت الصحة إحصائية جديدة لمستجدات كورونا في المملكة خلال الـ 24 ساعة الماضية تضمنت تسجيل (1261) حالة مؤكدة وتعافي(922) حالة فيما بلغ عدد الحالات النشطة (9698) حالة منها (1580) حالة حرجة.وبينت الإحصائية أن إجمالي عدد الإصابات في المملكة بلغ (459968) حالة وبلغ عدد حالات التعافي (442782).وفيما يخص الوفيات فقد تم تسجيل (17) وفاة، حيث وصل إجمالي عدد الوفيات في المملكة إلى (7488).ونصحت الجميع بالتواصل مع مركز (937) للإستشارات والإستفسارات على مدار الساعة، والحصول على المعلومات ومعرفة مستجدات فيروس (كورونا).,,116,1,0,credible,Government & Official Statements
source_15,credible,وزير الصحة يشعل غضب اللبنانيين بسبب تخطي الدور في التطعيم ضد كوفيد,"بيروت – الناس نيوز :

قال وزير الصحة اللبناني إنه سمح لنواب البرلمان بالحصول على جرعات من لقاح مضاد لمرض كوفيد-19 على سبيل الشكر لإقرارهم قانونا للطوارئ، ووصف الغضب الذي أثاره تخطي الساسة لترتيب تلقى اللقاح بأنه رد فعل مبالغ فيه.

وفي حين لا يزال العاملون في القطاع الطبي وكبار السن ينتظرون دورهم، حصل بعض النواب على جرعات في البرلمان يوم الثلاثاء مما دفع البنك الدولي للتهديد بوقف تمويل بملايين الدولارات لحملة التطعيم.

وقال وزير الصحة اللبناني في حكومة تصريف الأعمال حمد حسن للتلفزيون الرسمي إن الخطوة جاءت بناء على “قرار سيادي” منه لتوجيه الشكر لنواب البرلمان على إقرار القانون الذي ساعد في توقيع الاتفاق مع فايزر/بيونتيك للحصول على اللقاح.

وزادت تصريحات الوزير وتعليقات ساسة آخرين من الغضب في لبنان، حيث أدى استشراء الفساد والهدر الحكومي على مدى عقود إلى انهيار مالي.

وكتب المحامي نزار صاغية على تويتر يقول “سيد حمد ما تسميه قرارا سياديا هو بالواقع صرف نفوذ واستغلال للسلطة تصل عقوبتهما إلى ثلاث سنوات. بس هيك. وطبعا أنت لن تتذرع بالحصانة مثل الخليل وزعيتر لأنه يفترض إنك تؤمن بالثواب والعقاب”.

وقال إيلي فرزلي نائب رئيس البرلمان البالغ من العمر 71 عاما مما لا يجعله من الفئة الأولى التي تستحق التطعيم إنه تلقى اللقاح وخرج غاضبا من برنامجين تلفزيونيين مساء الأربعاء بعد أن صاح منتقدا ساروج كومار جا المدير الإقليمي للبنك الدولي.

ووصف فرزلي جا، في بث تلفزيوني على الهواء انتشر على وسائل التواصل الاجتماعي مع تعليقات مثل “الأثر الجانبي للقاح” بأنه كاذب ومنافق ويجب ألا يُسمح له بالبقاء في لبنان.

وفي مؤتمر صحفي سابق، تحدث فرزلي عن جا، وهو مواطن هندي، ونعته “السيد فروج” بدلا من ساروج اسمه الأول. ولم يرد البنك الدولي على الفور على طلب التعليق.

ويراقب البنك الدولي حملة التطعيم لضمان وصول الجرعات الأولى للعاملين في القطاع الطبي وكبار السن وحذر من المحاباة في توزيع اللقاح.",,291,0,2,not credible,Government & Official Statements
source_117,credible,بولسونارو يدخل طائرة ليحيي ركابها فيحيونه بهتافات منددة به,"مونت كارلو الدولية / أ ف ب

نص: مونت كارلو الدولية / أ ف ب

ظهر الانقسام في البرازيل في ظل حكم جايير بولسونارو بشكل واضح عندما صعد الرئيس اليميني المتطرف إلى طائرة لتحية مؤيدين جالسين في القسم الأمامي، بينما علت هتافات منددة من معارضين جالسين في الخلف.

إعلان اقرأ المزيد

وخلال زيارة له لولاية اسبيريتو سانتو الواقعة في جنوب شرق البلاد، لتدشين مشروع أشغال عامة، قام بولسونارو بزيارة قصيرة إلى المطار حيث صعد إلى طائرة مغادرة ليلقي التحية على الركاب.

في القسم الأمامي للطائرة الأكثر اتساعا والأغلى ثمنا كان المسافرون يبتسمون كما ظهر في تسجيل فيديو نشره الرئيس على تويتر يظهر فيه وهو يلتقط صور سيلفي مع ركاب وأفراد الطاقم.

لكن تسجيلات التقطت في مؤخرة الطائرة ونشرت على مواقع التواصل، أظهرت شغبا فيما كان بعض الركاب يرفعون بأيديهم شارات مسيئة ويهتفون ضد الرئيس ""اخرج يا بولسونارو"" و""مهووس بالإبادة الجماعية"".

وكانت تلك إشارة إلى التشكيك الواسع بإدارة بولسونارو لوباء كوفيد-19، الذي أودى بأكثر من 480 ألف شخص في البرازيل ثاني الدول الأكثر تضررا بالجائحة بعد الولايات المتحدة.

وردا على الهتافات المنددة نزع بولسونارو كمامته ليقول ممازحا ""أولئك الناس الذين يقولون ""اخرج يا بولسونارو يجب أن يسافروا على ظهر الحمير"".

وقالت تقارير وسائل إعلام برازيلية إنه نزع كمامته أيضا في المطار، في انتهاك لقواعد احتواء الوباء.

ولم يرد مكتب الرئيس بعد على طلب للتعليق.

وكثيرا ما انتقد بولسونارو وضع الكمامات وتدابير الإغلاق والتلقيح لمحاربة الوباء، وروج بدلا عن ذلك لعقار الكلوروكوين رغم دراسات أظهرت عدم فعاليته ضد كوفيد.

ولقيت واقعة الطائرة رواجا على تويتر في البرازيل تحت وسم ""فورابولسونارو"" (اخرج يا بولسونارو).

وتراجعت شعبية الرئيس مع ازدياد أعداد الوفيات بكوفيد، ويبدي المعارضون استعداد متزايدا للنزول إلى الشارع رغم الوباء.

ودعوا إلى تظاهرات جديدة الأحد، في اليوم الأول من مباريات كوبا أميركا لكرة القدم.

وأثار بولسونارو جدلا بتحديه تحذيرات خبراء الأمراض الوبائية واستضافة المباريات في البرازيل، بعد استبعاد المضيفين الأصليين الأرجنتين وكولومبيا بسبب ارتفاع الإصابات والتظاهرات العنيفة المناهضة للحكومة.

الرسالة الإخباريةأبرز الأحداث الدولية صباح كل يوم اشترك",,315,0,2,not credible,Government & Official Statements
source_100,credible,الرجوب يؤكد استمرار إغلاق محافظة جنين ليوم غد السبت,"رابط مختصر:

رام الله - دنيا الوطن

أكد محافظ جنين أكرم الرجوب، مساء اليوم الجمعة، استمرار إغلاق محافظة جنين يوم غد السبت .



وقال الرجوب في بيان صحفي، ""إنه وبالنظر لما يتداوله البعض حول انتهاء فترة الإغلاق التي أقرها مجلس الوزراء، نود أن نؤكد أن العمل بالإجراءات الحكومية مستمر ليوم غد السبت، وعليه يكون يوم إغلاق شامل لجميع مناحي الحياة في المحافظة باستثناء المخابز والصيدليات""، بحسب الوكالة الفلسطينية الرسمية.



وأشار الرجوب الى اقتراب عدد الإصابات النشطة بفيروس كورونا في محافظة جنين إلى ألف إصابة، الأمر الذي يستوجب مزيدا من الحذر والالتزام بالتباعد الاجتماعي والتقيد بالإجراءات الحكومية.",,96,0,1,undecided,Government & Official Statements
source_73,credible,سيدي بوزيد: محتجون يغلقون الطريق للمطالبة بحماية الأراضي الدولية,"نفذ اليوم الخميس 25 مارس 2021 عدد هام من عمال الضيعة الفلاحية عدد 13 بفائض سيدي بوزيد الشرقية وهي ضيعة تتبع المركب الفلاحي الطويلة وقفة احتجاجية ثم قاموا بإغلاق الطريق الرابط بين منطقة فائض ومدينة الرقاب بالسيارات والجرارات التابعة لوزارة الفلاحة ومنع مرور جميع انواع السيارات والشاحنات في الاتجاهين.

وأكد المحتجون ان وقفتهم لمطالبة السلط الجهوية المعنية بالتدخل الفوري لحماية ممتلكات الدولة بعد ان تعمد احد المواطنين الاستيلاء على حوالي 60 هكتار من اراضي المركب وزراعتها زيتون واشجار مثمرة في ظل صمت تام من المسؤولين بالجهة وعدم اتخاذ أي خطوة نحو حماية الأرض.",,93,0,2,not credible,Government & Official Statements
source_47,credible,“عائلة عربية”.. إسرائيل تحدد هوية المسؤول عن التسرب النفطي في المتوسط,"مرصد مينا

أفادت السلطات الإسرائيلية بأنها تسلمت معلومات استخباراتية من شركة خاصة بشأن هوية السفينة المشتبه في تسببها بالتسرب النفطي الذي وصل إلى لبنان، لافتة إلى أن “سفن أوريكس للشحن مؤمنة من قبل النادي الإسلامي للحماية والتعويض”.

يذكر أن التقديرات تشير إلى أن أكثر من 1000 طن من القطران انسكبت نحو الخط الساحلي الإسرائيلي على البحر الأبيض المتوسط، مما تسبب في أضرار بيئية واسعة النطاق.

وزارة حماية البيئة الإسرائيلية قالت في بيان لها إن “وكالة بلاك كيوب أجرت التحقيق من تلقاء نفسها، وهي الشركة التي أسسها ضابط استخباراتي إسرائيلي سابق عام 2010”. لافتة إلى أن “المعلومات التي جمعتها وكالة الاستخبارات (بلاك كيوب) عن هوية مالكي الناقلة “إميرالد” المشتبه فيها، كشفت أن ملكية السفينة تعود لشركة أوريكس للشحن”.

وكانت إسرائيل اتهمت في وقت سابق من الشهر الحالي ايران بمسؤولية التسرب النفطي قبالة سواحل البلاد، ووصفت وزير حماية البيئة، جيلا غملئيل، ما حدث بأنه “إرهاب بيئي”.

وتملك شركة “أوريكس للشحن” المسجلة رسميا في اليونان عائلة سورية، وفقا لما نقلته وسائل اعلام اسرائيلية عن تقرير وكالة الاستخبارات “بلاك كيوب”. موضحة أن “سفن أوريكس للشحن مؤمنة من قبل النادي الإسلامي للحماية والتعويض، وهي الشركة الوحيدة في العالم التي تقبل التأمين على السفن الإيرانية”،

بدورها، أكدت وزيرة الحماية “غملئيل”، أن “السفينة التي تسببت في التسرب أبحرت من إيران عبر الخليج دون اتصال عبر موجات اللاسلكي، ثم مرت عبر قناة السويس”، مشيرة إلى أن “ناقلة النفط التي تحمل اسم “إميرالد” وترفع علم بنما، دخلت المياه الإسرائيلية في شرق البحر المتوسط قبل أن تغلق الاتصال اللاسلكي مرة أخرى ليوم كامل تقريبا، ولوثت البحر بين الأول والثاني من شباط الماضي”.",,252,0,1,undecided,Government & Official Statements
source_94,credible,الفيدرالية المغربية لناشري الصحف تؤسس فرعها بجهة طنجة تطوان الحسيمة+(تشكيلة المكتب),"عقدت الفيدرالية المغربية لناشري الصحف الجمع العام التأسيسي لفرعها بجهة طنجة تطوان الحسيمة يوم 2 أبريل 2021، وهو خامس فرع تؤسسه في غضون أربعة أشهر تنفيذاً للتوجهات الجديدة التي سطرها الجمع العام الاستثنائي للفيدرالية في 3 يوليوز 2020.

وحسب بلاغ للفيدرالية، فإذا كانت الفروع الأربعة للفيدرالية التي أسست في كل من الأقاليم الجنوبية، وفي جهة الشرق تجسد تموقع الصحافة والناشرين في خطوط التماس دفاعا عن القضية الوطنية، فإن ناشري الصحف الملتئمين في مدينة طنجة يستشعرون رمزية هذه المحطة ما دامت هذه الجهة هي مهد الصحافة المغربية مما يجعل مسؤولية التاريخ ملقاة على عاتق مؤسسات صحافية تملك في الحاضر قوة الإرادة ولكن تعوزها الوسائل والموارد لتحقيق تطلعاتها.

وقد توقف ناشرو الصحف بجهة طنجة تطوان الحسيمة ، بعد الاستماع إلى زملائهم من باقي الجهات، عند تشخيص أوضاع المقاولات الصحافية في كل ربوع المملكة، وسجلوا أن التقييم العام للواقع يكاد يكون متطابقاً، كما لفتوا إلى أن أوضاع مقاولات الصحافة تعاني من الهشاشة، علاوة على عجز في الثقة مع مختلف الفاعلين، وذلك بسبب سوء الفهم وانعدام التواصل والحيف أحيانا.

وشدد المشاركون في الجمع العام على أن كل تجليات الإكراهات والمعاناة التي جرى استعراضها، تنجم عنها أيضا هشاشة مهنية، علاوة على المعاناة الاجتماعية، وهي أوضاع حان وقت طي صفحتها المؤلمة.

وإذ يثمن الجمع العام الحضور القوي والنوعي لمقاولات الصحافة في الجهة إلى جانب حضور أكثر من ستين ناشرا، وضمنهم ناشرون مهنيون حضروا ضيوفا من فروع أخرى للفيدرالية، فإنه يهيب بكل من يهمهم الأمر، على مستوى جهة طنجة تطوان الحسيمة، وعلى الصعيد الوطني لالتقاط رسائل هذه اللحظة التنظيمية والإشعاعية والمهنية القوية والتجاوب مع التطلعات المشروعة للصحافة بجهة الشمال الواعدة.

وتبعا لذلك تعلن الفيدرالية، فرعا جهويا وقيادة وطنية، أنها منكبة على تسطير برنامج استعجالي للإنكباب على المشاكل الهيكلية للصحافة في هذه الجهة، وبلورة ترافعات واقتراحات متكاملة، سواء تجاه السلطات العمومية المختصة أو علاقة بالفاعلين الاقتصاديين أو اتجاه الجماعات الترابية والمؤسسات العمومية بما يعزز استقرارها الاقتصادي والمقاولاتي، ويقوي استقلاليتها وتنمية مواردها، ويسندها للإرتقاء بأدوارها المحلية والجهوية، والانفتاح على الأفق المتوسطي، بالإسهام في التقارب الثقافي، والتطلع الى تقوية التبادل والانفتاح والتعاون بين ضفتي بحر متوسط يرنو إلى اشعاع قيم السلام والحرية.

وإلى جانب ما سلف، دعا الجمع العام لناشري الصحف بالجهة إلى الحرص على تجاوز العوائق الذاتية، والإصرار، بدل ذلك، على تقوية التنظيم والانخراط في التأهيل والسعي للتكتل المؤسساتي وعدم التساهل في كرامة المنشآت الصحافية والصحافيين.

وقد انتخب المشاركون في الجمع العام التأسيسي مكتبا للفرع الجهوي هذه تشكيلته:

الرئيس: عبد الحق بخات ( جريدة طنجة)

نوابه: 1/ عادل التليدي ( تطوان بريس)

2/ خالد الرابطي (طنجة 24)

3/ حمزة الوهابي ( شمالي)

4/ عبد السلام بن ادريس (طنجة7)

5/ عبد المالك العاقل (البوغاز)

6/ عثمان جمعون ( الشمال 24)

الكاتب العام: عصام الطالبي (مباشر)

نائبه: عصام أوهاب ( أخبار المملكة)

أمين المال: محمد العمراني ( الطنجاوي)

نائبه: خالد العمريوي (الحياة الشمالية)

المستشارون:

معاد اولاد عياد (صدى تطوان)

نصر الله العبدلاوي ( أنفو طنجة)

أحمد أكزناي (طنجة بريس)

فؤاد السعيدي ( الجريدة كوم)

عبد الرحيم بلشقار ( إيكو بريس)

أحمد لحبوسي (أنا الخبر )

ياسين العشيري (طنجة24)

علي طالب ( المغرب 24)

خليل الزيتوني(ألتبريس)

عادل دادي ( راديو تطوان )",,490,0,1,undecided,Government & Official Statements
source_79,credible,البركاني: اليمنيون يدفعون ثمن تساهل المجتمع الدولي أمام صلف الحوثيين,"الرئيسية/آخر الأخبار/ البركاني: اليمنيون يدفعون ثمن تساهل المجتمع الدولي أمام صلف الحوثيين آخر الأخبار البركاني: اليمنيون يدفعون ثمن تساهل المجتمع الدولي أمام صلف الحوثيين في رسالة وجهها إلى رؤساء البرلمانات في العالم.. صحيفة الشارع Send an email دقيقة واحدة

رئيس مجلس النواب اليمني/ سلطان البركاني",,45,0,1,undecided,Government & Official Statements
source_82,undecided,الرئيس تبون: بعض الجزائريين يريدون بيع الوطن بثمن بخس — النهار أونلاين,"صرح رئيس الجمهورية عبد المجيد تبون اليوم الخميس أن هناك بعض بعض الجزائريين يريدون بيع الوطن بثمن بخص.

وفي خطابه للأمة بمناسبة اليوم الوطني للشهيد قال الرئيس تبون انه وفى بوعده بخصوص رفع الحد الأذنى للأجور رغم الصعوبات المالية.

وذلك لذوي الدخل الضعيف إلى 20 ألف دينار كما أن 6.500.000 عامل إستفاذ من رفع الضرائب الاجر القاعدي للذين دخلهم أقل من 30 ألف دينار.

وخلال خطابه شكر الرئيس تبون كل من شارك وساهم في كل الورشات التي تم فتحها.

كما أشاد الرئيس تبون بالحراك المبارك الذي أنقذ الجزائر من مأساة وأبهر العالم.",,92,1,0,credible,Source-Specific Artifacts / Boilerplate
source_47,credible,“الملاريا” يجتاح اليمن.. 110 آلاف إصابة جديدة بمناطق سيطرة الحوثيين,"مرصد مينا- اليمن

كشفت مصادر في القطاع الصحي، الخاضع لسيطرة الميليشيات الحوثية في اليمن، عن عودة مرض “الملاريا” للتفشي بشكل كبير في أوساط اليمنيين بمدن تقع تحت سيطرة الميليشيات، مؤكدة تسجيل أكثر من 110 آلاف إصابة جديدة، خلال الفترة الممتدة من شهر نيسان\ أبريل الماضي وحتى مطلع شهر حزيران\ يونيو الجاري.

وبحسب المصادر فإن من بين الإصابات، 3 آلاف و200 حالة وفاة لنساء حوامل وأطفال دون سن الخامسة.

المصادر الطبية، أرجعت أسباب ارتفاع حالات الإصابة بمرض “الملاريا” بمناطق الحوثيين إلى هطول الأمطار مؤخراً على عدة مدن وانتشار المخلفات، في ظل غياب كامل لسلطات الميليشيات وتقاعسها عن القيام بدورها في مكافحة الأوبئة والأمراض الناقلة.

كما توقعت أن تكون الأرقام الفعلية لحالات الإصابة بالملاريا أكثر من الحالات المبلغ عنها، التي اعتمدت على بعض تقارير الترصد الإلكتروني للإنذار المبكر للأمراض.

مصادر محلية، ربطت بين تفشي العديد من الأمراض الوبائية بمناطق الجماعة وبين سرقة قادتها لمخصصات قطاع النظافة ومؤسسات المياه وبرامج مكافحة الأوبئة، وإيقاف رواتب ومخصصات المستشفيات والمرافق الصحية، مشيرة إلى أن الميلشيات الحوثية تسخر عائدات الجمارك والضرائب وغيرها من الجبايات الأخرى لخدمة مشاريع الجماعة وحروبها ضد اليمنيين ولإثراء قادتها.

وأكدت مصادر طبية، أن محافظة الحديدة ما تزال تتصدر الترتيب الأول بمعدل الإصابات بمرض “الملاريا”، تليها محافظة إب، في حين احتلت كل من محافظتي عمران وحجة المرتبة الثالثة والرابعة.

يشار إلى أن مصادر عاملة في القطاع الصحي في صنعاء، كانت أطلقت في وقت سابق، تحذيرات من أن الأمراض الوبائية المدارية، على رأسها الملاريا، لا تزال تشكل تهديداً حقيقياً لحياة اليمنيين، خاصة مع استمرار موسم الأمطار المصحوب بانتشار البعوض الناقل للمرض، وفي ظل الانهيار المتسارع للمنظومة الصحية وتزايد معاناة السكان من تبعات الفساد الحوثية.

بدورها، أكدت منظمة الصحة العالمية في بيان سابق، أن الملاريا لا تزال تصيب الملايين كل عام وتفتك بأرواح أكثر من 400 ألف، معظمهم من الأطفال، بسبب تعثر جهود مكافحة المرض الذي ينقله البعوض.

كما حذرت المنظمة من أن تمويل مكافحة المرض، الذي يودي بحياة طفل كل دقيقتين، هزيل بشكل عام، ونظراً لأنه ينتقل عن طريق البعوض، فإن نصف سكان العالم يواجهون خطر الإصابة بالمرض، ودعت حينها الدول المانحة وحكومات البلدان التي ينتشر بها المرض لتكثيف جهود مكافحته.",,336,0,1,undecided,Health & COVID-19
source_100,credible,طالع سعر الدولار مقابل الشيكل اليوم الجمعة,"رابط مختصر:

رام الله - دنيا الوطن

جاءت أسعار صرف العملات، اليوم الجمعة، مقابل الشيكل على النحو التالي:



الدولار الأمريكي: 3:26



الدينار الأردني: 4:59



اليورو الأوروبي: 3:93",,27,0,1,undecided,Economics & Pricing
source_94,credible,وزارة الصحة..712 إصابة جديدة و780 حالة شفاء و17 حالة وفاة,"أعلنت وزارة الصحة، اليوم الجمعة، عن تسجيل 712 إصابة جديدة بفيروس كورونا المستجد (كوفيد-19)، و780 حالة شفاء، و17 حالة وفاة خلال الـ24 ساعة الماضية، فيما بلغ العدد الإجمالي للمستفيدات والمستفيدين من الحملة الوطنية للتلقيح ضد “سارس كوف-2″، 408 آلاف و235 شخصا.

وأوضحت الوزارة في النشرة اليومية لنتائج الرصد الوبائي لـ(كوفيد-19) أن الحصيلة الجديدة رفعت العدد الإجمالي لحالات الإصابة المؤكدة بالمملكة إلى 474 ألفا و379 حالة منذ الإعلان عن أول حالة في 2 مارس الماضي، ومجموع حالات الشفاء التام إلى 453 ألفا و302 حالة، بنسبة تعاف تبلغ 95,6 في المائة، فيما ارتفع عدد الوفيات إلى 8368 حالة، بنسبة فتك قدرها 1,8 في المائة.

وتتوزع حالات الإصابة المسجلة خلال الـ24 ساعة الأخيرة عبر جهات المملكة بين كل من جهات الدار البيضاء-سطات (306)، وطنجة-تطوان-الحسيمة (93)، والشرق (81)، وسوس ماسة (60)، والرباط-سلا-القنيطرة (52)، ومراكش آسفي (46)، والداخلة وادي الذهب (19)، والعيون-الساقية الحمراء (13)، وكلميم-واد نون (13)، وبني ملال-خنيفرة (11)، ودرعة-تافيلالت (9)، وفاس-مكناس (9).

أما الوفيات فتتوزع على جهة الدار البيضاء-سطات بـ 6 حالات، وجهة الرباط-سلا-القنيطرة (3 حالات)، فيما سجلت جهات طنجة-تطوان-الحسيمة ومراكش-آسفي والشرق تسجيل حالتين لكل منها، وجهتا الداخلة-وادي الذهب ودرعة-تافيلالت حالة واحدة لكل منهما.

وأوردت النشرة أن مؤشر الإصابة التراكمي بالمغرب أصبح 1305,2 إصابة لكل مائة ألف نسمة، بمؤشر إصابة يبلغ 1,9 لكل مائة ألف نسمة خلال الـ24 ساعة المنصرمة، فيما يصل مجموع الحالات النشطة التي تتلقى العلاج حاليا إلى 12 ألفا و709 حالات.

وبلغ عدد الحالات الخطيرة أو الحرجة الجديدة بأقسام الإنعاش والعناية المركزة المسجلة خلال الـ24 ساعة الأخيرة 39 حالة، ليصل العدد الإجمالي لهذه الحالات إلى 606 حالات، 55 منها تحت التنفس الاصطناعي الاختراقي، و307 تحت التنفس الاصطناعي غير الاختراقي.

أما معدل ملء أسرة الإنعاش الخاصة بـ(كوفيد-19)، فقد بلغ 19,2 في المائة.",,271,0,1,undecided,Government & Official Statements
source_134,credible,بين الكورونا و منع التجمعات و حظر التجوال ليلا و الخوف من العدوى .. كيفاش التوانسة يحضروا في عروساتهم.. ؟,"احترام خصوصيتك هو أولويتنا

نحن نستخدم ملفات تعريف الارتباط والبيانات الأخرى لتوفير خدماتنا وإعلاناتنا وصيانتها وتحسينها. إذا وافقت ، فسنخصص المحتوى والإعلانات التي تراها. لدينا أيضًا شركاء يقيسون استخدام خدماتنا.",,30,0,2,not credible,Health & COVID-19
source_73,credible,الكريديف يُقدم دليل استقبال النساء ضحايا العنف,"قدّم اليوم الجمعة 12 مارس 2021، مركز البحوث والدراسات والتوثيق والإعلام حول المرأة (كريديف) ""دليل استقبال النساء ضحايا العنف لفائدةأعوان قوات الأمن الداخلي "" الذي تم انجازه بالشراكة مع الشبكة الأورو-متوسطية للحقوق ومنظمة فريدريش ايبرت.

وحسب ما أكدته لشمس أف أم المديرة العامة للكريديف نجلاء العلاني، يتنزل هذا الدليل في إطار تطبيق الفصل 39 من القانون عدد 58 لسنة 2017 المتعلق بمناهضة العنغ ضد المرأة والذي يُلزم ""كل من عهدت إليه حماية المرأة من العنف الاستجابة الفورية لكل طلب للمساعدة أو الحماية""، بما في ذلك أعوان الضابطة العدلية.

وهو موجه أساسا إلى الأمنيين/ات كما يشمل جميع المتدخلين/ات في مجال مناهضة العنف ضد النساء والفتيات من هيئات قضائية ومؤسسات حكومية وغير حكومية ومنظمات المجتمع المدني.

وأضافت المديرة العامة للكريديف ان هذا الدليل الذي تم اعداده من قبل كل من القاضية رتبة ثالثة ثريا بويحي ومحافظة شرطة عام نجاة الجوادي.

ويجمع هذا بين جانب يتناول الأخلاقيات المهنية الخاصة بالأمني والأمنية والتي تهدف إلى تقديم خدمات ذات جودة وبناء ثقة مع النساء والفتيات ضحايا العنف وجانبا يتناول تدريب المتدخلين/ات من الخط الأول لتحسين التعهد بالنساء ضحايا العنف الجسدي والمعنوي والجنسي والاقتصادي والسياسي.

كما اكدت العلاني أن الدليل يهدف إلى تعزيز الممارسات الجيدة فيما يخصّ التعاطي مع قضايا العنف ضد النساء والفتيات مثل عدم التساهل مع هذا العنف والاستخفاف بخطورته وضرورة احترام مبدأ عدم التمييز والحرص على عدم ممارسة أي ضغوط على الضحية للتنازل عن شكايتها إضافة إلى احترام إرادتها في اتخاذ مختلف التدابير الحمائية التي يمكن أن تتمتع بها من ذلك التدبير المتعلق بالإيواء.",,241,0,2,not credible,Economics & Pricing
source_117,credible,عماد الدين الحمروني: مستقبل الوساطة الأوروبية بين واشنطن وطهران,"عماد الدين الحمروني: مستقبل الوساطة الأوروبية بين واشنطن وطهران

سمعي سمعي

عماد الدين الحمروني ( فيسبوك)

ضيف مساء مونت كارلو الدولية هو دكتور عماد الدين الحمروني، أستاذ الجغرافيا السياسية في جامعة باريس والخبير في الشأن الإيراني، حاورته سعدة الصابري حول آخر تطورات المفاوضات الهادفة إلى إحياء الاتفاق النووي المبرم عام 2015، ومستقبل الوساطة الأوروبية بين واشنطن وطهران في ظل التوترات الجديدة بين الإيرانيين والأوروبيين.",,64,0,2,not credible,General/Other Ambiguous Context
source_100,credible,الصحة بغزة: الحالة الوبائية مستقرة وآمنة وبدأنا بتوسيع فئة المستهدفين من حملة التطعيم,"رام الله - دنيا الوطنأكد مجدي ضهير، مدير دائرة الطب الوقائي في وزارة الصحة بقطاع غزة، أن الحالة الوبائية في القطاع، مستقرة وآمنة، وذلك بعد الخروج من الموجة الثانية، بفضل الإجراءات والقيود الوقائية التي تم اتخاذها.وأشار ضهير، في تصريحات لإذاعة (صوت القدس)، مساء اليوم الأربعاء، إلى أن الجائحة لم تنته، ولا زالت موجودة وخطر عودتها ما زال قائماً، معربا عن عدم رغبته في عودة الموجة الثالثة.وفي السياق، شدد ضهير على ضرورة توجه المواطنين لمراكز التطعيم لتلقي اللقاح؛ حتى يتم الوصول الى مناعة لكل المجتمع، لافتا في الوقت ذاته إلى أن الوزارة بدأت بتوسيع فئة المستهدفين من حملة التطعيم، بعدما كانت تستهدف من هم أكبر من 40 عاماً، حيث ان العمل الآن على فئة 30 عاماً.وقال مدير عام الطب الوقائي في وزارة الصحة بغزة: ""نرغب بزيادة المناعة المجتمعية للحد من تفشي الجائحة في حال كانت موجة ثالثة""، مضيفا: ""الخطة الاستراتيجية لوزارة الصحة تستهدف تطعيم 70 % من المواطنين"".وأكد ضهير، أنه تم تطعيم 50 ألف مواطن حتى الآن، منهم الكوادر الصحية والشرطية والمعلمين ومن لهم احتكاك مباشر بالمواطنين، متوقعاً وصول عشرات ومئات الآلاف من الجرعات والطعومات من مختلف الأصناف؛ حتى يتم الوصول إلى مناعة القطيع.وأشار إلى أن الطعومات آمنة وتعطي نسبة جيدة من الوقاية من فايروس (كورونا).",,195,0,1,undecided,Government & Official Statements
source_82,undecided,تلمسان: وفاة أب وأم وطفليهما اختناقا بالغاز — النهار أونلاين,"لقي صباح اليوم الاثنين، 4 أشخاص من عائلة واحدة، مصرعهم اختناقا بالغاز.

‏وتدخلت وحدات ‎الحماية المدنية بولاية ‎تلمسان على الساعة 10 و 53 دقيقة، من أجل تجويل جثث 04 اشخاص متوفيين.

ويتعلق الأمر بأب، وأم وطفلين متسممين بغاز ‎أحادي أكسيد الكربون المتسرب من جهاز التدفئة بحي الدمنة بلدية ودائرة ‎بني سنوس.

وتبلغ أعمار الضحايا على التوالي: الأب 33 سنة، الأم 25 سنة، طفل 6 سنوات، طفلة 5 سنوات.",,68,1,2,not credible,Source-Specific Artifacts / Boilerplate
source_79,credible,محافظ تعز يشارك في الجلسة التشاورية لمشروع الخدمات الحضرية الخاصة بالمحافظة,"الرئيسية/محليات/ محافظ تعز يشارك في الجلسة التشاورية لمشروع الخدمات الحضرية الخاصة بالمحافظة محليات محافظ تعز يشارك في الجلسة التشاورية لمشروع الخدمات الحضرية الخاصة بالمحافظة

عدن- متابعات: افتتح محافظ تعز نبيل شمسان، اليوم الخميس، في عدن، الجلسة التشاورية مع أصحاب المصلحة لمشروع الخدمات الحضرية الطارئ في اليمن. وينظم مكتب الامم المتحدة لخدمات المشاريع، جلسة تشاورية، مع أصحاب المصلحة لمشروع الخدمات الحضرية الطارئ في اليمن، في مرحلته الثانية من برنامج عمله. وأكد نبيل شمسان، على أهمية مشروع الخدمات الحضرية الطارئ في توفير الخدمات الأساسية في القطاعات المختلفة، والمشاريع المخصصة لمحافظة تعز لقطاعات المياه والصرف الصحي والمخلفات الصلبة ومعدات النظافة وغيرها والبالغ تكلفته ثلاثة مليون و200 الف دولار. وشدد على ضرورة مراعاة الاحتياجات ذات الأولوية لمحافظة تعز من خلال التحول من المشاريع الطارئة إلى المستدامة، كما أكد على ضرورة الاهتمام بالمحافظة في ظل الحصار المفروض عليها وتدمير البنية التحتية، بفعل الحرب التي شنتها مليشيا الحوثي الانقلابية. وأشاد المحافظ، بدور مكتب الامم المتحدة لخدمات المشاريع وبما يقدمه من خلال الاسهامات بإقامة مشاريع البنية التحتية وتقديم الخدمات الأساسية لمحافظة تعز وجميع المحافظات اليمنية. وأشار إلى اهتمام قيادة السلطة المحلية، بالتعاون والتنسيق مع مكتب الـ “UNOPS” في توفير خدمات البنية التحتية كالمياه والصرف الصحي والنظافة والطرقات والصحة ومشاريع التربية والتعليم. من جانبه استعرض مدير مكتب الأمم المتحدة لخدمات المشاريع في اليمن خلدون سالم، مكونات مشروع الخدمات الحضرية الطارئ في المرحلة الثانية والقطاعات التي ستنالها المشاريع في مختلف القطاعات.",,222,0,1,undecided,Government & Official Statements
source_73,credible,انتخاب منصور عبدولي رئيسا جديدا لبلدية سيدي بوزيد,"تم، اليوم الثلاثاء، اثر انعقاد جلسة استثنائية للمجلس البلدي بسيدي بوزيد انتخاب منصور عبدولي رئيسا جديدا لبلدية سيدي بوزيد خلفا لعبد القادر ناجي الذي توفي جراء فيروس ""كورونا"" يوم 10 ماي الجاري، وذلك حسب ما نص عليه الفصل 247 من مجلة الجماعات المحلية.

وفاز منصور عبدولي، من قائمة نداء تونس، اثر ترشحه بمفرده لرئاسة المجلس البلدي بعد حصوله على موافقة 16 نائبا واحتفاظ آخر بصوته، كما تم انتخاب عواطف برقوقي مساعد اول لرئيس البلدية عن الجبهة الشعبية وضحى همامي مساعد ثان عن قائمة نداء تونس وزهير قادري عن القائمة الائتلافية ""الاتحاد المدني"" مساعد ثالث والحبيب الظاهري عن قائمة نداء تونس مساعد رابع.

يشار الى ان عدد المستشارين الذين حضروا الجلسة الاستثنائية للمجلس البلدي بلغ 17 مستشارا في حين قاطع البقية عملية انتخاب رئيس المجلس البلدي ومستشارية.

ويتكون المجلس البلدي بسيدي بوزيد من 30 عضوا يتوزعون الى 9 أعضاء عن قائمة حركة النهضة، و9 أعضاء عن قائمة حزب نداء تونس، و3 أعضاء عن قائمة الجبهة الشعبية، وعضوين عن قائمة الاتحاد المدني، وعضوين عن قائمة حركة الشعب، وعضوين عن قائمة التيار الديمقراطي، وعضوين عن قائمة ""نحبك يا بلادي"" المستقلة وعضو عن قائمة الحزب الاشتراكي.",,182,0,2,not credible,Government & Official Statements
source_27,not credible,سفارة إيطاليا… إستئناف جزئي لمنح التأشيرات,"أفادت سفارة إيطاليا بالجزائر، اليوم الثلاثاء، عن إستئناف جزئي لمنح التأشيرات مع إعطاء الأولوية لتأشيرات الأعمال، بالنظر لإجراءات جديدة مواكبة لقرارات السلطة الجزائرية المتعلق بالفتح الجزئي للحدود بداية من الفاتح جوان.

وفي بيان صدر عبر الصفحة الرسمية للسفارة على الفايسبوك، أكدت ذات الهيئة، أنها منحت تعليمات لمراكز معالجة التأشيرات ” VFS GLOBAL” في كل من الجزائر العاصمة، وهران وقسنطينة، لمنح الأولوية لملفات رجال الأعمال، وكشف ذات البيان، أن مراكز استقبال ومعالجة ملفات التأشيرات “في اف اس ” ستتواصل مع جميع حاملي تأشيرة الاعمال – صالحة لمدة سنة أو أكثر- والتي انتهت صلاحيتها خلال الوباء لتحديد موعد لتقديم الوثائق اللازمة في ملف تأشيرة الأعمال بما في ذلك رسالة الدعوة من الشركات الإيطالية لرحلة عمل إلى إيطاليا .

كما أكدت على ضرورة الإطلاع على تدابير احتواء إنتشار فيروس كوفيد 19 والقيود المؤقتة على السفر غير الضروري إلى الإتحاد الأوروبي. موضحة أن حاملي تأشيرة “شنغن” الجديدة ، أو تأشيرة “شنغن” التي لا تزال سارية المفعول، لا يُسمح لهم تلقائيًا بدخول الأراضي الإيطالية وفضاء “شنغن، وهم مطالبون بالإمتثال لقيود السفر الحالية على مستوى “شنغن” وعلى مستوى الدولة التي يسافر إليه ،مشددة على ضرورة الإطلاع على قيود السفر قبل المغادرة .

ودعت ذات الهيئة في ختام البيان، هؤلاء إلى تأجيل رحلتهم إلى إيطاليا والاستفادة على المدى المتوسط ​​والطويل ، من تجديد تأشيرة سفرهم بمبادرة من السفارة الإيطالية .",,213,2,0,credible,Government & Official Statements
source_108,credible,لتوضيح موقف السودان بملف سدالنهضة الخارجية تبدأ جولةإفريقية بجزرالقمر,"وصلت ظهر اليوم الجمعة وزيرة الخارجية الدكتورة مريم الصـادق الى مدينة موروني عاصمة دولة اتحاد جزر القمر، وكان في استقبالها نظيرها ظهير ذو الكمال وزير خارجية جزر القمر، ومدير مكتب الرئيس ووكيل الداخلية. وأجرت وزيرة الخارجية مباحثات مع نظيرها حول مجمل العلاقات الثنائية بين البلدين وسبل تطويرها في كافة المجالات.

وستلتقي السيدة الوزيرة خلال هذه الزيارة رئيس جزر القمر السيد غزالي عثماني. الجدير بالذكر ان هذه الزيارة تأتي في اطار جولة إفريقية لشرح موقف السودان حول ضرورة إبرام إتفاق ملزم وقانوني حول سد النهضة، والتحذير من عملية الملء الثاني لبحيرة السد وخطورته على السودان. يشار الى ان جزر القمر تمثل دول شرق أفريقيا في مجلس الاتحاد الإفريقي الذي يرعى مفاوضات سد النهضة.

المصدر من هنا",,115,0,1,undecided,Government & Official Statements
source_117,credible,مهرجان تطوان يجمع ضفتي البحر المتوسط سينمائيا عبر المنصات الإلكترونية,"أطلق مهرجان تطوان لسينما البحر المتوسط يوم الجمعة 4 يونيو 2021 دورته السادسة والعشرين والتي تقام عبر المنصات الإلكترونية بسبب جائحة فيروس كورونا.

إعلان اقرأ المزيد

وكانت آخر دورة للمهرجان قد عقدت حضوريا في 2019 ليتوقف بعدها الحدث الفني البارز في شمال المغرب بسبب تفشي الجائحة والتي أودت بحياة أكثر من تسعة آلاف شخص في البلاد حتى الآن بحسب الإحصاءات الرسمية.

يعرض المهرجان المستمر حتى العاشر من يونيو حزيران الجاري تسعة أفلام في قسم الأفلام الروائية الطويلة من المغرب وتونس ولبنان وفلسطين واليونان وتركيا وفرنسا وسلوفينيا.

ويمثل المغرب في هذا القسم فيلم (نساء الجناح ج) للمخرج محمد نظيف وبطولة أسماء الحضرمي وجليلة التلمسي وريم فتحي وفاطمة عاطف ونسرين الراضي.

وفي قسم الأفلام الوثائقية يعرض المهرجان ستة أفلام من المغرب وتونس وسوريا وتركيا وإسبانيا وفرنسا. ويمثل المغرب في هذا القسم فيلم (ليالينا السوداء في السبعينات) إخراج علي الصافي.

أما قسم ""مساحة حرة"" الذي أشرف على برمجته الاتحاد الدولي للنقاد (فيبريسي) فيضم ثلاثة أفلام من فرنسا والنمسا وتركيا بينما سيعرض قسم ""خفقة قلب"" الفيلم الإيطالي-الفرنسي (الخائن) والفيلم الإسباني (الأم).

ويشمل برنامج المهرجان ندوة عن (مستقبل السينما والمهرجانات السينمائية بعد جائحة كوفيد-19) وكذلك محاضرة للمخرج المغربي محمد الشريف الطريبق إضافة إلى معرض لملصقات الفنان عبد الكريم الوزاني.

وقال رئيس مؤسسة مهرجان تطوان لسينما البحر المتوسط أحمد الحسني في كلمة الافتتاح ""تنعقد هذه الدورة في ظروف استثنائية وخاصة، ظروف انتشار وباء كوفيد-19، الذي سبب أزمة كبيرة في القطاع السينمائي المغربي، حيث أُغلقت القاعات السينمائية ومازالت مغلقة حتى هذا اليوم.. وبهذه المناسبة، نطلب من الحكومة المغربية فتح القاعات السينمائية كباقي الدول الأوروبية وغيرها"".

الرسالة الإخباريةأبرز الأحداث الدولية صباح كل يوم اشترك",,256,0,2,not credible,Government & Official Statements
source_47,credible,الفصائل الفلسطينية تبدأ حوارا وطنيا في القاهرة,"مرصد مينا – مصر

تبدأ الفصائل الفلسطينية الأسبوع المقبل حوارا وطنيا في مصر بهدف وضع خطة طريق للمرحلة المقبلة، بما يشمل تشكيل حكومة وحدة وطنية ستكون أولوياتها الإشراف على إعادة إعمار القطاع، وفي هذا السياق قال رئيس حركة «فتح» محمود العالول إن “مصر سترسل دعواتها لإجراء حوار وطني للفصائل في القاهرة، لكن لم يتم تحديد المواعيد حتى الآن” قبل أن يعلن التلفزيون المصري أن اللقاءات ستكون الأسبوع المقبل برعاية الرئيس الفلسطيني محمود عباس.

يشار أن وزير المخابرات المصري، قد اتفق مع عباس وحماس والفصائل الفلسطينية أثناء زيارته إلى رام الله وغزة يومي الأحد والاثنين، على إطلاق حوار وطني شامل في القاهرة من أجل ترتيب البيت الفلسطيني واستكمال مسار إنهاء الانقسام.

وكانت اللجنة المركزية لحركة فتح قد اجتمعت في وقت متأخر يوم الاثنين، على أن تستمر في اجتماعاتها خلال الفترة القادمة، وحيت مركزية «فتح» صمود وتضحيات شعبنا في قطاع غزة، مشددة على ضرورة العمل الفوري للتخفيف من معاناة الفلسطينيين ودعم صمودهم، من خلال العمل على إعادة إعمار القطاع بأسرع وقت ممكن بإشراف السلطة الوطنية الفلسطينية.

يشار أن ملف الإعمار واحد من الملفات التي سيتم نقاشها في القاهرة، وقالت مصادر سياسية إن الرئيس عباس أبلغ كامل أنه مستعد فوراً لتشكيل حكومة وحدة وطنية يكون على رأس أولوياتها الإشراف على إعادة إعمار قطاع غزة. وبحسب المصادر فإن الولايات المتحدة وإسرائيل ومصر والاتحاد الأوروبي والأمم المتحدة، يريدون أن تتسلم السلطة أي أموال وتشرف على أي عمل متعلق بإعادة الإعمار ضمن آلية دولية، وليس حماس، وتريد أن يكون ذلك في ظل تفاهمات تضمن وجود تهدئة طويلة الأمد في القطاع.",,244,0,1,undecided,Government & Official Statements
source_100,credible,حماس تعلق على استشهاد مواطن برصاص الاحتلال في نابلس,"



وتوجهت حماس بالتحية لأهالي بيت دجن على تصديهم لمحاولات قطعان المستوطنين وجيش الاحتلال السيطرة على أجزاء من أراضي البلدة، وإن دماء الشيخ عاطف اليوم تكتب ملحمة شرف وبطولة ستظل تذكرها الأجيال.





وأكدت بأن تفعيل المقاومة أشكالها كافة هي القادرة على لجم الاحتلال ووقف مخططاته، واقتلاع خيام المستوطنين التي أصبحت تنتشر كالأورام السرطانية فوق أراضينا في الضفة المحتلة.





ووفق مصادر محلية، فإن الشهيد هو الشيخ عاطف حنايشة مؤذن مسجد موسى بن نصير، في بلدة بيت دجن شرق نابلس.

وأفادت وزارة الصحة، اليوم الجمعة، باستشهاد مواطن أصيب بالرصاص الحي في رأسه في قرية بيت دجن شرق نابلس.",,95,0,2,not credible,Government & Official Statements
source_7,not credible,إجتماع شرفي بأمناء الوزارات المعنية بتوفير الإمكانيات لتنظيم التشريعيات,"يجتمع رئيس السلطة الوطنية المستقلة للانتخابات، يوم الخميس المقبل، بالأمناء العامين للوزارات المعنية بإمدادها بالإمكانيات المتعلقة بتنظيم الإنتخابات التشريعية .

وقال محمد شرفي ، إن الاجتماع الذي ينعقد الخميس يدخل في إطار تنفيذ مخرجات مجلس الوزراء الأخير الذي أمر خلالها رئيس الجمهورية عبد المجيد تبون الحكومة بتوفير الامكانيات لمادية والمالية والبشرية للسلطة الوطنية المستقلة للانتخابات من اجل تنظيم تشريعيات الـ12 جوان المقبل .

وأكد الرئيس على ضرورة وضع كل الوسائل المالية والمادية تحت تصرف السلطة الوطنية المستقلة للانتخابات، من أجل تمكينها من القيام بمسؤولياتها في أحسن الظروف.

من جهة أخرى كشف محمد شرفي في تصريحات تلفزيونية عن تنظيم مسابقة لتوظيف أمناء المندوبيات الولائية للسلطة بعد الإنتخابات بهدف تجسيد استقلالها التام .",,111,2,0,credible,Government & Official Statements
source_82,undecided,هذا ماقاله وزير الشؤون الدينية بخصوص توقيف إمام مسجد التوبة ببوزريعة — النهار أونلاين,"نفى وزير الشؤون الدينية والأوقاف يوسف بلمهدي توقيف إمام وخطيب مسجد التوبة ببوزريعة الشيخ ياسين لوراري.

وقال السيناتور عبد الوهاب بن زعيم على صفحته الرسمية على الفايسبوك بخصوص الموضوع “في اتصال مع وزير الشؤون الدينية فيما يخص إمام المسجد الشيخ ياسين اوضح الاتي :لم يتم توقيف المعني”

وأضاف بن زعيم أن المسؤول الأول عن القطاع قد قال له ” الإمام سيبقى يعمل عادي ويؤم الناس في كافة الصلوات ماعدا الخطبة حتى يتم الاستيضاح من الامام حول موقفه ورأيه المخالف للجنة العلمية وللجنة الفتوىّ”

وقال المسؤول الأول عن القطاع “ولن تكون هناك أي عقوبة بحول الله بقي هنا أن نوضح ان الإمام موظف وكل ما يتعلق بمحاربة انتشار الفيروس هو من إختصاص اللجنة العلمية والمكونة من خيرة الاطباء والعلماء”

وأكد الوزير حسبما جاء على لسان بن زعيم ” اللجنة العلمية اثبتت صحة عملها وعلى الجميع مسؤولين ومواطنين ومصلين التقيد بالبرتوكول الصحي حفاظا على أرواح المواطنين وصحتهم",,145,1,2,not credible,Source-Specific Artifacts / Boilerplate
source_53,not credible,اكتشفي فوائد وأسرار الزبادي لجمال بشرتك وشعرك,"Adver1

الزبادي من الأطعمة التي لها فوائد عديدة فالبكتيريا النافعة والانزيمات التي توجد فيه تقتل البكتيريا الضارة إلى جانب فوائده التجميلية.

المصدر: فيتو",,23,2,1,undecided,General/Other Ambiguous Context
source_53,not credible,مدحت العدل عن فوز الزمالك أمام مولودية الجزائر: إحساس بقيمة النادي والجماهير,"Adver1

مدحت العدل عن فوز الزمالك أمام مولودية الجزائر: إحساس بقيمة النادي والجماهير الأحد 04/أبريل/2021 – 01:38 م مدحت العدل Advertisements عبدالله هشام أشاد السيناريست مدحت العدل بأداء لاعبي الزمالك وتحقيقهم الفوز على فريق مولودية الجزائر بهدفين دون رد ضمن منافسات دور المجموعات من بطولة دورى أبطال إفريقيا،لافتا إلى أن هذا الفوز يعكس شعور اللاعبين بقيمة النادى وجماهيره.

وغرد مدحت العدل عبر حسابه الشخصي بموقع التواصل الاجتماعي تويتر: ""هذا هو الزمالك الذى نحبه ونحترمه.. رجولة.. أداء.. إحساس بقيمة النادي والجماهير على مستوي العالم العربي وأفريقيا.. مبروك للاعبين والمسئولين عن الفريق"".

وكانت بعثة الفريق الأول لكرة القدم بالنادي، قد وصلت إلى القاهرة عائدة من الجزائر بعد خوض مباراة المولودية في دوري أبطال إفريقيا.

وفاز الفريق على بطل الجزائر بهدفين دون رد في المباراة التي أقيمت بينهما على ملعب 5 جويلية في الجولة الخامسة من دور المجموعات لبطولة دوري أبطال إفريقيا.

ورفع الزمالك رصيده إلى 5 نقاط بالفوز على بطل الجزائر ليحتل المركز الثالث بمجموعته.

وسيحصل الفريق على راحة اليوم قبل استئناف التدريبات غدا على ملعب النادي. Advertisements

المصدر أخبار البلد",,169,2,1,undecided,Sports News
source_53,not credible,محمد صبحى ينشر صورة عمرها 19 عام من زيارة نور الشريف كواليس “فارس بلا جواد”,"Adver1

كشف الفنان الكبير محمد صبحى، عن صورة نادرة التقطت منذ نحو 19 عاما، خلال زيارة صديقه الفنان القدير الراحل نور الشريف، لكواليس تصوير مسلسل ""فارس بلا جواد"" المصدر:اليوم السابعمحمد صبحى ينشر صورة عمرها 19 عام من زيارة نور الشريف كواليس ""فارس بلا جواد"" المصدر اليوم السابع",,47,2,1,undecided,General/Other Ambiguous Context
source_55,credible,السعودية تطلق قمرين صناعيين .. اليوم,"صحيفة وصف :أعلن رئيس مجلس إدارة الهيئة السعودية للفضاء الأمير سلطان بن سلمان، عن إطلاق قمرين صناعيين سعوديين اليوم (السبت). وقال الأمير سلطان بن سلمان «نُهنئ أنفسنا بإطلاق قمرين صناعيين لمدينة الملك عبدالعزيز للعلوم والتقنية وجامعة الملك سعود، صباح يوم غد مصنّعة بأيدٍ سعودية».

وأعلنت مدينة الملك عبدالعزيز للعلوم والتقنية عن إطلاق قمرها السابع عشر صباح يوم السبت من كازاخستان، باسم (شاهين سات)، المخصص للتصوير الفضائي وتتبع السفن البحرية، والقمر الصناعي التعليمي (CubeSat).

يذكر أن جامعة الملك سعود أول جامعة سعودية تُطلق قمراً صناعياً مكعباً CubeSat بحجم 10*10*10 سم، ووزن 1 كيلوغرام، ولديها محطة أرضية يمكنها التواصل مع الأقمار الصناعية الصغيرة والكبيرة ومحطة الفضاء الدولية. وتطلق المملكة القمر الصناعي السعودي السابع عشر لتستمر في ريادة العالم العربي لقطاع الفضاء.

القمران الصناعيان:

– «شاهين سات» مخصص للتصوير الفضائي وتتبع السفن

– CubeSat قمر صناعي تعليمي",,134,0,1,undecided,Government & Official Statements
source_82,undecided,"دولور سعيد بانتصار جماهير كرة القدم على ""السوبرليغ"" ! — النهار أونلاين","أبدى النجم الجزائري “أندي دولور” عن سعادته الكبيرة بتجميد مشروع “السوبر ليغ” مؤكدا أن كرة القدم هي التي انتصرت.

ونشر دولور تغريدة في التويتر جاء فيها: “برافو كاني (الفريق الذي واجهه في ربع نهائي كأس فرنسا)، لديكم مدرب رائع ومجموعة رائعة”.

وأضاف: “تحيا كرة القدم وتحيا خروج السوبر ليغ”.

يذكر أن “دولور” كان قد صرح في وقت سابق أن “الثروة لا تكفي لتحقيق السعادة” في إشارة للأندية الكبيرة التي أرادت فرض منطقها.",,72,1,0,credible,Source-Specific Artifacts / Boilerplate
source_82,undecided,"8 منظمات اقتصادية تتوحد تحت مسمى ""التكتل الجزائري للتنمية الاقتصادية"" — النهار أونلاين","قررت ثماني منظمات اقتصادية اليوم التوحد في تكتل اقتصادي جزائري موحد، يكون قوة اقتراح اقتصادية تتكفل بالانشغالات المالية والاقتصادية للمتعاملين الاقتصاديين.

وحسب البيان فإنه وفي إطار هذا التكتل سيتم استحداث بنك للمعلومات للاحصاء والتواصل ، كما سيتم جمع الأفكار والمبادرات الاتصادية والمشاريع لرفعها للجهات المخولة لتسريع تجسيدها

كما سيعمل التكتل حسب ذات البيان على صياغة سياسة منبثة من الموروث الحضاري الجزائري بالاعتماد على القدرات الوطنية.

كما تم تنصيب لجنة وطنية تعمل على التنسيق بيع مكونات هذا التكتل أين تم تنصيب مصطفى روبايين رئيس المنظمة الوطنية للمؤسسات رئيسا لهذه اللجنة

ويضم التكتل الاقتصادي الجزائري كل من المنظمات الاقتصادي الأتية:

المنظمة الوطنية للمؤسسات وحالرف

فديرالية المقاولين الشباب

المنتدى الاقتصادي للنخب والكفاءات

هواري تيغرسي عضو لجنة المالية بالبرلمان

المنظمة الوطنية لبلشباب ذو الكفائة العلمية

الاتحاد الوطني للدفاع عن حقوق الحرفيين والمهن

الاتحاد الوطني للمهندسيين الزراعيين",,132,1,0,credible,Source-Specific Artifacts / Boilerplate
source_94,credible,أثار اهتمام الإعلام الأميركي.. عالم مغربي يطور لقاحا للقضاء على كورونا نهائيا,"برز اسم عالم مغربي-أميركي آخر أثار اهتمام الإعلام الأميركي مؤخرا بعد تطويره لقاحا يقول إنه يقضي على جميع سلالات فيروس كورونا، وذلك بعد الشهرة التي حظي بها العالم المغربي منصف السلاوي، الذي قاد فريق تطوير اللقاح في عهد الرئيس دونالد ترامب.

وسطع اسم الدكتور البشير بن محمد بعدما تنبأ بالطفرات الحالية لفيروس كورونا، ليقترح حلا يمكن أن يقضي على السلالات الجديدة.

ولد البشير بن محمد سنة 1968 بـ”تلمعدرت” قرب زاوية تكانت بمدينة كلميم، ودرس بمدرسة مولاي أحمد الدرقاوي، ثم انتقلت لمدرسة عبد الله بن ياسين، حيث حصل على الشهادة الابتدائية. بعدها، انتقل إلى ثانوية الحسن الحضرمي وحصل على شهادة البكالوريا في الفيزياء سنة 1984 بمدرسة باب الصحراء بكلميم. لاحقا، انتقل إلى مدينة أكادير لإتمام الدراسات العليا بجامعة ابن زهر، وحصل على إجازة في الكيمياء الحيوية سنة 1989. بعد ذلك، قرر الرحيل إلى فرنسا لإتمام الدراسة.

في فرنسا، درس في جامعة “جيسيو” Jussieu بالعاصمة باريس، وحصل على دبلوم الدراسات المعمقة. مباشرة بعد ذلك، اشتغل في مختبر باستور، ثم التحق بـ”معهد ترودو” Trudeau Institute في مدينة “ساراناك ليك” بولاية نيويورك، وعمل كباحث بمعهد بلوس أنجلوس بولاية كاليفورنيا، ثم انتقل للعمل بالمركز الطبي “سیدرز-سایني” Cedars-Sinai. وفي سنة 2002، عرضت عليه “جامعة كاليفورنيا إرفين” منصب أستاذ مساعد، وبدأ بالتدرج في الجامعة إلى أن أصبح بروفيسور في الجامعة نفسها سنة 2014.

وفي حوار مع منصة “أصوات مغاربية ” يقول الباحث المغربي إنه يشتغل على لقاح كورونا، لا يزال في مرحلة ما قبل التجارب السريرية، يرتكز على مجموعة جد واسعة من البروتينات، عكس لقاحات فايزر وموديرنا، التي تم تطويرها الآن، والتي ترتكز فقط على “سبايك بروتين” Spike Protein أو مضادات الأجسام التي تستهدف المستقبلات الموجودة على سطح الفيروس وتحفز استجابة مناعية.

أضاف الدكتور المغربي أن الطفرات الجديدة لفيروس كورونا طوّرت مناعة تحميها من فعالية اللقاحات الموجودة الآن، ومن أجل محاربتها، اقترح استخدام لقاح واحد فقط، وذلك بإضافة بروتينات أخرى للقاح، ويطمح البشير بن محمد لأن يكون التلقيح أيضا على شكل ملصق يوضع على الذراع بدل حقنه مباشرة في الجسد.

ويرى البشير، في الحوار ذاته، أن الابتكار التي أتى به في اللقاح الذي يشتغل عليه يكمن بخلاصة في ما يلي:”فيروس كوفيد 19 ليس أول فيروس يظهر في العالم لسلالة كورونا، كما أنه ليس الأخير الذي سيظهر في العالم، ولكن جميع هذه السلالات لها بروتينات قارة لا تتغير، وبالتالي سنعمل على تطوير اللقاح بالاعتماد على هذه المعلومة أي أننا سنستهدف التركيبة الجينية المشتركة بين جميع سلالات هذا الفيروس، وسيساعد هذا ليس فقط في القضاء على الفيروس بل على الجائحة القادمة”.",,392,0,1,undecided,Government & Official Statements
source_100,credible,الكتلة الإسلامية تنظم حملة زيارات للمدارس المتضررة في كافة مناطق القطاع,"رام الله - دنيا الوطننظمت الكتلة الإسلامية في قطاع غزة حملة زيارات للمدارس المتضررة جاء العدوان الأخير على قطاع غزة، وأفاد أ. سعيد اللقطة مدير المكتب الإعلامي للكتلة الإسلامية بأن هذه الحملة تأتي في إطار التواصل الدائم بين المدارس والكتلة في كافة مناطق القطاع وتعزيز الصمود والمضي قدمًا في توصيل رسالة التعليم السامية.وأضاف اللقطة قائلاً:"" تم تشكيل لجان خاصة لزيارة المدارس المتضررة وكان ضمن هذه اللجان قادة العمل الكتلي في المحافظات، وأهدينا إدارات المدارس خارطة فلسطين التاريخية لتبقى راسخة في أذهان طلابنا على مر الأجيال، وبذلك نحاربسياسة التجهيل التي ينتهجها العدو"".وأكد اللقطة بأن هذا الاستهداف والاعتداء على مدارس الأطفال يوضح مدى همجية هذا المحتل الغاصب، وعدم التزامه بأي من المواثيق أو القوانين الدولية.",,113,0,1,undecided,General/Other Ambiguous Context
source_100,credible,25 انتهاكًا إسرائيليًا بحق الصحفيين في شهر نيسان المنصرم,"رابط مختصر:

رام الله - دنيا الوطن

قالت وكالة الأنباء والمعلومات الفلسطينية (وفا)، اليوم الاحد، إنها وثقت 25 انتهاكا إسرائيليا بحق الصحفيين خلال شهر نيسان/ ابريل المنصرم.



وأضافت (وفا)، في تقريرها الشهري، أن الانتهاكات الإسرائيلية تواصلت ضد الصحفيين الفلسطينيين، وأطلقت قوات الاحتلال الرصاص الحي والمعدني والقنابل المسيلة للدموع واعتدت عليهم بالضرب والاعتقال المباشر أو بتقديمهم للمحاكمات ضمن سياستها الهادفة لمصادرة الحقيقة وتكميم الأفواه وقمع حرية الرأي والتعبير للتغطية على جرائمها اليومية بحق المواطنين العزل ومنع إيصالها إلى الرأي العام العالمي.



وأوضحت الوكالة أن عدد المصابين من الصحفيين خلال نيسان/ ابريل جراء إطلاق الأعيرة المطاطية وقنابل الغاز المسيلة للدموع والاعتداء بالضرب المبرح، بلغ 15 مصاباً، في حين أن عدد حالات الاعتقال والاحتجاز وسحب البطاقات وإطلاق النار التي لم ينتج عنها إصابات بلغ 9 حالات، وسجلت حالة اعتداء واحدة على المؤسسات والمعدات الصحفية.



وبينت انه بتاريخ 2-4-2021 أصيب مصوران صحفيان بعيارين ""اسفنجيين""، خلال تغطيتهما قمع قوات الاحتلال مسيرة قرية كفر قدوم الأسبوعية، شرق قلقيلية. وهم: مصور تلفزيون فلسطين بشار نزال، والمصور عبد الله شتيوي.



وبتاريخ 5-4-2021 اعتقلت قوات الاحتلال الإسرائيلي الصحفي خالد محمد مطير خلال اقتحام منزله في مخيم قلنديا للاجئين، شمالي مدينة القدس الشرقية المحتلة.



وبتاريخ 6-4-2021 توجّهت الصحفية الحرّة منى القواسمي، إلى مركز شرطة القشلة بناء على استدعاء سابق من الشرطة الإسرائيلية بتاريخ 29 آذار/مارس 2021، وبعد انتظار ساعة طلبوا منها العودة في اليوم التالي ليتم إبلاغها بالتحفظ على هاتفها المستولى عليه.



وأفرجت سلطات الاحتلال الإسرائيلي بتاريخ 11-4-2021 عن الأسير الصحفي مصعب سعيد (29 عاماً) من بلدة بيرزيت شمال رام الله بعد اعتقال إداري استمر 8 أشهر.



واعتقل الصحفي مصعب سعيد بعد أن اقتحمت قوة كبيرة من جيش الاحتلال منزله في بلدة بير زيت في شهر آب/ أغسطس من العام المنصرم، وحول للاعتقال الإداري لمدة 4 شهور، ثم جدد مرة أخرى لمدة 4 أشهر.



وبتاريخ 12-4-2021 استهدفت شرطة الاحتلال، مصوّر وكالة ""أسوشيتد برس"" الأميركية (AP) محمود عليان بقنابل الصوت، ما أدى إلى إصابته بحروق شديدة، أثناء تغطيته تظاهرة الشيخ الجراح الأسبوعية ضد الاستيطان في القدس.



كما منعت شرطة الاحتلال، بتاريخ 17-4-2021 عقد مؤتمر صحفي لمرشحين للانتخابات التشريعية الفلسطينية، في مدينة القدس، وقامت بإبعاد الصحفيين وطردهم من المكان.



وبتاريخ 21-4-2021 اعتقلت قوات الاحتلال، مراسل قناة ""الجزيرة"" مباشر ومدير شبكة ""جي ميديا"" الإعلامية الصحفي علاء الريماوي بعد اقتحامها منزله في مدينة رام الله.



واستهدفت شرطة الاحتلال بتاريخ 22-4-2021 مصوّر التلفزيون الأردني رجائي الخطيب برصاصة مطاطية أصابته في قدمه، كما تعرّض للضرب ولمحاولة اعتقال، أثناء تغطيته المواجهات التي اندلعت بين عناصر الشرطة وبين شبان فلسطينيين في باب العمود في القدس.



وبالتاريخ السابق اعتقلت قوات الاحتلال الصحفي قتيبة صالح قاسم أثناء توجهه الى مدينة القدس، عبر معبر 300 العسكري، شمال مدينة بيت لحم المؤدي إلى القدس واقتادته الى جهة مجهولة.



كما استهدفت قوات الاحتلال، بتاريخ 23-4-2021 مراسل فضائية ""الغد"" خالد بدير بقنبلة غاز أصابته في قدمه، أثناء تغطيته المواجهات التي اندلعت غرب مدينة طولكرم بينها وبين شبان فلسطينيين، خلال تظاهرة لدعم أهالي القدس وتنديداً باعتداءات الشرطة الإسرائيلية عليهم. فيما تم الاعتداء على مراسل ومصور تلفزيون فلسطين أسيد صبيح وبلال جبارين أثناء تغطيتهما مسيرة ليلية على مدخل مدينة البيرة الشمالي.



وبنفس التاريخ السابق، اعتقلت قوات الاحتلال، مراسل وكالة ""سند"" الإخبارية الصحفي محمد عتيق على حاجز ""عطروت"" العسكري شمال غربي مدينة القدس.



وبتاريخ 24-4-2021 اعتدت قوات الاحتلال، على المصوّر الحرّ وهبة مكية بالضرب المبرح، ما أدى إلى إصابته بتمزّق في العضلات وبرضوض في يده، والصحفية زينة الحلواني خلال تغطيتهم اعتداء المستوطنين على بيوت المواطنين في منطقة الشيخ جراح في القدس.



وعلى الصعيد ذاته، استهدفت قوات الاحتلال بتاريخ 25-4-2021 كلاً من مراسل قناة ""رؤيا الأردنية"" حافظ أبو صبرا بقنبلة غاز أصابته في صدره، ومراسل قناة ""الجزيرة"" مباشر طارق يوسف بقنبلة مماثلة في رأسه، فيما أصيب طاقم قناة ""الغد"" الذي ضم المراسل خالد بدير والمصوّر حازم ناصر، ومراسل شبكة ""جي ميديا"" الإعلامية محمود مطر بالاختناق الشديد نتيجة استنشاقهم الغاز المسيل للدموع، خلال تغطيتهم المواجهات التي اندلعت بين الجنود وبين شبان على حاجز ""حوارة"" العسكري جنوب نابلس.



وبالتاريخ ذاته 25-4-2021 اصيب المصور الصحفي لوكالة الاناضول التركية فايز أبو رميلة بعيار مطاطي بقدمه اليمنى خلال عمله في تغطية اعتداءات جنود الاحتلال في القدس.



وبتاريخ 27-4-2021 حولت سلطات الاحتلال الصحفي علاء الريماوي إلى الاعتقال الإداري لمدة ثلاثة شهور.",,657,0,1,undecided,Source-Specific Artifacts / Boilerplate
source_39,credible,هذيان الشيخوخة... هيثم المالح نموذجاً,"لسنا أمام حالة متزنة بالمطلق، لكن شيئاً أكثر وضوحاً وإضحاكاً في الشخصية التي رأيناها عبر شاشة ""تلفزيون سوريا""، هو فرط الحساسية التنبيهي الذي يعانيه المالح جراء ذكر أي شخصية سورية. فهو لم يظهر مهاجماً للنظام السوري، بقدر ما حاول تصغير الشخصيات التي قد يُمكن ذكرها من المعارضين أو الناشطين السوريين: علي العبد الله ""ناشط عادي""، حسن عبد العظيم ""اشتراكي بخطاب بائس"" ولم يُشر بأي شكر له رغم مساندته له أثناء محاكمته... وصولاً إلى ضرب رزان زيتونة بخطاب عبّر فيه بشكل كاملٍ عن رؤيته للأنثى السورية والمرأة والحرية عموماً. فمنذ بداية المقابلة لم يُخف المالح علاقته بأركان السلطة، وسهولة تواصله معهم. الهيثم لن يقنع أحداً بأنه ندٌّ لهم، لكنه لا يقبل أن يكون أقل وجوداً وتشخصناً من دون إفهامنا بأنه راعٍ، وأستاذ، وحقوقي، ومعارض، وشبه نبي. الأسطورة التي يحيك فيها قصصه تجعله أقرب للراعي الشرقي الذكوري، فارضاً علينا قصصه واستدماجه تاريخ سوريا بنفسه كما يفعل بشار الأسد تماماً. ولأنه أشبه براعٍ هذياني، كان عليه التماذج تماماً بوضع نظام رفضي، مُحدداً ثقافة محددة لرؤية سوريا ومجتمعها، ومعاقباً من يخالفه فيها قدحاً في اللغة واستخفافاً فيها.



فبينما يستعيض بالتراث الشعري لوصف نفسه، تتغير ملامحه وتتكئ شفتاه على عنة صوته ويحرك يديه حركة استخفاف بوصف الآخرين. كان غياب رزان زيتونة شديد التأثير فيه كشخصية هذيانية أنوية بحتة، لا يتحدث عنها أحد، ولا يعني أحداً وجودها. فتح باباً للسرد عنها، محاولاً جعل نشاطها عادياً وبسيطاً لفتاةٍ في الثانية والعشرين من العمر تقاتل أشرس الأنظمة الاستبدادية بكفاءة وتضحية. والسؤال الذي نستحق أن نطرحه على المالح وغيره: أهكذا كُنتم تُعاملون نخبة الشباب العاملين في الحقل الإنساني والسياسي والحقوقي في سوريا؟ فلم يُثمّن المالح عمل زيتونة، ولم يجعل له أي قيمة، متحدثاً عنه بسرعة ومن دون أي كفاءة حتى في السرد. وصولاً إلى افتعال سرد شخصي بينه وبينها، وتعظيم خلاف لا يبدو للوهلة الأولى أنه يملك أي أهمية، لكن فصوله التي خرجت عبر وسائل التواصل لا تميل أبداً إلى تصديق رواية المالح، ليس لأن الزيتونة أنثى ونميل للوقوف إلى جانبها، لكن، على طريقة باختين في لم شمل النصوص والآراء والسرد الشخصي لفهم نظرية الشخص، ولفهم تحول الشخصية في الشظايا التي يمكن جمعها من التفاصيل، فلا نميل إلى تصديق المالح بقدر ما نصدق ما يُحكى عنه بأنه عرض عليها زواجاً، وبأن رفضها حقق لشخصية الراعي الذكري التي فيه تشظياً أكثر عُنفاً، فهو لم يبادر لتحطيمها لفظياً، بل حقق مسروداً تبسيطياً، يتناسب مع تحقق شخصيته هو، لا قيمة نضالها هي.



وفي مواجهة هروبه من النظام الذي راعه وتخوف قتله، حسب زعمه، لأنه ""عظمة كبيرة""، فإن الزيتونة الأكثر جرأة وقوة ومعنى منه في غيابها، هاجمها كراعٍ مستبد وفي الوقت ذاته بوصفها ابنة، حينما سأل عتاة ""جيش الإسلام"" عنها والذين أيضاً يجتمع معهم ضمن النظام التكيفي لصنع نفسه كراعٍ مستبد، مع التذكير بأنها ابنته، ما يجعلها مثلاً ضمن دائرة رعاياه الذين يحتاجهم ليفرض علينا سلطته وأثره وقوة شخصيته في العلاقات. في النظام التكيفي لشخصيته ذات النظام الرفضي المُختار، لم يقل لنا المالح إنجازاته مع ""اختيار"" أو""العلوش""، فلماذا رزان ابنته هنا؟ هل تحدّث لهم عن معتقلين آخرين أو ضحايا آخرين قتلهم ""جيش الإسلام"" وأخفاهم؟ هل رزان زيتونة مواطنة من طبقة أخرى من طبقات السوريين الذي على المالح السؤال عنهم؟ هل معرفته برزان تجعلها ابنته التي يخاف الراعي فقدها لأنه عرفها؟ أم دورها السياسي والفكرة التي تحققها وتناضل من أجلها ما جعله يسأل عنها؟... التوكيد على الأبوة ساذج، وهو يعرف في حد ذاته أن أقام تصعيداً نفسياً فهي بالكاد تهمه إلا من باب أنه قد سأل عنها وحاول تخليصها، ليضيف هذا لإنجازات وهمية يجعلها الراعي مجداً وعظمة. بالكاد يسرد المالح قصصاً تنتهي بمجمل إحباطات، إلا أن نظامه الهذياني الخاص يستعيد توازنه بنقد رزان زيتونة على ثيابها، أو مجمل تطلعاتها التي تبدو حرة. التكيفية المريضة تستعيد توازن الاتهام والرفض والعقاب، ولو لم يكن هذا العقاب قد جاء على يديه، بل على أيدي رعاة يشبهونه يشاهدوننا خرافاً وقطعاناً ناعمة تتبع قيوداً ويأتيهم العقاب. إنه راعٍ قاسٍ وبلا عاطفة وجاحد، هذا لن يؤذيه أبداً، طالما أنه يُعبّر عن نفسه تماماً كما يُحب.



أليست جائزة لنا أن نشاهد المالح هكذا؟ طبعاً، هذا جيد لكي نعرف الكثير عما دار في خلد ثقافتنا السياسة وطبيعة شخصياتها.



الاحتجاج النسوي جيد وحُر وحقيقي في وجه المالح ونقده لحرية الآخرين والمرأة عموماً. لكن ما يبدو أقسى علينا، أن يكون المالح جاحداً إلى هذا الحد، ومريضاً وقاسياً. في المقابلة ذاتها، عرفنا أيضاً أن المالح، حينما يملك ابنة من الحياة يكون رجاء الأهل طويلاً. يؤكد على الرجاء الآتي نحوه لقبوله تلميذاً. هذا الرجاء البدئي، ذو الطابع الديني، يُشير إلى شخصيته تماماً، هذا ليس رجاء لنبي بالطبع، لكن عليه أن يظهر هكذا.



توكيد الرجاء نحوه مثير للضحك والسخرية في آن معاً، ومهين لذوي رزان الذين وثقوا فيها ولم يترجوه بالطبع. وقد نسى أنه يتحدث عن أهل مفجوعين بابنتهم، فكانوا يستحقون رجاء المسامحة والمحبة والحنو لأوضاعهم، مثل آلاف الأمهات والآباء، بدلاً من وضعهم في موقع الرجاء لأي أحد.



الراعي المستبد الأسدي لا يختلف في أي شيء عن هيثم المالح، الفارق الوحيد أن الأسد يملك دلائل توكد شخصية الراعي التي فيه، أما المالح فيهذي هذا كله من دون أي واقعٍ يجعله يملك نظاماً رفضياً وحاسماً.",,797,0,1,undecided,General/Other Ambiguous Context
source_82,undecided,غوارديولا غاضب ويُحذر محرز وزملائه قبل نهائي دوري الأبطال ! — النهار أونلاين,"أبدى “بيب غوارديولا” مدرب “مانشستر سيتي” عن غضبه من أداء الفريق في مباراة أمس الثلاثاء أمام “برايتون”.

وقال “غوارديولا” في تصريحات صحفية: “بكل صراحة.. أنا قلق وغاضب في آن واحد”.

وأضاف: “أمامنا نهائي دوري الأبطال وعلينا أن نحضر له بالصورة المثالية فسنواجه خصما صعبا”.

وتابع: “يجب علينا أن نتحسن من أجل النهائي.. علينا أن نكون حذرين أكثر وأكثر”.

يذكر أن “السيتي” انهزم أمس الثلاثاء أمام “برايتون” بنتجة 3/2.",,68,1,0,credible,Source-Specific Artifacts / Boilerplate
source_74,not credible,حزب الشعب يريد يدعو قيس سعيد إلى إقالة نادية عكاشة,"دعا المدير التنفيذي لحزب “الشعب يريد” نجد الخلفاوي إلى إقالة مديرة ديوان رئيس الجمهورية نادية عكاشة بسبب الأخطاء و المغالطات التي إرتكبتها ، مؤكدا انه ليس لديهم أي مشكلة شخصية مع عكاشة.

و جدد الخلفاوي في تصريح للإذاعة” الوطنية” أنه لا علاقة لحزب الشعب يريد برئيس الجمهورية ، مؤكدا ان هدف حزبه هو تجديد الطبقة السياسية .

و اشار الى ان “الشعب يريد” يستهدف الشباب مشددا ان حزبه لا يملك اي مقرات لأنها مدعاة للمال الفاسد والابتزاز ، على حد تعبيره.

و دعا الخلفاوي رئيس الجمهورية الى أن يكون رئيس الى التونسيين و يمد يده إلى الجميع.

المصدر : الجمهورية",,100,2,1,undecided,Government & Official Statements
source_121,undecided,بطاقة العسعوسي,"لا شك أن ديموقراطيتنا، وبعد ستين عاماً من التجارب المريرة، لا تزال غير مكتملة ولا ناضجة، وغير معترف بها عالمياً كديموقراطية حقيقية، ولكننا راضون بالوضع، وإن على مضض، مع شعورنا بضرورة دعمها بتعديلات تجعلها أصعب اختراقاً، وأكثر مدعاة للاحترام، منا ومن غيرنا!

***



تنتشر خلال كل انتخابات نيابية اتهامات خطيرة عن قيام مرشحين بعمليات نقل أصوات مواطنين ناخبين من مناطق سكنية لأخرى من خلال تغيير عناوين سكنهم على البطاقة المدنية مؤقتاً، وقبل قفل باب سجلات قيد الناخبين، التي تجري عادة في فبراير من كل عام، والتي يتم خلالها شطب المتوفين وإضافة من بلغوا سن الانتخاب، أو من قام بتغيير عنوان سكنه.

***

بالرغم من صعوبة إثبات وجود عمليات نقل كبيرة للأصوات من منطقة إلى أخرى، مع وجود شخص فاضل على رأس هيئة المعلومات المدنية، هذا غير ما تتطلبه عملية تغيير أو نقل عنوان السكن من جهود بشرية، يصعب ضمان سكوتها إلى الأبد، فإن من الضروري سد باب الذرائع، وإسكات أصوات المشككين في نزاهة العملية الانتخابية واستقامة جهاز المعلومات المدنية، وذلك من خلال إنشاء هيئة وطنية دائمة للانتخابات تكون مهمتها:

1 - الترتيب للانتخابات والإشراف عليها ومراقبة مجرياتها.

2 - اعتماد البطاقة المدنية في التصويت في أي انتخابات قادمة، وإلغاء التصويت ببطاقة الجنسية.

3 - إلغاء نظام القيود الانتخابية الحالي.

4 - التطبيق الدقيق لقرار هيئة المعلومات المدنية المتعلق برفض نقل عنوان السكن قبل مرور عام عليه. مع عدم الموافقة على التغيير بغير ما يثبت ذلك، مثل فاتورة استهلاك الكهرباء والماء، أو شهادة من مختار المنطقة وغير ذلك.

***

إنشاء هيئة مستقلة للانتخابات سيوفر الكثير من الجهد والمال على الدولة، وسيجعل قيود الناخبين دقيقة وجاهزة للاستخدام في أي لحظة. وسيقضي إنشاؤها على التلاعب في عناوين السكن والنقل الموسمي الجائر للعناوين. كما ستحد كثيراً من تأثير المزدوجين على نتائج الانتخابات، خاصة الذين يأتون إلى البلاد للمشاركة فيها، مقابل «قبض المقسوم» والعودة ثانية من حيث أتوا.

ويمكن دعم هذه الهيئة بمطالبة أصحاب البنايات والبيوت المؤجرة بضرورة إبلاغ الداخلية أو هيئة المعلومات المدنية بكامل المعلومات عن القاطنين لديهم، وتوثيق تنقلات السكن للضرورة الأمنية ولمنع التلاعب في العناوين المدونة على البطاقة المدنية، سواء كان القاطن مواطناً أو وافداً مقيماً.

نتمنى، وليس لنا غير التمني، على سمو الرئيس المكلف الاهتمام بهذا الاقتراح، فتطبيقه سيثلج صدور الكثير من المخلصين.

أحمد الصراف

[email protected]

",,356,1,2,not credible,Government & Official Statements
source_95,credible,القاسم الانتخابي.. آلية لتوطيد الديمقراطية التشاركية والتعبئة المدنية,"اعتبر الباحث السياسي مصطفى السحيمي أن القاسم الانتخابي الجديد على أساس المسجلين في اللوائح الانتخابية، آلية لتوطيد الديمقراطية التشاركية، كما من شأنه أن يكون له وقع على التعبئة المدنية. وأكد الأكاديمي، في مقال تحليلي بعنوان “الديمقراطية والتمثيلية الحزبية”، أن الأخذ بعين الاعتبار بعدد الناخبين المسجلين، عوض الأصوات المدلى بها، سيوسع نطاق وأبعاد الديمقراطية التشاركية.

وأبرز أن “المقاعد التي حصلت عليها الأحزاب لها نفس القيمة الديمقراطية. فهي تأتي من مواطنين مسجلين في اللوائح الانتخابية، كأعضاء في الهيئة الناخبة التي تمثل أساس كل تعبير سياسي”.

ويرى هذا الخبير أن القاسم الانتخابي سيحفز مزيدا من الناخبين المسجلين للتوجه إلى صناديق الاقتراع “لأنهم سيقيسون مدى تأثيره على نتائج الانتخابات”، لافتا إلى أن “هؤلاء هم ناخبون مسجلون ولكنهم سيذهبون ويصوتون في نفس الوقت إضافة إلى أولئك الذين يصوتون تقليديا”.

في الانتخابات التشريعية لأكتوبر 2016، لاحظ الباحث، لم يكن هناك سوى 6 ملايين و640 ألف و626 مصوتا و5 ملايين و779 ألف و4 صوتا معبر عنه وعدم احتساب 861 ألف و622 ورقة تصويت، مشيرا إلى أن عدد الناخبين المسجلين بلغ 15 مليون و702 ألف و592 ناخبا، ومبرزا أن “10 ملايين ناخب مسجل لم يدلوا بأصواتهم”.

وتابع أن الميزة الأخرى للقاسم الجديد تتعلق بتمثيلية سياسية واسعة، مشددا على أنه مع الأخذ بعين الاعتبار أكبر بقية التي سيتم تطبيقها لتوزيع المقاعد الشاغرة، فإن الأحزاب الصغيرة لديها إمكانية التمثيل بمجلس النواب المقبل.

وقال إنه “من غير المقبول ولا يمكن الترافع عن أي مقاربة معينة تعتبر أن هذه الفئة من المقاعد التي يتم شغلها على أساس أكبر بقية على أنها ذات قيمة ومحتوى ديمقراطي أقل”، مشيرا إلى أنها (المقاربة) تعتبر هذه المقاعد ب” التعويضية”، ومؤكدا على أن هذا الأمر غير صحيح لأن هذه المقاعد تأتي من اختيار الناخبين، بعضهم مسجل والآخر من المصوتين.

كما سجل السيد السحيمي أنه مع القاسم الانتخابي الجديد سيكتسب مجلس النواب مصداقية وشرعية، مضيفا أن “الطيف الواسع للتمثيلية الحزبية والسياسية سيكون له مكانة: الأحزاب الكبيرة طبعا، ولكن أيضا الأحزاب المتوسطة والصغيرة”، ولافتا إلى أن التعددية السياسية سيكون لها تعبير أكثر تعزيزا، مما يكرس التراكم الديمقراطي.

ويمكن القول إن القاسم الانتخابي “يوسع مجال التمثيلية الحزبية في البرلمان ويضع حدا للأوضاع غير العادلة وغير المنصفة والعقابية”.

وأبرز أنه مع هذه الآلية، “ستنخرط المملكة في تكريس التمثيلية السياسية، وأن النظام الحزبي سيتم إعادة تشكيله، وسيضمن استقرار وفعالية الأغلبية والحكومة المنبثقة عنها. والخلاصة أن النتيجة ستمثل خطوة إلى الأمام في ترسيخ المكتسبات الديمقراطية”.",,372,0,1,undecided,Government & Official Statements
source_86,credible,النواب يناقش تعديل قانون الجهاز المركزي للتنظيم والإدارة,"

بدأ مجلس النواب في مناقشة تقرير لجنة الشئون الدستورية والتشريعية، ومكتبي لجنتي الخطة والموازنة والقوى العاملة، عن مشروع قانون مُقدم من الحكومة بتعديل بعض أحكام قانون إنشاء الجهاز المركزي للتنظيم والإدارة الصادر بالقانون رقم (118) لسنة 1964.



كانت الحكومة تقدمت بمشروع القانون في الفصل التشريعي السابق، ولم يتمكن المجلس من الانتهاء منه قبل نهاية مدة الفلص التشريعي جددت الحكومة طلب البت فيه.



وأوضح تقريرر اللجنة، أن مشروع القانون يعد استحقاق دستوري خاصة المادة (14) منه، التي تؤكد أن الوظائف العامة حق للمواطنين على أساس الكفاءة ودون محاباة أو وساطة، وتكليف للقائمين بها لخدمة الشعب، وتكفل الدولة حقوقهم وحمايتهم، وقيامهم بأداء واجباتهم في رعاية مصالح الشعب.



ولفت التقرير إلى أن المشروع يعد تنفيذًا للمادة (32) من القانون رقم (81) لسنة 2016 بإصدار قانون الخدمة المدنية، التي تنص على أنه «يجوز بقرار من السلطة المختصة نقل الموظف من وحدة إلى أخرى، وذلك إذا كان النقل لا يفوت عليه دوره في الترقية أو كان بناءً على طلبه. ويكون نقل شاغلي الوظائف القيادية إلى خارج الوحدة بقرار من رئيس مجلس الوزراء. ولا يجوز نقل الموظف من وظيفة إلى أخرى نقل في مستواها عن مستوى وظيفته الأصلية. وتحدد اللائحة التنفيذية القواعد الخاصة بالنقل».



يأتي مشروع القانون أيضًا ليتفق مع المادة (10) من اللائحة التنفيذية لقانون الخدمة المدنية، التي تنص على أن «تضع كل وحدة خطة سنوية لتدريب موظفيها بكل مستوياتهم الوظيفية، خاصة عند دخول الخدمة وعند الترقية لدعم المسار الوظيفي، وذلك بعد تحديد وتحليل الاحتياجات التدريبية وتقارير تقويم الأداء. بهدف تطوير وتنمية قدراتهم ومهاراتهم وكفاءتهم الوظيفية ورفع معدلات الأداء، بما يكفل تنمية ثقافة الخدمة المدنية ودورها في المجتمع وتحقيق أهدافها. وتتولى لجنة الموارد البشرية اقتراح البرامج والدورات التدريبية واعتمادها من السلطة المختصة وإرسال صورة منها إلى الجهاز».



وأوضح النائب إيهاب الطماوي وكيل لجنة الشئون الدستورية، خلال عرض التقرير، أن مشروع القانون يتفق مع رؤية مصر 2030 للتنمية المستدامة واستراتيجية مكافحة الفساد، التي تهدف أيضًا إلى وجود جهاز إداري كفء وفعال يتسم بالحوكمة، لتعظيم موارد الدولة وتحسينها.



ونوه بأنه يعمل على تمكين الجهاز من أداء دوره المنوط به قانونًا، استجابة لمتطلبات خطة الدولة في الإصلاح الإداري، التي هي في أساسها وهدفها الأسمى تقديم أفضل خدمة بأعلى جودة للمواطن المصري، بعد أن أثبتت التجارب العملية ضرورة إجراء عملية الإصلاح الإداري، للقضاء على البيروقراطية الإدارية والترهل في بعض الوزارات على حساب بعض الوزارات الأخرى، ولتمكين الجهاز من تطوير الهياكل الوظيفية، ومراعاة التخصص لتحقيق أعلى معايير الجودة على النحو السالف بيانه.",,382,0,1,undecided,Government & Official Statements
source_95,credible,إسبانيا… 81٪ من البطيخ المستورد قادم من المغرب,"الدار / خاص

كشفت دراسة أجرتها منظمة ” COAG” قبل انطلاق الحملة الزراعية في إسبانيا، أن 81٪ من البطيخ المستورد، قادم من المغرب.

وأشارت المنظمة في دراستها، الى أن تحرير واردات هذا المنتج من خلال الاتفاقيات بين الاتحاد الأوروبي والمغرب هو أساس الانخفاض الملحوظ في الأسعار، مضيفة أن “واردات البطيخ إلى إسبانيا ارتفعت 9 أضعاف تقريبًا خلال السنوات الخمس الماضية، من 10572 طنًا في عام 2014 إلى 88603 طنًا العام الماضي”.

ووفقا لذات الدراسة، ففي عام 2020، استحوذ البطيخ المغربي على 81٪ من إجمالي البطيخ المستورد، تليها السنغال (10٪) والبرازيل (1.8٪)، علما أن ” تحرير دخول هذا المنتج إلى الاتحاد الأوروبي تم من خلال اتفاقيات التجارة بين الاتحاد الأوروبي والمغرب التي ندد بها أندريس غونغورا، رئيس قطاع الفاكهة والخضروات في COAG..

وأضافت الدراسة ذاتها، أن “المنافسة من دول ثالثة لا تطاق بسبب ظروف الإنتاج بعيدة كل البعد عن المعايير الأوروبية الصارمة فيما يتعلق بسلامة الغذاء وحماية البيئة والحقوق الاجتماعية للعمال”.

ولهذا السبب، طلبت لجنة الزراعة في بداية الحملة من هيئات الشراء المركزية تفضيل المنتج الوطني لتجنب المضاربة. “من الخطأ القول إن سلاسل التوزيع يجب أن تلجأ إلى الواردات لأنه لا يوجد منتج هنا. هناك ما يكفي من البطيخ لتزويد الأسواق المختلفة”.",,191,0,1,undecided,Government & Official Statements
source_82,undecided,البحث عن شاب مفقود وسط الكثبان الرملية في كرزاز ببني عباس — النهار أونلاين,"تلقى مركز التنسيق العملي “CCO” ببشـار، نداء، مفاده ضياع شخص يدعى “و.ع”، منذ حوالي 3 أيام، وسط الكثبان الرملية بكرزاز في بني عباس.

وحسب بيان لمديرية الحماية المدنية بالولاية، فقد تدخلت الوحدة الثانوية للحماية المدنية كرزاز، على إثر هذا النداء، ليلة الخميس، أين إنطلقت عملية البحث.

وتم تنصيب خيمة صباح يوم الجمعة، في قرية بن عبد القادر ببلدية تيمودي لتسهيل عملية الإتصال والتنسيق مع فرقة البحث.

هذا وإستئنفت عملية البحث عن المفقود، صباح اليوم السبت، من طرف الوحدة الثانوية للحماية المدنية كرزاز مدعمة بوحدة أولاد خضير.

وأشار البيان، إلى إنه قد تم تسخير لعملية البحث، 15 عونا بمختلف الرتب.

بالإضافة إلى حضور المدير الولائي للحماية المدنية ببشار ورئيس وحدة كرزاز وفرقة الدرك الوطني.",,113,1,2,not credible,Source-Specific Artifacts / Boilerplate
source_55,credible,برنامج “سكني” يوقع اتفاقية مع “الطيران المدني” لتقديم الخدمات الإسكانية,"صحيفة وصف :أعلن برنامج “سكني” عن توقيع اتفاقية تعاون مع الهيئة العامة للطيران المدني؛ بهدف تقديم عدد من الخدمات السكنية لمنسوبي الهيئة من مستحقي الدعم السكني، بحضور وزير الشؤون البلدية والقروية والإسكان ماجد بن عبدالله الحقيل، ورئيس الهيئة العامة للطيران المدني عبدالهادي أحمد المنصوري.

ووقّع الاتفاقية الأمير سعود بن طلال وكيل الوزارة للدعم السكني وخدمة المستفيدين، وعن الهيئة مساعد الرئيس للخدمات المساندة جمال بن عبدالله الفويرس؛ وذلك في مقر الوزارة بالرياض، في إطار مهام إدارة الإسكان المؤسسي التي تُعنى بتقديم التسهيلات لمنسوبي الجهات الحكومية والقطاعات الخاصة وتوفير الدعم والتسهيلات لتملك المسكن الأول؛ وفقًا لرغباتهم واختياراتهم ضمن الخيارات السكنية والحلول التمويلية التي يقدّمها “سكني”.

وتستهدف الاتفاقية، تعزيز التعاون المشترك بين الوزارة والهيئة لتحقيق الاستفادة الكاملة من الإمكانيات المتاحة بين الطرفين ضمن التعاون المثمر بين الجانبين؛ لتحقيق الأهداف المنشودة لزيادة نسبة تملك الأسر السعودية لمنزلها الأول إلى 70% بحلول 2030، كما تأتي الاتفاقية تقديرًا لجهود الهيئة ومنسوبيها في بناء وتطوير خدمات النقل الجوي وفق أحدث التقنيات تبعًا لرؤية المملكة 2030.

وتَضمنت الاتفاقية تقديم خدمات سكنية ميسرة لمنسوبي هيئة الطيران المدني، وتعزيز الشراكة مع الهيئة لتسهيل إجراءات التملك لمنسوبيها، وتوفير الوقت والجهد بإقامة منصات دائمة ومؤقتة داخل الجهات التابعة لها؛ لتقديم جميع الخدمات الإجرائية لتملك المسكن الأول، بالإضافة إلى خدمة المستشار العقاري لعرض أفضل التوصيات التمويلية والحلول العقارية، وتطوير الحلول السكنية والتمويلية لمنسوبيها، إلى جانب تواجد موظفي الاستحقاق المباشر للتأكد من حالات التسجيل، وتوفير الخدمات والاحتياجات اللازمة بما يتناسب مع رغبات المستفيدين.

يُذكر أن أكثر من 1.1 مليون أسرة سعودية استفادت من الخيارات والحلول السكنية والتمويلية المتنوعة التي قدّمها برنامج “سكني” منذ إطلاقه عام 2017 وحتى عام 2020، منها آلاف الأسر المستفيدة ضمن “الإسكان المؤسسي” بالشراكة مع الجهات الحكومية المختلفة، ويستعرض موقع وتطبيق “سكني” 95 مشروعًا سكنيًّا تحت الإنشاء، توفر أكثر من 141 ألف وحدة متنوعة التصاميم والمساحات تتوزع في مختلف مدن ومناطق المملكة.",,291,0,1,undecided,Government & Official Statements
source_73,credible,المنستير: تسجيل 5 وفيات و110 إصابات جديدة بكورونا مقابل 164 حالة تعافي,"سجّلت الدوائر الصحية بولاية المنستير، 5 وفيات جديدة بفيروس ""كورونا""، و110 إصابات إضافية خلال الفترة الممتدة من 18 الى 20 مارس الجاري، ليرتفع مجموع الوفيات إلى 407 وفيات، والإصابات إلى 15 ألفا و34 إصابة، حسب آخر حصيلة محيّنة للإدارة الجهوية للصحة صادرة يوم السبت 20 مارس الجاري.

وسجّلت الجهة خلال ذات الفترة، 164 حالة تعافي جديدة ليرتفع المجموع إلى 14 ألفا و87 حالة شفاء، ومقابل 540 حالة مازالت حاملة لفيروس ""كورونا"".

وبلغ مجموع الحالات التي استقبلتها المستشفيات بولاية المنستير منذ بداية الجائحة، 1318 حالة، منها 61 حالة مازالت مقيمة، فيما بلغت نسبة إشغال أسرة ""كورونا"" بالمستشفيات العمومية 37 فاصل 4 في المائة، حسب ذات الحصيلة.",,105,0,2,not credible,Health & COVID-19
source_117,credible,مصر: مصرع 32 شخصاً وإصابة 66 في حصيلة مبدئية لتصادم قطارين شمال محافظة سوهاج,"لقي 32 شخصا مصرعهم وأصيب 66 آخرون في حصيلة مبدئية في حادث تصادم قطارين بمركز طهطا، شمالي محافظة سوهاج بصعيد مص،ر يوم الجمعة 26 مارس 2021.

إعلان اقرأ المزيد

وقال بيان لوزارة الصحة المصرية إنه فور وقوع الحادث تم إرسال 36 سيارة إسعاف إلى مكان الحادث ويجري نقل المصابين والقتلى إلى مستشفيات محلية. وأظهرت صور تداولها الإعلام المحلي عربات قطار انقلبت عند ترعة مياه. وذكرت هيئة السكك الحديدية أن مجهولين استخدموا مكابح الطوارئ بالقرب من مدينة سوهاج.

وأضافت أن المكابح تسببت في توقف أحد القطارين واصطدام الآخر به من الخلف وأنها تجري مزيدا من التحقيقات. وقال مصدر أمني لرويترز ""اصطدم القطاران أثناء سيرهما بسرعات ليست عالية جدا مما أدى إلى تدمير عربتين وانقلاب ثالثة"". وتوجهت وزيرة الصحة والسكان المصرية هالة زايد إلى سوهاج ""لمتابعة الحالة الصحية للمصابين (..) كما شكلت غرفة أزمات وطوارئ بسوهاج لمتابعة تداعيات الحادث"".

وأظهر مقاطع فيديو، متداولة على منصات التواصل الاجتماعي، خروج بعض عربات أحد القطارين عن القضبان. وتشهد مصر بصورة متكررة حوادث سكك حديد ومرور مأساوية. وأكثر الحوادث دموية وقع في عام 2002 عندما لقي 373 شخصا حتفهم بعدما اندلعت النيران في قطار مزدحم جنوب العاصمة.

ونهاية شهر شباط/فبراير 2019 شهدت محطة رمسيس للقطارات في القاهرة حادثا مروعا، حين صدم قطار مسرع حائطاً عند طرف رصيف المحطة مما تسبّب بانفجار واندلاع حريق ضخم أدى إلى مصرع 22 شخصا.

وتسبب هذا الحادث في استقالة وزير النقل هشام عرفات وقيام الرئيس المصري في آذار/مارس بتكليف كامل الوزير رئيس الهيئة الهندسية بالجيش آنذاك ليتولى مسؤولية قطاع النقل والمواصلات. وتملك مصر واحدة من أكبر وأقدم خطوط السكك الحديدية في المنطقة.

الرسالة الإخباريةأبرز الأحداث الدولية صباح كل يوم اشترك",,259,0,2,not credible,Source-Specific Artifacts / Boilerplate
source_8,not credible,توقف شخصين في قضيتين تتعلقان بتهريب مواد غذائية بعين قزام,"تمكنت عناصر الفرقة المتنقلة للشرطة القضائية بعين قزام من توقيف شخصين تتراوح أعمارهما ما بين 20-22 سنة في قضيتين متفرقتين.

القضيتين تتعلقان بتهريب مواد غذائية بإستعمال وسيلة نقل مع حجز كمية معتبرة من مادة الفرينة قدرت بـ 20 قنطار. بالإضافة إلى 20 قنطار من مادة السميد. حيثيات القضية تعود إلى عمليات مراقبة وتفتيش ميدانية قامت بها عناصر الشرطة القضائية بدائرة عين قزام على مستوى الإقليم الحضري. أين لفت إنتباههم سيارتين محل شبهة تسيران بأحد المسالك الترابية، عليه تم إخضاعهما للمراقبة الأمنية والإدارية. وعقب توقيفهما تبين أنهما محملتين بمواد غذائية موجهة لتهريب مع عدم وجود الفواتير أوالرخص. المركبة الأولى كانت محملة بـ 20 قنطار من مادة الفرينة لا يحوز سائقها على أي رخصة أو فواتير تتعلق بالسلعة.

بينما المركبة الثانية فكانت محملة بـ 20 قنطار من مادة السميد لا يحوز كذلك سائقها على رخصة أوفواتير تتعلق بالسلعة. عليه تم تحويل المركبتين والسائقين وكذا السلع المحجوزة إلى المقر مع فتح تحقيق في القضية. بعد استكمال جميع الإجراءات الجزائية تم تقديم المشتبه فيهما السالفي الذكر أمام الجهات القضائية المختصة. أين أصدرت في حقهما أحكام قضائية تتمثل في حكم بـ 6 أشهر حبس موقوفة النفاذ مع غرامات مالية. العملية مكنت من حجز المركبتين والسلع المهربة.

أ.ش.د",,192,2,0,credible,Economics & Pricing
source_86,credible,تجديد حبس متهم بالاتجار فى الأعضاء البشرية بحلوان 15 يوما,"

ووردت معلومات لمديرية أمن القاهرة، بقيام عامل ببيع كليته بمبلغ 25 ألف جنيه، عن طريق الاتفاق مع عاطل وشقيقته وسمسار استغلوا حاجة المجني عليه للمال وعرضوا عليه بيع ""كليته"".



وألقت الأجهزة الأمنية بوزارة الداخلية القبض على عامل وشقيقته بتهمة الاتجار فى البشر بمنطقة المعصرة، بعد تكوينهم تشكيلا عصابيا يستغل حاجة المواطنين للمال لبيع الكلى.



وأوضحت التحريات فى المحضر الذى حمل رقم 2133 لسنة 2021، أن المتهمين قاموا بمرافقة المجنى عليه فى الإجراءات الخاصة بالتحاليل والإشاعات الخاصة بالجهات الحكومية، حتى عملية البيع ونقل العضو بالتحايل على القانون، كما قام المتهمون بإجبار الضحية على التوقيع على إيصالات أمانة، لتهديده فى حالة تراجعه عن إتمام عملية بيع ""كليته""، وضمان استمرار تجهيز الضحية لعملية نقل ""الكلية"".



وأضافت التحريات أن المتهم الثالث ""السمسار"" أجبر المجنى عليه على التوقيع على 4 إيصالات أمانة على بياض لتهديده بها، فى حالة تراجعه أو رفضه إجراء العملية، وأحضر له شقة تواجد بها المجنى عليه، لتحضيره لإجراء العملية بعد الكشف عليه طبيا وإجراء الأشعة والتحاليل له، ثم قام المتهم باصطحاب المجنى عليه إلى أحد المستشفيات وتم إجراء عملية نقل ""الكلية"" من المجنى عليه وإعطائه المبلغ المتفق عليه 25 ألف جنيه.



واعترف المجنى عليه ببيع كليته للمتهمين بسبب مروره بضائقة مالية، وأشار إلى أن تعرف على شخص كان قد باع كليته منذ عامين، وهو زوج المتهمة، وباستجواب الضحية الثانية اعترف بارتكابه للواقعة فى عام 2019 واعترف أن زوجته المتهمة طلبت منه بيع ""كليته"" وهددته بترك المنزل فى حالة رفضه بيعها، مشيرا إلى أن زوجته المتهمة وشقيقها اصحطبوه داخل شقة لإجراء التحاليل والأشعة له وتجهيزه للعملية، ثم تقابل مع سمسار أجبره على توقيعه على إيصالات أمانة لضمان استمراره معه، وعدم عدوله عن قرار البيع، ثم دفع له 22 ألف جنيه مقابل بيع كليته بعد إجراء العملية فى إحدى المستشفيات.",,277,0,2,not credible,Government & Official Statements
source_89,undecided,تعليق دوام جميع المدارس في المملكة ليومي غد وبعد غد,عمان- قرر وزير التربية والتعليم، الدكتور تيسير النعيمي، تعليق دوام جميع المدارس في المملكة غدا الأربعاء وبعد غد الخميس، حفاظا على سلامة الطلبة والمعلمين والإدارات المدرسية، بسبب الظروف الجوية المتوقعة، والتحول للتعليم عن بعد.- (بترا),,35,1,0,credible,Government & Official Statements
source_82,undecided,توقيف 4 أشخاص وضبط 472 غ كيف معالج في الشلف — النهار أونلاين,"تمكن عناصر فرقة البحث والتدخل بالشلف، في عمليتين متفرقتين من توقيف 4 أشخاص يقومون بترويج وبيع المخدرات.

وحسب بيان لذات المصلحة الأمنية، فقد تم خلال العملية الأولى، توقيف شخصين أعمارهما 25 و30 سنة.

ويقوم المعنيان، ببيع وترويج المخدرات على مستوى حي الرادار بالشلف.

وتمت العملية، بعد استغلال معلومات تفيد بوجود شخصين يقومان بترويج المخدرات على مستوى مختلف مناطق حي النصر بالشلف.

وبعد إتخاذ الإجراءات القانونية والأمنية، كللت العملية بتوقيف المشتبه فيهما وضبط بحوزتهما كمية من المخدرات تقدر بـ 192 غرام من الكيف المعالج.

لينجز ملف جزائي في حق المشتبه فيهما عن قضية الحيازة و الإتجار غير الشرعي بالمخدرات، أحيلا بموجبه أمام محكمة الشلف.

وأسفرت العملية الثانية عن توقيف شخصين يبلغان من العمر 20 و26 سنة، يروجان المخدرات بمنطقة الشرفة بالشلف.

وتمت العملية استغلالا لمعلومات مفادها وجود شخصين يقومان ببيع المخدرات، عبر أحياء وسط المدينة،

وبعد تكثيف الأبحاث والتحريات مع اتخاذ كافة الإجراءات تم توقيف المشتبه فيهما بالشرفة وضبط بحوزتهما 280 غرام من الكيف المعالج.

لينجز ملف جزائي في حقهما، حول قضية الحيازة والإتجار غير الشرعي بالمخدرات، أحيلا بموجبه أمام محكمة الشلف.",,171,1,2,not credible,Source-Specific Artifacts / Boilerplate
source_134,credible,بعد رسالته إلى الرئيس: لقاء مرتقب اليوم بين المكي وسعيّد,"اعتبر رئيس لجنة المالية هيكل المكي أنّ تونس اليوم في الهاوية وقال: ''الدولة التونسية اليوم مهددة في استقلالها واستمراريتها وأمنها لذلك ارتأيت بصفتي رئيسا للجنة المالية وبعد تفويضي من قبل أعضاء اللجنة توجيه رسالة إلى رئيس الجمهورية، بصفته رئيس المجلس الأمن القومي وأتت برمجة لقاء اليوم في هذا الصدد"".

وشدّد المكي، على ضرورة اتخاذ إجراءات وتدابير استثنائية ""ولم لا حالة طوارئ اقتصادية ومالية حتى ننقذ ما يمكن إنقاذه مع تصور إصلاح"".

*خليل عماري

",,73,0,2,not credible,Government & Official Statements
source_86,credible,السجن 5 سنوات لـ7 عناصر إخوانية حرضوا على العنف ضد مؤسسات الدولة بالشرقية,"أصدرت محكمة جُنح الإرهاب بالشرقية، برئاسة المستشار محمود جميل، رئيس المحكمة، اليوم السبت، حكمها بمعاقبة 7 أشخاص بالسجن لمدة 5 سنوات؛ لانضمامهم لجماعة الإخوان الإرهابية وحيازة منشورات تحريضية ضد الدولة ومؤسساتها.



وكانت الأجهزة الأمنية بمديرية أمن الشرقية، تمكنت من ضبط المتهمين الـ7، مُقيمين بدائرة مركز شرطة منيا القمح؛ بتهمة الانضمام لجماعة الإخوان الإرهابية.



وأفادت التحريات، بأن المتهمين عقدوا لقاءات تنظيمية وحازوا منشورات تحرض على العنف ضد الدولة ومؤسساتها، وبالعرض على النيابة العامة قررت إحالتهم محبوسين إلى محكمة جُنح الإرهاب، والتي أصدرت حكمها المتقدم.",,83,0,1,undecided,Government & Official Statements
source_47,credible,ميليشيات الحوثي تستهدف قاعدة الملك خالد الجوية في السعودية,"مرصد مينا – اليمن

استهدفت ميليشيات الحوثي فجر اليوم الأحد قاعدة الملك خالد الجوية في محافظة خميس مشيط جنوبي السعودية.

‏‏‏‏‏‏‏‏‏‏المتحدث الرسمي باسم الحوثيين العميد يحيى سريع أوضح في تغريدة على تويتر إن الاستهداف جرى باستخدام طائرة مسيرة من نوع قاصف 2k .

من جهة أخرى أكد التحالف العربي أن الدفاعات الجوية اعترضت ودمَّرت طائرة مسيَّرة، أطلقها الحوثيون باتجاه خميس مشيط.

يشار أن وزارة الخارجية الأميركية حملت ميليشيات الحوثي مسؤولية عدم اتخاذ خطوات لإنهاء الصراع في اليمن.

وفي بيان لها بعد جولة المبعوث الأميركي لليمن تيموثي ليندركينغ إلى المنطقة شددت الخارجية الأميركية على أن استمرار هجوم ميليشيات الحوثي على مأرب يزيد من معاناة الشعب اليمني، كما حملتها مسؤولية الإخفاق في التوصل لوقف إطلاق النار في اليمن.

التنديد الأميركي يأتي بعد جولة إقليمية للمبعوث الأميركي الخاص لليمن تيموثي ليندركينغ شهدت زيارة السعودية وعمان والإمارات والأردن.",,134,0,1,undecided,Government & Official Statements
source_76,not credible,تاجروين /حادث مرور مروع يخلف هذه الخسائر (صور ),"جد صباح اليوم حادث مرور مروع على مستوى الطريق الوطنية رقم 5 في مدخل تاجروين من جهة محطة المحاميد يتمثل في إصطدام سيارة أجرة (لواج)بعمود كهربائي مما خلف 8 إصابات متفاوتة الخطورة .

مشاركة :",,35,2,0,credible,Crime & Accidents
source_134,credible,الهمامي : كل العالم لم يعرف إلا ثلاث موجات كورونا تونس في الخامسة!,"احترام خصوصيتك هو أولويتنا

نحن نستخدم ملفات تعريف الارتباط والبيانات الأخرى لتوفير خدماتنا وإعلاناتنا وصيانتها وتحسينها. إذا وافقت ، فسنخصص المحتوى والإعلانات التي تراها. لدينا أيضًا شركاء يقيسون استخدام خدماتنا.",,30,0,2,not credible,Health & COVID-19
source_100,credible,رئيس وزراء إثيوبيا يعلن عزم بلاده بناء أكثر من 100 سد,"رام الله - دنيا الوطنقال رئيس الوزراء الإثيوبي، أبي أحمد، إن إثيوبيا ستبني أكثر من 100 سد مائي صغير ومتوسط، في مناطق مختلفة من بلاده، في السنة المالية الجديدة القادمة.وقال أبي، في كلمته أمام مراسم إطلاق المرحلة الأولى من طريق أداما-أواش السريع البالغ طوله 60 كيلومترًا، الهادف لتعزيز التكامل الاجتماعي والاقتصادي مع جيبوتي والمناطق المتاخمة لمدينة أداما، قال إن ذلك هو ""السبيل الوحيد لمقاومة أي قوى معارضة لإثيوبيا""، بحسب ما جاء على موقع (روسيا اليوم).وأشار رئيس الوزراء إلى أنه من المقرر أن يتم بناء أكثر من 100 سد صغير ومتوسط الحجم في مناطق مختلفة بحلول عام الميزانية الإثيوبية القادمة، وسيكون لذلك دور فعال في الإنتاج الزراعي الذي سيتضاعف حوالي ثلاث مرات في السنة، بهدف ضمان الأمن الغذائي لإثيوبيا.وشدد رئيس الوزراء على ضرورة تحقيق الخطة المعلنة، وقال يجب على الإثيوبيين بجميع أطياف المجتمع أن يتكاتفوا لتحقيق مثل هذه الطموحات الحاسمة وغيرها من البرامج التنموية.وفيما يتعلق بعلاقة إثيوبيا مع بقية دول العالم، أكد أبي أحمد أن الدبلوماسية هي مظهر من مظاهر أثيوبيا، لأنها أحد الأعضاء المؤسسين لمنظمة الوحدة الإفريقية والأمم المتحدة.وأشار إلى أن الأصوات التي سمعت مؤخرا ضد إثيوبيا ليست قائمة على الحقائق الواقعية، وتهدف الى تقويض العلاقات الدبلوماسية طويلة الأمد لإثيوبيا على الساحة العالمية، ومهما يكن الأمر، كما قال أبي فإن ""إثيوبيا ستتحول وسيظهر الازدهار في السنوات القادمة""، مشددا على أن ""الوحدة أمر بالغ الأهمية"".",,214,0,1,undecided,Government & Official Statements
source_100,credible,الهيئة المستقلة تطالب المجتمع الدولي بحماية الأسرى وضمان سلامتهم خاصة بظل (كورونا),"توضيحية

رابط مختصر:

رام الله - دنيا الوطن

طالبت الهيئة المستقلة لحقوق الإنسان ""ديوان المظالم"" المجتمع الدولي باتخاذ إجراءات جادة وعاجلة لضمان حياة الأسرى في سجون الاحتلال الإسرائيلي وحقهم في أعلى مستوى من الصحة يمكن بلوغه دون تمييز، وممارسة الضغط على دولة الاحتلال للتقيد بالتزاماتها القانونية، خاصة في زمن انتشار الأوبئة، واتخاذ الإجراءات اللازمة لمنع انتشار الوباء وضمان حصول الاسرى على الرعاية الطبية.



جاء ذلك في كلمة المفوض العام للهيئة المستقلة، عصام يونس خلال مشاركته في جلسة مجلس حقوق الإنسان ال 46 التي انعقدت اليوم الخميس، في جنيف، وناقشت البند السابع حول حالة حقوق الإنسان في فلسطين.



وأعرب المفوض العام في كلمته عن خشية الهيئة من انتهاك الحقوق الأساسية للأسرى الفلسطينيين خلال انتشار وباء كورونا، داعياً لإرسال لجنة طبية دولية لمتابعة الأوضاع الصحية لهم بشكل عاجل، في ظل التطورات وتصاعد الإصابات في صفوفهم، وضرورة اتخاذ سلطات الاحتلال الاحتياطات والتدابير الوقائية والاحترازية اللازمة لحمايتهم، ووقف كافة الممارسات التعسفية بحقهم ووقف التحقيق، ووقف تنقلات الاسرى عبر البوسطه، وتوفير العلاج الطبي الملائم واجراء الفحوصات اللازمة.



كما طالبت الهيئة المجتمع الدولي بالوقوف أمام التزاماته القانونية والأخلاقية والضغط الجاد على الاحتلال، للإفراج الفوري والعاجل عن الأسرى والمعتقلين الفلسطينيين، خاصة المرضى وكبار السن والأطفال والنساء، داعيةً إلى ضرورة ممارسة الضغط بالوسائل الدبلوماسية والقانونية على الاحتلال، بشأن هذا الموضوع الخطير، مؤكدةً أنها تحمل سلطات الاحتلال كامل المسؤولية القانونية عن سلامة وحياة الأسرى والمعتقلين الفلسطينيين في سجونها.



وشدد المفوض العام على أن المساءلة الدولية لسلطات الاحتلال الاسرائيلي عن انتهاكاتها لحقوق الإنسان الفلسطيني وعدم التهاون في ذلك، من أهم خطوات ردعها ومنعها من مواصلة وتماديها في انتهاكاتها لقواعد القانون الانساني الدولي.



يُشار إلى أنه تم تسجيل 355 إصابة بالفيروس في صفوف الأسرى منذ شهر آذار/مارس 2020، ويقبع ما لا يقل عن 4400 أسير/ة فلسطيني في سجون الاحتلال حتى نهاية العام 2020 _حسب آخر الاحصائيات المتوفرة_، منهم 40 أسيرة، و170 طفلاً، ونحو 380 معتقلاً إدارياً، وحوالي (700) أسيراً ، منهم (350) أسيراً يعانون أمراضاً مزمنة وبحاجة للمتابعة الطبية الدائمة، وتوصف حالات (40) منهم/ن بأنها صعبة، وما لا يقل عن (17) من الأسرى المرضى في عيادة سجن الرملة بشكل دائم بحاجة إلى تدخلات علاجية ومتابعة دورية.",,335,0,1,undecided,Source-Specific Artifacts / Boilerplate
source_100,credible,المالكي: قرار الجنائية الدولية انتصار لفلسطين,"رابط مختصر:

رام الله - دنيا الوطن

أكد وزير الخارجية وشؤون المغتربين، رياض المالكي، أهمية قرار قضاة المحكمة الجنائية الدولية، بالولاية القضائية على الأراضي الفلسطينية، معتبراً توقيت هذا القرار ""مهم جداً""، ويأتي في ظل تصعيد جرائم الاحتلال والمستوطنين بحق شعبنا.



وقال المالكي: ان هذا القرار، يعتبر ""انتصاراً"" لفلسطين، و""إنجازاً"" للدبلوماسية الفلسطينية، بقيادة الرئيس محمود عباس، بحسب الوكالة الفلسطينية الرسمية.



وأعرب عن أمله في أن يشكل هذا القرار بعضاً من الإنصاف للضحايا وانتصاراً للعدالة، التي يطالب بها شعبنا، مشيراً إلى أنه تواصل منذ لحظة صدور القرار مع المدعية العامة للمحكمة الجنائية الدولية، للبحث في الآليات والإسراع في التحقيق، مؤكداً أن هذا التواصل، سيستمر للبحث في الخطوات اللاحقة، وتشكيل فرق التحقيق الرسمية، لبدء عملها على أرض دولة فلسطين.



وفيما يتعلق بالخطوات المقبلة، قال المالكي: إن الفترة المقبلة تتطلب العمل مع خبراء قانونيين ومحامين فلسطينيين أو عرب أو دوليين، ما يستدعي توفير كل الإمكانات المالية والإجرائية.



وأوضح أن الملفات الثلاثة الموجودة على طاولة الجنائية الدولية، هي: العدوان على غزة، والأسرى، والاستيطان، متوقعاً أن يبدأ التحقيق في ملف الاستيطان.",,165,0,1,undecided,Government & Official Statements
source_123,credible,حصان سليماني يقترب من جواد تاسفاوت – الشروق أونلاين,"رفع اللاعب الدولي الجزائري إسلام سليماني مساء الخميس، غلّته إلى 31 هدفا في تاريخ مشاركاته مع المنتخب الوطني.

جاء ذلك بعد أن سجّل المهاجم سليماني ثنائية ضد المضيف الزامبي، بِرسم الجولة الخامسة وقبل الأخيرة من تصفيات كأس أمم إفريقيا 2022.

وخاض إسلام سليماني 69 مباراة دولية مع “الخضر”، أوّلها بِملعب البليدة في الـ 26 من ماي 2012، تحت إمرة التقني وحيد خليلوزيتش. وكانت ودّية أمام النيجر، وانتهت لِمصلحة المنتخب الوطني بِثلاثية نظيفة.

ووقّع ابن عين البنيان (العاصمة) – البالغ من العمر 32 سنة – أوّل هدف في صفوف “محاربي الصحراء”، بِملعب البليدة في الـ 2 من جوان 2012. وكان ضد منتخب رواندا، لِحساب تصفيات مونديال البرازيل 2014.

وشارك سليماني في أوّل لقاء دولي مع “الخضر”، وهو يرتدي زيّ شباب بلوزداد. والأمر ذاته حينما افتتح عدّاد التهديف.

ويتموقع إسلام سليماني ثانيا في اللائحة التاريخية لِهدّافي المنتخب الوطني، خلف مُتصدّر القائمة عبد الحفيظ تاسفاوت، الذي يجمع رصيد 36 توقيعا. ويشغل رابح ماجر الرّتبة الثالثة بِمجموع 27 هدفا.

ويُمكن لِسليماني ردم الهوّة بينه وبين تاسفاوت أو تجاوزها (الفارق 5 أهداف)، حيث تنتظر مهاجم فريق ليون الفرنسي سبع مقابلات دولية مع المنتخب الوطني في العام الجاري، على الأقلّ، وذلك إذا شارك في المباراة الأخيرة أمام الضيف البوتسواني مساء الإثنين المقبل، بِرسم تصفيات “كان” 2022، وأيضا المواجهات الستّ في تصفيات مونديال قطر.",,207,0,2,not credible,Sports News
source_79,credible,القوات المشتركة تكسر هجوماً واسعاً للحوثيين شرق حيس والمليشيا تقصف أحياء حيس بشكل هستيري,متابعات: تمكنت القوات المشتركة، في الساعات الأولى من صباح الثلاثاء، من كسر زحف واسع لمليشيا الحوثي المدعومة إيرانياً، جنوب شرق مدينة حيس، بمحافظة الحديدة. وقال الإعلام العسكري للقوات المشتركة نقلاً عن مصادر عسكرية قولها، إن معارك عنيفة دارت بين القوات المشتركة ومجاميع مسلحة دفعت بها مليشيات الحوثي من منطقة نخلة الخاضعة لسيطرتها، في محاولة مستميتة منها لاختراق خطوط التماس. وأضافت المصادر، أن عشرات القتلى والجرحى في صفوف مسلحي الحوثي سقطوا خلال المواجهات، فيما لاذ بقية العناصر بالفرار بشكل جماعي، دون تحقيقها أي تقدم يذكر. وجددت مليشيا الحوثي، قصفها على الأحياء في مدينة حيس، جنوبي المحافظة، بعد أقل من 12 ساعة من قصف مماثل شنته المليشيات على المدينة ذاتها، رداً على هزيمتها التي تلقتها على أيدي القوات المشتركة. وقالت مصادر محلية، إن المليشيات قصفت، ظهر اليوم، بمختلف أنواع الأسلحة، عدداً من الأحياء السكنية والمنازل المكتظة بالمواطنين في أطراف شمال مركز المدينة، بشكل عشوائي. وأضافت المصادر، أن عملية القصف جاءت بعد أقل من 12 ساعة من قصف هستيري مماثل شنته المليشيات على أحياء المدنية، في ساعات متأخرة من مساء الاثنين، استخدمت خلاله مختلف أنواع الأسلحة المتوسطة والثقيلة.,,175,0,1,undecided,General/Other Ambiguous Context
source_38,undecided,عين بوقادح/الكاف : عون حرس يطلق النار بسلاحه الخاص على زوجته، حالتها حرجة,"0 Shares

وفق مصادر من اقليم الأمن الوطني بالكاف، أقدم عون حرس قاطن بولاية الكاف يعمل بتدخل جندوبة صباح اليوم الاحد 09 ماي 2021 على اطلاق النار على زوجته من سلاحه الخاص و ذلك إثر خلافات عائلية.

و تنقلت دورية شرطة النجدة على جناح السرعة الى مكان الحادث بقيادة مساعد رئيس مصلحتها رفقة الفرق المختصة من دورية مصلحة الطريق العمومي و الفرق المختصة بقيادة.

و تم ايواء بالعناية المركزة نظرا لحالتها الحرجة والأبحاث مازلت جارية لدي فرقة شرطة عدلية بالكاف،",,80,1,2,not credible,Government & Official Statements
source_44,credible,بسبب زيادات الأسعار.. تحذيرات من صدام بين الحكومة واتحاد الشغل في تونس,"وجه الاتحاد العام التونسي للشغل، انتقادات حادة لحكومة، هشام المشيشي بعد الزيادات الأخير في أسعار بعض المواد الأساسية والخدمات.

ويقول محللون إن ""استجابة المشيشي لطلبات الصناديق الدولية المانحة من بينها خفض حجم الدعم سيعكر علاقات الحكومة مع الاتحاد الذي قد ينخرط في الدعوة إلى رحيلها"".

انتقادات حادة

دان الاتحاد العام التونسي للشغل، أكبر المنظمات النقابية بالبلاد، بداية الأسبوع الجاري، ما سماها بـ""الزيادات المجحفة في أسعار عديد المواد الأساسية التي أقدمت عليها الحكومة""، معتبرا أنها "" إجراءات أحادية ولا شعبية وهي مقدمة لإلغاء الدعم واستهداف قوت الشعب وتفقيره"".

وكانت الحكومة، قد رفعت، في الفترة الأخيرة سعر مادة السكر، كما عدلت أيضا أسعار النقل في القطاع العمومي.

وحمّل المكتب التنفيذي الموسع للاتحاد، في بيان له، الحكومة "" تبعات ما سينجر عن سياساتها من غلاء وتدن للمستوى المعيشي ومن توترات اجتماعية تنذر بانفجارات كبرى"".

وجدد الاتحاد ""المطالبة بمراجعة سياسة الأسعار والتمسك بوقف الزيادة في أسعار المواد الأساسية واتخاذ إجراءات صارمة ضد التهريب والاحتكار واللوبيات التجارية"".

وعبر عن رفضه لما وصفها بـ""الخيارات اللاشعبية واللااجتماعية المتبعة من قبل الحكومة وخضوعها إلى إملاءات صندوق النقد الدولي في غياب كلّي لأي تصور أو برنامج لإنقاذ البلاد مما تردت فيه"".

وفي تعليقهم على بيان اتحاد الشغل، يقول محللون سياسيون إن "" المنظمة النقابية قد تنخرط في دعوات رحيل حكومة المشيشي إذا أصرت على المضي قدما في سياسات رفع الأسعار وتجميد الانتدابات في الوظيفة العمومية"".

الغربي: ""توسيع دائرة معارضي الحكومة""

وفي هذا السياق، يرى المحلل السياسي، قاسم الغربي أن "" الزيادات الأخيرة في الأسعار، وسعت دائرة معارضي حكومة المشيشي لتشمل رئاسة الجمهورية وكتل برلمانية وازنة إضافة إلى المعطى الجديد المتمثل في اتحاد الشغل"".

وأضاف الغربي في تصريح لـ""أصوات مغاربية"" أن "" أكبر منظمة نقابية في البلاد لا يمكنها التغاضي عن الزيادات الأخيرة التي بات من المؤكد أنها جاءت في سياق الاستجابة لمطالب المانحين الماليين الدوليين"".

وفي مايو الماضي، كشفت وكالة رويترز ، أن تونس تعتزم خفض فاتورة أجور القطاع العام وإلغاء دعم المواد الأساسية واعتماد الدعم المباشر للمحتاجين، وفقا لوثيقة إصلاحات حكومية كان وفد تونسي يعتزم تقديمها في محادثاته مع صندوق النقد الدولي.

ويعتقد الغربي أن ""مواصلة حكومة المشيشي سياسات رفع الأسعار سيقود إلى إنهاء دعم اتحاد الشغل الذي قد يلتقي مع مطالب الرئيس، قيس سعيد في الدعوة إلى إسقاط الحكومة وبدء حوار وطني"".

القاسمي: "" تصعيد مبرر""

من جهته، يقول المحلل السياسي، الجمعي القاسمي إن "" التصعيد الأخير لاتحاد الشغل يبدو مبررا بالنظر إلى 'الخديعة' التي مارستها حكومة المشيشي عبر تلويحها ببيع المؤسسات العمومية والرفع في أسعار المواد الأساسية، خلافا للاتفاق السابق بين الطرفين"".

ويعتقد القاسمي أن "" الحديث عن صدام النقابات والحكومة لا يزال سابقا لأوانه""، مرجحا أن ""يكون إصدار البيان الأخير مندرج في سياق تحسين شروط التفاوض حول عدة ملفات عالقة"".

غير أن المحلل السياسي، لا يستبعد في الآن ذاته"" أن تأخذ الخلافات الحالية منعرجا جديدا خاصة أن الأوضاع الاقتصادية المتردية لا تتيح لحكومة المشيشي تلبية جميع مطالب النقابات"".

وحسب آخر أرقام ""المعهد الوطني للإحصاء"" في تونس (حكومي) فقد سجل الاقتصاد التونسي انكماشا بنحو 3 في المائة في الربع الأول من العام الجاري، كما ارتفعت نسبة البطالة إلى 17.8 في المئة في الثلاثي الأول من العام الجاري مقابل 17.4 في المئة في الربع الأول من العام الماضي.

ويخلص المتحدث ذاته إلى القول إن ""جميع الاحتمالات تبقى واردة من بينها انخراط اتحاد الشغل في المطالبة برحيل الحكومة"".",,520,0,1,undecided,Source-Specific Artifacts / Boilerplate
source_104,undecided,اعتقال رئيس نادي برشلونة السابق بسبب قضية Barcagate,"ذكر متحدث باسم الشرطة الإقليمية في كاتالونيا أن الأخيرة داهمت الاثنين مقر نادي برشلونة ثاني الدوري الإسباني في كرة القدم، وقامت بـ""اعتقالات"" عدة في إطار عملية استهدفت، بحسب وسائل إعلام، الرئيس السابق جوزيب ماريا بارتوميو، وذلك قبل ستة أيام من انتخاباته الرئاسية.ورفض المتحدث باسم الشرطة الإقليمية الكاتالونية الكشف عن هويات المعتقلين، واكتفى بالإشارة إلى أن رجال الشرطة ""بصدد القيام باعتقالات"".لكن وفقًا لوسائل اعلام عدة، بما فيها راديو ""كادينا سير"" الذي يكون على دراية جيدة بشؤون نادي البلاوغرانا، فإن بارتوميو هو أحدهم.كما أكدت ""كادينا سير"" أنه تم أيضا اعتقال المدير العام الحالي للنادي، أوسكار غراو، والمدير القانوني رومان غوميس بونتي.وبحسب وسائل الإعلام الإسبانية، فإن عملية المداهمة والتفتيش التي أجريت في مقر نادي برشلونة مرتبطة بالتحقيق في قضية ""بارساغايت"" التي ظهرت قبل عام.في 17 فبراير 2020، نفى نادي برشلونة أن يكون السبب وراء حملة تشهير استهدفت شخصيات بارزة في النادي على مواقع التواصل الاجتماعي من أجل تحسين صورة الرئيس بارتوميو الذي استقال من منصبه في 27 أكتوبر الماضي.وكان راديو ""كادينا سير"" أظهر في تحقيق أن برشلونة دفع مليون يورو في ست فواتير منفصلة لشركة ""أي3 فنتشور"" التي قطع النادي العلاقات معها منذ ذلك الحين.وقتها دافع بارتوميو عن نفسه قائلا ""هل تم تكليفهم بمراقبة مواقع التواصل الاجتماعي؟ الجواب نعم. هل تم تكليفهم بتشويه سمعة أشخاص أو مؤسسات على مواقع التواصل الاجتماعي؟ الجواب لا. سنقوم بمحاكمة كل من يتهمنا من ذلك"".وتأتي هذه العملية البوليسية قبل ستة أيام من انتخابات رئاسة نادي برشلونة المقرر إجراؤها الأحد، حيث سيكون الـ""سوسيوس"" (المشجعون-المساهمون في النادي) مدعوين للاختيار بين جوان لابورتا وطوني فريتشا وفيكتور فونت.",,246,1,0,credible,Government & Official Statements
source_100,credible,أمين سر حركة فتح بنابلس: ما يجري في خربة حمصة الفوقا جريمة حرب,"رابط مختصر:

رام الله - دنيا الوطن

اعتبر محمد حمدان أمين سر حركة فتح في نابلس ما يجري في خربة حمصة الفوقا في الأغوار الشمالية من هدم وتدمير للمرة الرابعة خلال اقل من أسبوع، وإعلانها منطقة عسكرية مغلقة لتهجير السكان، جريمة حرب وجريمة ضد الإنسانية، تعكس بشاعة الاحتلال وحجم تفشي عقلية الاستعمار والعنصرية، وحلقة في إرهاب دولة الاحتلال المنظم الذي تمارسه يوميا ضد شعبنا وأرضه وممتلكاته ومقدساته، على مرأى ومسمع من العالم اجمع.



جاء ذلك خلال زيارة نظمتها حركة فتح/إقليم نابلس، يوم أمس الأربعاء الموافق 10/2/2021 لخربة حمصة الفوقا للتضامن مع أهلها وتقديم المساعدات العينية لهم لتعزيز صمودهم في أراضيهم، فالوجود الفلسطيني في هذه الأرض هو العقبة أمام أطماع الاحتلال الاستيطانية والتوسع الاستيطاني.



وأكد حمدان على ضرورة وضع خطة عمل وبرنامج مقاومة تصعيدي للرد على جرائم الاحتلال ومستعمريه، وان حركة فتح ماضية في نهج المقاومة الشعبية وتصعيدها في مواجهة الاحتلال،والتصدي لقطعان المستوطنين ومنعهم من التمدد بالأغوار وباقي المناطق المستهدفة عبر توسيع الاشتباك الشعبي بكل أنحاء الضفة الغربية.



وأثنى حمدان على الدور النضالي الكبير الذي قامت به لجان المقاومة الشعبية، وإزالة البؤر الاستيطانية، و دحر المستوطنين منها، والتي تجسدت في الخان الأحمر وجبل العرمة وجبل صبيح وعصيرة الشمالية ومناطق أخرى في الأراضي الفلسطينية.",,192,0,1,undecided,Economics & Pricing
source_47,credible,قادمة من تركيا داخل “فراء”.. 1.3 مليون حبة كبتاجون بيد السلطات السعودية,"مرصد مينا – السعودية

أحبطت الهيئة العامة للجمارك السعودية اليوم الإثنين، محاولة تهريب أكثر من 1.3 مليون حبة كبتاجون مخدرة، مخبأ في تجاويف “فراء” لطرد ألبسة قادم من تركيا.

وسائل إعلام محلية أفادت أن الجمارك السعودية في ميناء جدة، تمكنت من إحباط محاولة تهريب شحنة من حبوب الكبتاجون عددها 1.323000 حبة، عثرت السلطات عليها مخبأة داخل إرسالية ملبوسات وردت عبر البحر.

ونقلت وسائل الإعلام عن وكيل الهيئة العامة للجمارك للشؤون الأمنية في المملكة “محمد النعيم” أن إرسالية “ملبوسات” وردت للجمرك عبارة عن “فراء” كانت شحنت من ميناء “إسكندرون” بتركيا.

“النعيم” أوضح أنه عند الكشف على الشحنة بواسطة أجهزة الفحص بالأشعة عثر على هذه الكمية الكبيرة من حبوب الكبتاجون، مخبأة بطريقة فنية داخل تجاويف “الفراء”، حيث جرى إخفاء حبوب الكبتاجون داخلها ومن ثم إعادة حياكتها.

وكشف وكيل الجمارك السعودي أن العملية جرت، بالتنسيق مع المديرية العامة لمكافحة المخدرات لضبط مستقبلي الكمية داخل المملكة، وجرى ضبط شخصين في هذه القضية.

كما أكد المسؤول الأمني السعودي أن جمارك المملكة “ماضية في إحكام الرقابة الجمركية على جميع الواردات والصادرات والمسافرين ومكافحة التهريب بجميع أشكاله، مشيرا إلى إحباط الجمارك منذ أبريل 2020 أكثر من 12.5 مليون حبة مشحونة من ذات الميناء”.",,186,0,1,undecided,Crime & Accidents
source_6,credible,انقطاع الكهرباء في 4 بلديات بالعاصمة يوم الجمعة ــ أخبار الجزائر,"ستشهد أربع بلديات من شرق العاصمة انقطاع في الكهرباء يوم الجمعة، بداية من السادسة إلى 11 صباحا بسبب أشغال.

وأوضحت مديرية توزيع الكهرباء، للحراش أن الاضطراب سيمس بلديات عين طاية (بأكملها) والمرسى (بأكملها) وهراوة (جزئيا) وبرج البحري (جزئيا).

ويرجع سبب الانقطاع لأشغال تحويل خط 60 كيلوفولط عين طاية-الجزائر شرق- بلدية برج الكيفان/بلدية الرويبة شمالا وعين طاية/الحميز.

وهذا من أجل استبدال العوازل المتلفة من طرف الشركة الجزائرية لتسيير نقل الكهرباء.",,69,0,2,not credible,General/Other Ambiguous Context
source_134,credible,محامي 'سواغ مان': منوّبي لن يعود إلى السجن,"أكّد مهدي اللوزي محامي 'سواغ مان' في برنامج ''نجوم'' اليوم السبت 26 جوان 2021 أنّه بعد الكثير من التعب والعذاب تمّ إطلاق سراح منوّبه، مشيرا إلى أن المحكمة قررت الإفراج المؤقت مع ضمان مالي قدره 200 ألف دينار والإبقاء على تحجير السفر، ما يعني أنّها ستذهب إلى إبقائه بحالة سراح ومن المستحيل أن يعود للسجن.

وأشار إلى أنّ المحكمة ستقضي في جلسة 8 جويلية القادم إمّا ببراءة 'سواغ مان' وعدم سماع الدعوى أو تقضي بالمدة التي قضاها في الإيقاف (سنتين) والإبقاء على المبلغ كجزء من العقاب.

وكشف اللوزي أنّ معنويات موكّله ليست مرتفعة لكنه سيتحسّن مع مرور الوقت وسيستعيد توازنه، قائلا ""هو شخصية فريدة من نوعها ومركبة وأعرفه منذ 3 سنوات لكن ما مر به في السجن وتمسكه بالبراءة ومطالبته بالإنصاف لم يكن سهلا خاصّة أنّ التهمة الموجهة إليه تتعل بتبييض الأموال''.

وأشار إلى أنّ 'سواغ مان' تمكّن من توفير مبلغ الضمان المالي المقدر بـ200 ألف دينار بشكل ذاتي ولم يبع أي من مجوهراته لخلاص المبلغ ""ورفض بشكل كلي الخوض في هذا لموضوع ..لقد خبّأ مجوهراته لدى أشخاص من الثقات خلال تواجده في السجن"".

ولفت المحامي مهدي اللوزي إلى أنّ الغاية من الطعن في الاستئناف الحصول على البراءة كاملة أي 0 أيام سجن واسترجاع المبالغ المالية التي دفعها للدولة بشكل احتياطي ورفع التجميد على أمواله (19 مليون دينار).



",,208,0,2,not credible,Economics & Pricing
source_82,undecided,المديرية العامة للغابات: مخطط عمل قيد الإعداد لترقية المنتجات غير الخشبية — النهار أونلاين,"أعلنت المديرية العامة للغابات، أنها بصدد إعداد مخطط عمل لترقية المنتجات الغابية غير الخشبية في الجزائر.

وحسب بيان للمديرية، أنها تسهل بدعم من منظمة الأمم المتحدة للأغذية والزراعة (فاو)، مسار إعداد إستراتيجية ومخطط العمل الوطني لترقية المنتجات الغابية غير الخشبية في الجزائر.

وأضاف المصدر، أن الإطار الإستراتيجي المطور لهذا الغرض يتضمن ثلاث توجيهات إستراتيجية وتسعة أهداف.

ووأوضحت، أن التوجيه الأول يتعلق بضمان عرض للمنتجات الغابية غير الخشبية المتأتية من مصادر قانونية ومستدامة.

ويتعلق التوجيه الثاني، بتطوير سلسلة القيم الغابية القائمة على المنتجات الغابية غير الخشبية.

أما التوجيه الثالث فيخص تكييف الإطار السياسي لتوفير بيئة مناسبة للتسيير المستدام للمورد وتطوير سلسلة القيم الغابية.

وأضاف المصدر، أنه سيتم تفعيل هذا الإطار الاستراتيجي من خلال إعداد مخطط عمل لكل توجيه استراتيجي.

مؤكدا أن ورشة إعداد مخطط العمل ستنظم يومي 07 و 08 مارس 2021 و ستجري في جلسات علنية وضمن ثلاث مجموعات عمل.",,140,1,2,not credible,Source-Specific Artifacts / Boilerplate
source_47,credible,الدفاع العراقية تحسم الجدل بشأن سحب المناصب الأمنية من وزيرها,"مرصد مينا – العراق

نفت وزارة الدفاع العراقية سحب رئيس الوزراء “مصطفى الكاظمي”، صلاحيات وزير الدفاع “جمعة عناد سعدون”، المتعلقة بالمناصب الأمنية.

وزارة الدفاع العراقية قالت في بيان لها: “انتشر في بعض المواقع الإخبارية خلال الساعات الماضية خبر يفيد بأن القائد العام للقوات المسلحة رئيس الوزراء سحب صلاحيات وزير الدفاع المتعلقة بالمناصب الأمنية”.

وذكر بيان الدفاع، أن “هذا الخبر عار عن الصحة ولا أساس له،” مؤكدا أن “ما يتم نشره في هذا الشأن مجرد شائعات سيتم مقاضاة مروجيها وفق القانون”.

يذكر أن وزارة الدفاع تسيطر على جميع القوات المسلحة العراقية، والقوة البرية العراقية، بالإضافة إلى قوات العمليات الخاصة العراقية، والقوة البحرية العراقية والقوة الجوية العراقية.

وتم حل الوزارة بموجب الأمر رقم 2 الصادر عن سلطة الائتلاف المؤقتة في منتصف عام 2003، وأعيد تأسيسها رسميا بموجب أمر سلطة الائتلاف المؤقتة رقم 67 المؤرخ 22 آذار 2004. وفي الفترة الانتقالية، كان مكتب الشؤون الأمنية التابع لسلطة الائتلاف المؤقتة بمثابة وزارة الدفاع بحكم الأمر الواقع

كما يوجه مكتب مكافحة الإرهاب العراقي القيادة العراقية لمكافحة الإرهاب، وهي قوة عسكرية أخرى مسؤولة مباشرة أمام رئيس وزراء العراق. وحتى يوم 30 حزيران 2009، كانت هناك تشريعات جارية لمدة سنة لجعل مكتب مكافحة الإرهاب العراقي وزارة مستقلة.",,190,0,1,undecided,Government & Official Statements
source_73,credible,60 وفاة و1009 إصابات جديدة بفيروس كورونا,"أعلنت وزارة الصحة، في بلاغ لها مساء اليوم الأحد 02 ماي 2021، عن تسجيل 60 وفاة جراء فيروس كورونا، خلال الأربع والعشرين ساعة الماضية، ليرتفع بذلك العدد الجملي للوفيات منذ مارس 2020 إلى حدود مساء أمس، إلى 10868 وفاة.

وذكرت أنه تم أيضا احصاء 1009 إصابات جديدة بالكورونا عقب إجراء 4328 تحليلا مخبريا ليرتفع العدد الإجمالي للإصابات بالفيروس إلى 311743 حالة.",,61,0,2,not credible,Government & Official Statements
source_117,credible,إدارة الأغذية والعقاقير الأمريكية تحذر من إصابة نادرة بالتهاب في القلب بعد تلقي لقاحي فايزر وموديرنا,"أضافت هيئة تنظيم الأدوية الأمريكية يوم الجمعة 25 يونيو 2021 تحذيرا إلى التعليمات المصاحبة لجرعات لقاحي فايزر/بايونتيك وموديرنا المضاد لكوفيد-19 للإشارة إلى الخطر النادر للإصابة بالتهاب عضلة القلب بعد استخدامهما.

إعلان اقرأ المزيد

وقالت إدارة الأغذية والعقاقير الأمريكية إنه بالنسبة للقاحين تمت إضافة تحذير يقول إن تقارير الآثار السلبية تشير إلى زيادة مخاطر الإصابة بالتهاب عضلة القلب ولا سيما بعد الجرعة الثانية ومع ظهور الأعراض في غضون أيام قليلة بعد التطعيم.

وتم الإبلاغ عن أكثر من 1200 إصابة بالتهاب في عضلة القلب من بين نحو 300 مليون جرعة لقاح تم إعطاؤها.

وكانت الإصابات أعلى بشكل ملحوظ على ما يبدو بين الذكور وخلال الأسبوع الذي يلي جرعة اللقاح الثانية. وحددت المراكز الأمريكية لمكافحة الأمراض والوقاية منها 309 حالات دخول إلى المستشفى بسبب التهاب القلب بين الأشخاص الذين تقل أعمارهم عن 30 عاما وخرج 295 منهم من المستشفى.

وتقوم هيئات تنظيم الصحة في عدة دول بالتحقيق في حالات إصابة بالتهاب عضلة القلب تم اكتشافها بشكل متكرر بين شبان بعد تلقي جرعة من لقاح فايزر أو موديرنا.

ولم ترد شركتا فايزر وموديرنا بعد على طلبات للتعليق بعد ساعات العمل.

الرسالة الإخباريةأبرز الأحداث الدولية صباح كل يوم اشترك",,184,0,2,not credible,Health & COVID-19
source_82,undecided,حجز 1200 وحدة بيض فاسد في بوشقيف بتيارت — النهار أونلاين,"تمكنت مصالح الدرك الوطني لبلدية بوشقيف من حجز كمية معتبرة من بيض الدواجن غير صالحة للإستهلاك.

وعلم من المصالح أن عملية الحجز تمت في حاجز أمني للدرك بالطريق الرابط بين بوشقيف وعاصمة الولاية بعد توقيف شاحنة.

وعثر بداخلها على 1200 وحدة من بيض الدواجن، تبين لاحقا بعد معاينتها من طرف الطبيب البيطري أنها فاسدة.

وكان صاحب الشاحنة بصدد تسويقها بطريقة غير قانونية في الأسواق المحلية.

وتم تحرير محضر في حق التاجر وإحالة ملفه إلى القضاء وبالموازاة مع ذلك تم إتلاف المحجوزات بالمفرغة العمومية.",,83,1,2,not credible,Source-Specific Artifacts / Boilerplate
source_82,undecided,"محرز يكشف سرّ ""الكنترول"" العالمي الذي يمتاز به ! — النهار أونلاين","كشف “رياض محرز”، عن سرّ ترويضه للكرة بالطريقة التي يتميز بها عن جميع لاعبي السيتي والعالم ككل.

وقال “محرز” في تصريحاته للموقع الرسمي: “لا أتدرب على ترويض الكرة، أعتقد أن هذه موهبة”.

وأضاف: “أحسن ترويض الكرة منذ أن كنت صغيرا، لهذا السبب أمتلك أفضل لمسة أولى في العالم”.",,48,1,0,credible,Source-Specific Artifacts / Boilerplate
source_95,credible,برقية تعزية ومواساة من جلالة الملك إلى الجنرال محمد إدريس ديبي إتنو إثر وفاة والده المارشال إدريس ديبي إتنو رئيس دولة تشاد,"برقية تعزية ومواساة من جلالة الملك إلى الجنرال محمد إدريس ديبي إتنو إثر وفاة والده المارشال إدريس ديبي إتنو رئيس دولة تشاد

بعث صاحب الجلالة الملك محمد السادس برقية تعزية ومواساة إلى الجنرال محمد إدريس ديبي إتنو، رئيس المجلس العسكري الانتقالي لجمهورية تشاد، إثر وفاة والده إدريس ديبي إتنو، رئيس دولة تشاد والقائد الأعلى للقوات المسلحة.

ومما جاء في برقية جلالة الملك “تلقيت ببالغ الأسى رحيل المارشال إدريس ديبي إتنو، الذي توفي مدافعا عن وحدة بلاده الترابية”.

وأعرب جلالة الملك، بهذه المناسبة المحزنة، للجنرال محمد إدريس ديبي إتنو، ومن خلاله إلى كافة أفراد أسرته والشعب التشادي الشقيق، عن أحر تعازيه، سائلا العلي القدير أن يتغمد الفقيد برحمته الواسعة. وأكد جلالة الملك ” أود أن أشيد بذكرى رجل الدولة الكبير الذي خدم بحماس وقناعة مصالح أمته، كما شهد على ذلك إعادة انتخابه مؤخرا لولاية رئاسية جديدة”.

كما أعرب جلالة الملك عن قناعته بأن رئيس المجلس العسكري الانتقالي سيكون قادرا على قيادة الانتقال السياسي لجمهورية تشاد، وترسيخ أسس دولة مستقرة ومزدهرة، “والتي من شأنها المساهمة في أمن مجموع منطقة الساحل والصحراء، والتي ما فتئ يعمل الفقيد على تحقيقه”.

المصدر: الدار- وم ع",,180,0,1,undecided,Government & Official Statements
source_100,credible,"وكالة الأدوية الأوروبية: هناك صلة بين لقاح ""أسترازينيكا"" وجلطات الدم","



وقالت الهيئة التنظيمية في بريطانيا، إن التقارير الثلاثين عن تجلط الدم التي قدمها مسعفون أو أفراد من الجمهور عبر موقع إلكتروني حكومي، جاءت بعد إعطاء 18.1 مليون جرعة من اللقاح.



رام الله - دنيا الوطننقلت وكالة الأنباء الفرنسية، عن مسؤول في وكالة تنظيم الأدوية الأوروبية، اليوم الثلاثاء، تأكيده بوجود صلة بين لقاح ""أسترازينيكا"" المضاد لفيروس (كورونا) والجلطات الدموية.وكانت الوكالة الأوروبية للأدوية، أعلنت في 18 آذار/مارس الماضي، أن اللقاح ""آمن وفّعال"" و""غير مرتبط"" بزيادة خطر حصول تجلطات دموية.وأضافت مدير الوكالة إيمر كوك في مؤتمر عبر الفيديو، أن ""منافعه في حماية الأشخاص من 0كوفيد-19) مع المخاطر المرتبطة في الوفيات وحالات الاستشفاء، تتفوق على المخاطر المحتملة"".يأتي ذلك بعد أن علقت دول أوروبية الشهر الماضي، استخدام لقاح ""أسترازينيكا"" بعد الكشف عن حالات تجلط أصابت عددا ممن أخذوا اللقاح، فيما توفي عدد بسبب ذلك.وأعلنت وكالة الأدوية البريطانية في الثالث من نيسان/إبريل، أن سبعة أشخاص تلقوا لقاح ""أسترازينيكا"" المضاد للفيروس توفوا بسبب جلطات دموية ، من إجمالي 30 حالة تم تسجيلها حتى الآن.وقالت الوكالة في بيان إنها تلقت حتى 24 آذار/مارس تقارير عن 22 حالة تخثر دموي وريدي دماغي وثماني حالات أخرى لجلطات مرتبطة بنقص الصفائح الدموية.",,181,0,1,undecided,Source-Specific Artifacts / Boilerplate
source_134,credible,وصول 200 ألف جرعة من لقاح ''سينوفاك'' إلى تونس,"وصلت صباح اليوم إلى تونس شحنة من 200 ألف جرعة من لقاح ""سينوفاك"" ""Sinovac"" الصيني، هبة من جمهورية الصين الشعبية، على متن طائرة عسكرية.

واعتبر وزير الصحة فوزي المهدي في تصريح لموزاييك أن التلقيح الصيني وهو الثالث الذي يصل تونس بعد لقاحي سبوتنيك و فايزر سيساهم في تسريع عملية التطعيم داعيا كبار السن و الإطارات الصحية الى التسجيل في منظومة EVAXللتلقيح.

كما أكد تسجيل ارتفاع للحالات الوافدة على المستشفيات خلال الأيام الاخيرة جراء الاصابة بفيروس كورونا، مشيرا الى ان نسبة الاصابة بالسلالات الجديدة المتحورة لم تتجاوز 3 بالمائة من مجموع الاصابات المسجلة.

من جهة أخرى، أكد أمير اللواء طبيب مصطفى الفرجاني مدير عام الصحة العسكرية أن هناك اقبالاً متميزاً على التلقيح من قبل اعوان الصحة العسكرية وأن هناك منظومة لتسجيل العسكريين للتلقيح ومتابعة حالاتهم.",,124,0,2,not credible,Government & Official Statements
source_100,credible,حملة اعتقالات واسعة في الضفة الغربية تطال تسعة مواطنين,"



وفي القدس، اعتقلت قوات الاحتلال، ثلاثة مواطنين، وهم: حسام فرعون، ونزار بصة من بلدة العيزرية، وخميس بحر من بلدة أبو ديس.



أما في الخليل، فقد اعتقلت قوات الاحتلال، المواطنين هاني شاكر الفاخوري، وعدي حميدان الشرباتي (26 عاماً)، من مدينة الخليل.



كما اعتقلت الشرطة الإسرائيلية، الشابين داود حسام متعب طحاينة، ومحمد عمر نجيب العمري من بلدة السيلة الحارثية، أثناء تواجدهما في مكان عملهما بأراضي عام 48.

رام الله - دنيا الوطناعتقلت قوات الاحتلال الإسرائيلي، اليوم الثلاثاء، تسعة مواطنين من مناطق متفرقة من الضفة الغربية.ففي جنين، اعتقلت قوات الاحتلال: محمد منير طحاينة، من السيلة الحارثية، وصالح صبري الشمالي من عرابة.",,98,0,1,undecided,Crime & Accidents
source_89,undecided,أتلتيكو مدريد يتطلع للنهوض من كبوته بالفوز على إيبار,"مدريد – يبحث أتلتيكو مدريد عن وقف سريع لنزيف النقاط، برغم تصدره ترتيب الدوري الإسباني لكرة القدم أمام العملاقين ريال مدريد وبرشلونة، وذلك قبل ثماني مراحل على نهايته.

ويحتل “كولتشونيروس” المركز الأوّل مع 67 نقطة، بفارق نقطة عن ريال مدريد واثنتين عن برشلونة، لكن انهياره الأخير يؤشر إلى نهاية قد لا تكون سعيدة لتشكيلة المدرب الأرجنتيني دييغو سيميوني.

اكتفى فريق العاصمة بفوزين في آخر تسع مباريات من الدوري، فتقلّص فارق كبير في الصدارة كان بحوزته رشّحه منطقيا لاحراز لقبه الأول في الليغا منذ 2014.

وما صعّب الأمور أكثر على أتلتيكو، الانتصارات المتتالية التي حققها الثنائي ريال مدريد وبرشلونة، بالاضافة إلى اشبيلية الرابع الذي يقف على بعد أربع نقاط من برشلونة، وقد ضمن منطقيا تأهله إلى مسابقة دوري أبطال أوروبا.

على ملعبه، يحاول أتلتيكو الأحد تنفّس الصعداء عندما يستقبل إيبار الأخير والذي لم يفز منذ تشرين الثاني/نوفمبر الماضي، علماً انه فاز عليه ذهابا بشق النفس 2-1 بركلة جزاء في الدقيقة قبل الأخيرة، سجّلها نجمه هذا الموسم الهداف الأوروغوياني لويس سواريس القادم من برشلونة.

وبحال فوزه، سيبتعد أتلتيكو 5 نقاط عن برشلونة الذي ستقام مباراته مع غرناطة في 29 الجاري، بسبب خوضه نهائي مسابقة الكأس السبت ضد أتلتيك بيلباو، واربع عن ريال مدريد الذي يلعب في وقت لاحق الأحد على أرض خيتافي الخامس عشر الباحث عن فوزه الأول في ست مباريات.

ويعود إلى تشكيلة أتلتيكو ماركوس يورنتي الغائب عن التعادل الأخير ضد ريال بيتيس بسبب الايقاف، لكنه سيفتقد مجددا لسواريس المتوقع غيابه اسبوعين إضافيين بسبب إصابة في قدمه.

ومع غياب البرتغالي الشاب جواو فيليكس أيضا، يواجه سيميوني صعوبة في اختيار لاعبيه الهجوميين، ما يعني دخول الأرجنتيني أنخل كوريا على الأرجح إلى جانب يورنتي.

في المقابل، يخوض ريال مدريد معركة الدوري إلى جانب متابعة مشواره الجيد في دوري الابطال حيث اقصى ليفربول الإنكليزي وبلغ نصف النهائي لمواجهة تشيلسي الإنكليزي.

وقال مدربه الفرنسي زين الدين زيدان الاسبوع الماضي ان لاعبيه وصلوا “إلى حدود لياقتهم البدنية”، وسيكون مجبرا على اجراء تغييرات في المباراة المقامة على ملعب كوليسيوم ألفونسو بيريس.

ويغيب عن تشكيلة الفريق الملكي، لاعب وسطه البرازيلي الدولي كاسيميرو، المطرود في الكلاسيكو الأخير ضد برشلونة (2-1)، ليفسح المجال أمام مشاركة الأوروغوياني فيديريكو فالفيردي وإيسكو في خط الوسط، فيما لا يزال قلب الدفاع الفرنسي رافايل فاران غائبا بعد إصابته بفيروس كورونا.

ومع غياب المدافعين الآخرين سيرخيو راموس وناتشو، يبقى البرازيلي إيدر ميليتاو خيارا وحيدا لزيدان في قلب الدفاع.

وقد يضطر زيدان إلى الدفع بمواطنه الظهير فيرلان مندي، لشغل مركز قلب الدفاع أو اللجوء إلى لاعب فريق الشباب فيكتور تشوست (21 عاما).

ويتوقع أن يكون لاعب الوسط الهجومي إيدين هازارد جاهزا بعد عودته إلى التمارين قبل أسبوعين، فيما قد يحصل الدومينيكاني ماريانو دياس والبرازيلي مارسيلو على بداية نادرة.

وبعدما عوّل عليه كثيرا اثر استقدامه بصفقة ضخمة، تعرض هازار لاصابات متتالية، وقد نجح ريال في الآونة الأخيرة بالنهوض من كبوته دون النجم البلجيكي.

ويبحث إشبيلية عن توجيه ضربة نهائية لآمال ريال سوسييداد الخامس بحجز البطاقة الرابعة المؤهلة إلى دوري الأبطال، عندما يحلّ عليه في إقليم الباسك. ويتقدّم الفريق الأندلسي راهنا بفارق 14 نقطة عن سوسييداد.

وستكون مباريات المرحلة الـ33 مقدّمة بعد قرار سابقا من الرابطة، تحسبا لانخراط الاندية الاسبانية في مباريات أوروبية نهاية الشهر الجاري. (أ ف ب)",,500,1,2,not credible,Health & COVID-19
source_86,credible,مدبولي: تكليفات رئاسية بتأمين المستلزمات الطبية وإمدادات الأكسجين لمواجهة كورونا,"ترأس الدكتور مصطفى مدبولي، رئيس مجلس الوزراء، اجتماع اللجنة الطبية، لمتابعة آخر المستجدات المتعلقة بفيروس كورونا، وموقف اللقاحات الخاصة به، وكذا متابعة توافر المستلزمات والأجهزة الطبية لمواجهة هذا الفيروس.

وحضر الاجتماع الدكتور خالد عبد الغفار، وزير التعليم العالى والبحث العلمى، والدكتورة هالة زايد، وزيرة الصحة والسكان، وأسامة هيكل، وزير الدولة للإعلام، والدكتور محمد عوض تاج الدين، مستشار رئيس الجمهورية لشئون الصحة والوقاية، واللواء بهاء الدين زيدان، رئيس الهيئة المصرية للشراء الموحد والإمداد والتموين الطبى وإدارة التكنولوجيا الطبية، والدكتور تامر عصام، رئيس هيئة الدواء المصرية، والدكتور محمد حساني، مساعد وزيرة الصحة.

وأكد مدبولي، خلال الاجتماع، على الأهمية البالغة لاستمرار الالتزام بكافة الإجراءات الاحترازية والوقائية للتصدي لفيروس كورونا خلال هذه المرحلة، ولاسيما ارتداء الكمامة، وذلك بالتزامن مع المساعي التي تبذلها الدولة لتوفير اللقاحات المضادة لهذا الفيروس، وكذا العمل على تأمين توافر كافة المتطلبات الطبية من مستلزمات وأجهزة، وذلك وفق توجيهات الرئيس عبد الفتاح السيسي، رئيس الجمهورية، في هذا الشأن.

وشدد مدبولي على ضرورة التأكد من توافر كافة المستلزمات الطبية وكذلك إمدادات الأكسجين بجميع المستشفيات، مع استمرار تطبيق كافة الإجراءات الاحترازية بشكل حاسم، وعدم التهاون حرصا على سلامة وصحة المواطنين.

وأشار مدبولي إلى أنه مع قرب حلول شهر رمضان المعظم، وانتشار بعض العادات المصرية المتعارف عليها، فإن ذلك قد يؤدي إلى تزايد أعداد حالات الإصابة بفيروس كورونا، وهو ما يستوجب منا جميعا الحرص الزائد، كما يتطلب العمل على زيادة توعية المواطنين بمخاطر ذلك، خاصة أننا قد عانينا كثيرا خلال العام الماضي، وواجهنا عدة تحديات في هذا الشأن.

وخلال الاجتماع، أكدت الدكتورة هالة زايد، وزيرة الصحة والسكان، أن الوزارة تعمل على توفير مخزون استراتيجي من الأكسجين بنحو 2.7 مليون لتر، مشيرة إلى أن وزارة الصحة بصدد الانتهاء من إعداد حملة توعوية للمواطنين سيتم إطلاقها خلال الفترة القليلة المقبلة.

كما يتم تكثيف الاستعدادات حاليا؛ من أجل مواجهة أية صعوبات خلال شهر رمضان الكريم، مؤكدة، في الوقت نفسه، أن هناك أرصدة لبعض الأدوية لها مخزون يكفي لمدة 1000 يوم، كما تتوافر أرصدة لباقي الأدوية لمدد تتراوح ما بين شهرين وحتى 3 سنوات.

واستعرضت زايد جهود الوزارة فى إطار خطة نشر التطعيم الخاص بفيروس كورونا، مشيرة إلى موقف التسجيل وتلقى اللقاحات حتى الآن، وما يتم تطبيقه من نظام لإجراء الترتيب الإلكترونى للمسجلين الراغبين فى الحصول على اللقاح من كبار السن، وأصحاب الأمراض المزمنة، وذلك عبر المنظومة الإلكترونية المخصصة لهذا الغرض.

ولفتت إلى أن معدل التسجيل اليومي وصل إلى 20 ألف مواطن، ومن المتوقع الوصول بعدد المسجلين بنهاية شهر مارس الجاري إلى 500 ألف مواطن، مؤكدة العمل على زيادة عدد المراكز المخصصة لتلقي اللقاح، إلى جانب زيادة ساعات العمل داخل تلك المراكز.

من جانبه، أكد الدكتور خالد عبد الغفار، وزير التعليم العالي والبحث العلمي، توافر إمدادات الأكسجين في المستشفيات الجامعية، لافتا إلى أنه لم يتم تسجيل أي نقص في هذه الإمدادات خلال الفترة الماضية وحتى الآن.

كما عرض الوزير، مقتطفات من دراسة تم إعدادها للمقارنة بين عدد من اللقاحات المضادة لفيروس كورونا، وتحدث الوزير عن كفاءة كل لقاح من هذه اللقاحات المعتمدة لترخيص الاستخدام في حالات الطوارئ وآلية عملها.

من ناحيته، أشار اللواء بهاء الدين زيدان، رئيس الهيئة المصرية للشراء الموحد والإمداد والتموين الطبى، إلى توافر مخزون آمن من مختلف المستلزمات والأجهزة الطبية الخاصة بالتعامل مع أزمة فيروس كورونا، مؤكداً على استمرار التواصل والتنسيق مع الوزارات والجهات المعنية، ولا يوجد شكوى من حدوث نقص فى هذه المستلزمات.

وأشار زيدان إلى أنه تم الاتفاق على توريد مولدات أكسجين بأحجام مختلفة، طبقا للاحتياجات التي أرسلتها وزارتا التعليم العالي والصحة، وتم الحصول على تخفيضات في الأسعار، وضمان 7 سنوات، منوها في الوقت نفسه إلى أنه تم الاتفاق على أن الشركات الموردة ستكون مسئولة عن التشغيل والتدريب لمدة عام.",,567,0,1,undecided,Government & Official Statements
source_86,credible,وزيرة الهجرة تشيد بالتعاون القضائي المصري السعودي عقب الحكم على أبو القاسم بـ 8 سنوات,"تواصلت وزيرة الهجرة نبيلة مكرم عبد الشهيد، مع المستشار حمادة الصاوي النائب العام المصري، والذي أكد حكم المحكمة الجزائية السعودية بتخفيف حكمها الصادر ضد المهندس المصري على أبو القاسم، ليصبح 8 سنوات وغرامة مالية قدرها 50 ألف ريال سعودي، وإلغاء حكمها السابق ضد المواطن المصري بـ25 سنة سجن وغرامة مالية تقدر بـ 100 ألف ريال سعودي.

من جانبها أعربت السفيرة نبيلة مكرم وزيرة الهجرة عن عميق شكرها للسلطات المعنية بالمملكة العربية السعودية، مشيدة بالتعاون النيابي والقضائي المصري السعودي، والذي نتج عنه استكمال الإجراءات حتى الوصول الى حكم المحكمة الجزائية بالمملكة بتخفيف العقوبة الصادرة ضد المهندس المصري علي أبو القاسم إلى 8 سنوات، شاكرة كل ما بذل من جهد وتعاون خلال الفترة الماضية.

كما وجهت السفيرة نبيلة مكرم وزيرة الهجرة خالص شكرها للمستشار حمادة الصاوي النائب العام المصري، على كل ما بذله من جهد في هذه القضية، والعمل سويا على إطلاع الجانب السعودي المختص بكافة المستندات والأوراق التي تخدم صالح المواطن المصري في القضية، وبتخفيف هذا الحكم تكون قد جنت كافة الجهود ثمارها وكلل السعي والتنسيق الدائم بالهدف المطلوب.",,168,0,1,undecided,Source-Specific Artifacts / Boilerplate
source_7,not credible,النتائج الأولية لـ تشريعيات 12 جوان,"بدأت بعض المندوبيات الولائية للسلطة المستقلة للإنتخابات بعد عملية الفرز، في إصدار محاضر النتائج الأولية لتشريعيات 12 جوان، التي تظهر النتائج المتحصل عليها وعدد المقاعد في البرلمان، في انتظار الإعلان عن النتائج الرسميةو النهائية من قبل السلطة الوطنية المستقلة للإنتخابات..

ولاية الشلف

التجمع الوطني الديمقراطي: 05 مقاعد

جبهة التحرير الوطني: 03 مقاعد

حركة مجتمع السلم: 03 مقاعد

ولاية المسيلة

جبهة التحرير الوطني : 03 مقاعد

حركة مجتمع السلم: 03 مقاعد

التجمع الوطني الديمقراطي: 03 مقاعد

جبهة المستقبل: 02 مقعدين

ولاية عنابة

حركة مجتمع السلم: 04 مقاعد

جبهة المستقبل 03 مقاعد

ولاية سطيف :

جبهة التحرير الوطني : 06 مقاعد

حركة مجتمع السلم: 05 مقاعد

التجمع الوطني الديمقراطي: 04 مقاعد

ولاية معسكر:

جبهة التحرير الوطني : 02 مقاعد

حركة مجتمع السلم: 02 مقاعد

التجمع الوطني الديمقراطي : 02 مقاعد",,128,2,0,credible,Government & Official Statements
source_117,credible,إسرائيل: العودة إلى الحجر الصحي واردة في ظل مخاوف من سلالة دلتا من كوفيد -19,"منحت إسرائيل مسؤولي الصحة اليوم الأربعاء في 23 يونيو 2021 صلاحية وضع أي شخص في الحجر الصحي إذا ظنوا أنه تعرض لسلالة دلتا شديدة العدوى من كوفيد-19 حتى إن كان قد سبق وحصل على اللقاح المضاد للمرض أو تعافى منه ولديه مناعة مفترضة.

إعلان اقرأ المزيد

وجاء القرار بعد أن حذر رئيس الوزراء الإسرائيلي نفتالي بينيت يوم الثلاثاء من بؤر تفش جديدة بسبب سلالة دلتا بعد أن عادت حالات الإصابة اليومية للارتفاع إثر انخفاضها لأسابيع بفضل حملة التحصين.

وبموجب تحديث لإرشادات وزارة الصحة، يمكن إصدار أوامر لمن تلقوا اللقاح أو أصيبوا بالمرض من قبل بتنفيذ عزل ذاتي لمدة تصل إلى 14 يوما إذا اعتقدت السلطات أنهم كانوا ""مخالطين عن قرب لحامل للسلالة الخطرة من الفيروس"".

وقالت الوزارة إن المخالطة المقصودة قد تكون التواجد كراكب على ذات الطائرة، في عرقلة محتملة لإعادة إسرائيل فتح حدودها بالتدريج أمام السائحين المتلقين للقاح.

وقال وزير الصحة نيتسان هورويتز مخاطبا البرلمان إن غرامات ستفرض كذلك على المواطنين أو السكان الذين يزورون دولا على القائمة السوداء لمخاطر كوفيد-19.

وفي 16 يونيو- حزيران، أدرجت وزار الصحة الإسرائيلية الأرجنتين والبرازيل وجنوب أفريقيا والمكسيك وروسيا على قائمة دول يحظر على مواطني إسرائيل وسكانها زيارتها بدون تصريح خاص.

وتلقى نحو 55 بالمئة من سكان إسرائيل البالغ عددهم 9.3 مليون نسمة لقاح فايزر- بيونتيك ورفعت السلطات أغلب قيود مكافحة المرض بعد انخفاض حاد في عدد حالات الإصابة. وتم توسيع نطاق المستحقين لتلقي اللقاح إلى الفئة العمرية من 12 إلى 15 عاما منذ الشهر الماضي لكن الإقبال في هذا السن منخفض.

وحث بينيت، إثر القلق من حالات عدوى في مدرستين الأسبوع الماضي، أولياء الأمور على تطعيم أبنائهم من تلك الفئة العمرية. وقالت وزارة الصحة اليوم الأربعاء إن أولياء أمور الأطفال الذين يخالفون قواعد الحجر الصحي سيغرمون بدفع خمسة آلاف شيقل.

الرسالة الإخباريةأبرز الأحداث الدولية صباح كل يوم اشترك",,286,0,2,not credible,Government & Official Statements
source_73,credible,البرلمان يراسل هيئة مكافحة الفساد لطلب تقرير حول شبهات الفساد المتعلقة بوزراء التحوير الوزاري,"قرّرت لجنة الاصلاح الاداري ومكافحة الفساد البرلمان توجيه مراسلة رسمية إلى رئيس الهيئة الوطنية لمكافحة الفساد تتعلّق بطلب مدّها بتقرير كتابي حول شبهات الفساد وتضارب المصالح المتعلّقة بالأعضاء المعنيين بالتحوير الحكومي الذي تمّت المصادقة عليه خلال الجلسة العامة لمجلس نواب الشعب بتاريخ 26 جانفي 2021، وحول مآلاتها القضائية إن وجدت.

مقالات اخرى",,52,0,2,not credible,Government & Official Statements
source_95,credible,تنسيقية “الأحرار” بفرنسا تدعو إلى تعزيز التعبئة حول أهمية المحطات الانتخابية المقبلة,"تنسيقية “الأحرار” بفرنسا تدعو إلى تعزيز التعبئة حول أهمية المحطات الانتخابية المقبلة

الدار / خاص

عقد مكتب التجمع الوطني للأحرار مساء الجمعة 07 ماي 2021 اجتماعا مع منسقي الحزب بفرنسا وذلك بمقر الحزب بباريس.

وترأست الاجتماع رشيدة بن بوعزة-هبري منسقة الحزب بفرنسا وحضره أعضاء المكتب ورئيس منظمة التجار بباريس. وكان الاجتماع مناسبة لدراسة سبل تعبئة مغاربة فرنسا للمساهمة في الاستحقاقات المقبلة.

وبعد نقاش مستفيض، اعتمد الحاضرون خطة عمل للتعبئة والتحسيس والتواصل حول أهمية المحطات الانتخابية المقبلة، كحلقات ذات أهمية كبيرة في المسار الديمقراطي لبلادنا.

وجرى خلال هذا الاجتماع، انتخاب ممثلين لمناضلي الحزب بفرنسا بعدة جهات وأقاليم وجماعات بالمملكة، على أساس أن يتم تعيين الباقي خلال الأيام القليلة القادمة.

واتفق الحاضرون على تكوين 12 مجموعة، كل واحدة منها تهم جهة بالمملكة ويتكون اعضاؤها من ممثل للحزب بفرنسا بالجهة وممثلين للاقاليم والجماعات التابعة لها وذلك بهدف تنزيل خطة العمل التي تم الاتفاق والمصادقة عليها بتشاور وتنسيق مع السيد المنسق الجهوي للجهة 13.",,150,0,1,undecided,Government & Official Statements
source_86,credible,السيسي يتقدم بخالص العزاء لنائب رئيس دولة الإمارات في وفاة أخيه,"أنا معجب بالشروق بالفعل، لا تظهر هذه الرسالة مرة أخرى

سجّل إعجابك بصفحتنا على فيسبوك لتحصل على المزيد

أعجبك الموضوع؟ سجّل إعجابك بصفحتنا على فيسبوك لتحصل على المزيد

قال السفير بسام راضي المتحدث الرسمي باسم رئاسة الجمهورية إن الرئيس السيسي تقدم بخالص العزاء لنائب رئيس دولة الإمارات ورئيس مجلس الوزراء حاكم دبي الشيخ محمد بن راشد في وفاة أخيه.

وأضاف راضي أن الرئيس أعرب عن بالغ الحزن والأسى لوفاة المغفور له بإذن الله الشيخ حمدان بن راشد آل مكتوم، نائب حاكم دبي ووزير المالية، موجهاً أصدق عبارات التعازى إلى أسرة آل مكتوم الكريمة وإلى شعب دولة الإمارات الشقيقة، داعيا الله عز وجل أن يتغمد الفقيد بالرحمة وأن يلهم ذويه الصبر والسلوان .

جاء ذلك في بيان صادر عن رئاسة الجمهورية.",,120,0,1,undecided,Government & Official Statements
source_79,credible,مقتل شخص على يد شقيقه في إب إثر خلاف نشب بينهما على عائدات بيع القات,"الرئيسية/أخبار/ مقتل شخص على يد شقيقه في إب إثر خلاف نشب بينهما على عائدات بيع القات أخبار مقتل شخص على يد شقيقه في إب إثر خلاف نشب بينهما على عائدات بيع القات صحيفة الشارع Send an email أقل من دقيقة

إب- “الشارع”: قتل شخص، في مديرية المخادر بمحافظة إب، السبت، على يد شقيقه، إثر خلاف نشب بينهما على أرباح القات. وأوضحت مصادر محلية، أن شقيقين في منطقة “سَبَحان” بمديرية المخادر في إب، تشاجرا على أرباح وعائدات بيع القات التابع لهما، أدى إلى قتل أحدهما للآخر. وذكرت، أن الجريمة بدأت بمشادة كلامية بين الشقيقين حول عائدات بيع “جربة” قات، تابعة لهما، وانتهت بمقتل أحدهما، ولم توضح إن كان قد تم إلقاء القبض على القاتل من قبل الأجهزة الأمنية. وتعيش مديريات ومناطق محافظة إب، الواقعة تحت سيطرة مليشيا الحوثي الانقلابية، حالة انفلات أمني، وزيادة في نسبة الجريمة.",,135,0,1,undecided,Government & Official Statements
source_100,credible,القرعاوي: الضفة بؤرة صراع مهمة ومن حقها المقاومة بكل الوسائل,"



رام الله - دنيا الوطنأكد النائب في المجلس التشريعي عن مدينة طولكرم فتحي القرعاوي على أن الضفة الغربية تمثل بؤرة صراع مهمة ومن حقها المقاومة بكل الطرق والوسائل الممكنة لها بسبب ما تتعرض له من انتهاكات للاحتلال واعتداءات للمستوطنين.وقال النائب القرعاوي: ""إن هذا العطاء الذي تشهده ساحات وميادين الضفة هو أقل الواجب من الفلسطيني تجاه أخيه الفلسطيني أمام ما يتعرض له من اضطهاد في العالم، حيث إن الشعب الفلسطيني يمثل كتلة واحدة وهو على قلب رجل واحد سواء في الضفة أو غزة، مؤكدا أن ما يصيب الفلسطيني بغزة يجب أن يشعر به ابن الضفة ويؤثر عليه عطاءً وتضحية ودعما"".وشدد على أن القدس منذ أن وجدت هي محور للمقاومة في فلسطين وقضية كل مسلم، لافتًا إلى أن الاحتلال يجب أن يدرك أنه أخطأ في اعتداءاته على القدس وأحيائها وسيدرك متأخرا خطورة ما أقدم عليه ضد المقدسات.وحذر من خطورة ما تتعرض له المدن الفلسطينية من اعتداءات مستمرة على غزة وسط صمت مريب من المحيط العربي والإسلامي، مستنكرا ضعف التدخل لوضع حد للتغول الإسرائيلي ضد غزة والضفة على وجه التحديد.وشدد القرعاوي على ضرورة أن يكون هناك تدخل يُلزم الدول ذات العلاقة والمعنية بحل الصراع الفلسطيني بالتدخل لوقف الاعتداءات على الشعب الفلسطيني، داعيًا رئاسة السلطة لضرورة التدخل لدى الجهات الدولية والإقليمية وشرح خطورة ما يتعرض له الإنسان الفلسطيني في الضفة وغزة، وتسهيل عمل الثائرين وحماية ظهر المقاومة في الضفة.وتابع قرعاوي"" يجب أن يشعر العالم بخطورة القضية ويتم التدخل لرفع البلاء عن المناطق الفلسطينية"".",,229,0,1,undecided,General/Other Ambiguous Context
source_123,credible,السلطات التونسية: هذا هو مصير عدد من الحراقة الجزائريين,"نفت الرابطة التونسية للدفاع عن حقوق الإنسان، الأخبار المتداولة بخصوص توقيف السلطات التونسية لمجموعة من الشباب الجزائريين أثناء اجتيازهم للحدود البحرية.

وجاء في بيان للرابطة التونسية للدفاع عن حقوق الإنسان-فرع بنزرت-“راجت أخيرا أخبار تفيد بأن السلطات التونسية احتفظت بمجموعة شباب جزائريين أثناء اجتيازهم للحدود البحرية وهم موقوفين الآن بمراكز الاحتفاظ ببنزرت”.

وتابع البيان “إثر ذلك اتصل اليوم الاثنين 22 مارس 2021 وفد عن فرع بنزرت لرابطة حقوق الإنسان بالحرس البري والحرس البحري للاستفسار عن صحة تلك الأخبار وهناك أعلمونا انه لا علم لهم إلى حد هذه اللحظة بتلك المجموعة ولا يتواجد أي منهم بمراكز الاحتفاظ”.

وأوضحت الرابطة “كما أفادونا بخبر الاحتفاظ بجثة لفظها البحر منذ أكثر من أسبوع يعتقد إنها لمهاجر أجنبي يبدو إنها لجزائري الجنسية و محتفظ بها بالمستشفى الجهوي ببنزرت وجاري البحث حاليا بالتنسيق مع بقية الهياكل المعنية للتعرف على هويتها وتحديد الجهة القادمة منها”.",,137,0,2,not credible,Health & COVID-19
source_73,credible,المشيشي: 'مشروع التعاون التونسي-الألماني لتعزيز السلامة الصحية له انعكاسات إيجابية على الإقتصاد',"اعتبر اليوم الثلاثاء 30 مارس 2021 رئيس الحكومة هشام المشيشي، مشروع التعاون التونسي-الألماني حول تعزيز منظومة السلامة الصحية للغذاء وحماية صحة المستهلك في تونس، من أهم المشاريع التي اشتغلت عليها حكومته.

وقال المشيشي في تصريح لشمس أف أم، إن هذا المشروع هو لبنة أخرى لتكريس التعاون التونسي الألماني.

وبين أنه يهدف إلى حماية المستهلك التونسي، مشيرا إلى الانعكاسات الإيجابية لهذا المشروع على المستوى الإقتصادي ومساهمته في فتح مزيد من الأسواق للمنتج التونسي.",,72,0,2,not credible,Government & Official Statements
source_121,undecided,إلغاء التراخيص وإبعاد العمالة.. لغير الملتزمين بقرار إغلاق الأنشطة,"مع دخول حظر أنشطة المعاهد الصحية والصالونات حيز التنفيذ اعتباراً من اليوم الأحد، التزم أصحابها بقرار الإغلاق في ظل تكثيف لجنة الاشتراطات الصحية المشكلة من مجلس الوزراء جولاتها للتأكد من عدم مخالفة القرار.



وقد أكد رئيس اتحاد صالونات الحلاقة طارق أسد لـ«القبس»، «التزام الجميع القرارات الصادرة عن الجهات الحكومية»، مشيراً إلى الاعتراض على آلية التنفيذ.

في السياق، بدأ التفتيش على الأنشطة المحظورة، عبر اللجنة المختصة بمتابعة تطبيق الاشتراطات الصحية التي تتكون من بلدية الكويت ووزارة الداخلية والهيئة العامة للقوى العاملة ووزارة التجارة، حيث اجتمعت أول من أمس ووضعت ضوابط تتم من خلالها متابعة الأنشطة المخالفة لقرارات مجلس الوزراء.

وقالت مصادر مسؤولة إن اللجنة قسمت فرقها على المحافظات، مشيرة إلى أن التوصيات التي ستقوم اللجنة بالقيام بها خلال الأيام الأربعة الأولى من تطبيق القرار، هي التنبيه على أصحاب المحال والتأكد من إغلاق الأنشطة ورصد المخالفين، ومن ثم تنتقل إلى مرحلة المخالفات التي ستكون مغلظة، ومنها سحب تراخيص المحال وإلغاؤها في حال تكرار المخالفة، وإلغاء إقامات العمالة في النشاط وإحالتهم إلى الإبعاد.",,160,1,2,not credible,Government & Official Statements
source_1,credible,وزارة الصحة: تسع ملايين و993 ألف ملقح بالجرعة الأولى من لقاح كورونا,"كشفت وزارة الصحة، اليوم الأربعاء، أنه عدد الملقحين بالجرعة الأولى من اللقاح المضاد لفيروس كورونا وصل تسعة ملايين و993 ألاف و673 شخصا منذ إطلاق الحملة الوطنية للتلقيح في 28 يناير المنصرم.

وأوضحت الوزارة في النشرة اليومية، أنه مجموع الملقحين بالجرعة الثانية من اللقاح بلغ تسع ملايين و116 ألفا و132 شخصا.",,50,0,2,not credible,Government & Official Statements
source_134,credible,أم العرائس: أولياء يحاولون احتجاز سيارة معدة لنقل الاختبارات‎‎,"عمد صباح اليوم الإثنين 21 جوان عدد من أولياء تلاميذ بكالوريا بمعتمدية أم العرائس الى احتجاز وتعطيل سيارة إدارية تابعة للمندوبية الجهوية للتربية بقفصة من التوجه نحو مركز الإصلاح وذلك بعد التفطن إلى ثلاثة عشر محاولة غش في الامتحان من قبل المراقبين.

وقد تدخل أعوان أمن وبعض الإداريين لمنع احتجاز السيارة، وفق مراسل موزاييك بالجهة.



",,55,0,2,not credible,Crime & Accidents
source_117,credible,أبراج الأربعاء 21 نيسان,"السرطان

عندك فرصة للحصول على مكسب مالي بفضل العمل أو مبلغ تسترده, قد تعثر على شيء كان ضائعا منك.",,19,0,2,not credible,General/Other Ambiguous Context
source_46,not credible,السودان: لم نهدي الأردن لحم الضأن في رمضان — صحيفة متاريس الإلكترونية,"السودان: لم نهدي الأردن لحم الضأن في رمضان

الخرطوم: (متاريس)

نفى وزير الثروة الحيوانية حافظ عبدالنبي إهداء الأردن لحوماً سودانية في شهر رمضان.

وقال عبدالنبي في منشور له على فيسبوك اطلع عليه محرر (متاريس) إن الأخبار المتداولة حول إهداء الأردن 35 طن من لحوم الضأن المبردة غير صحيح.

ووصف الوزير تلك الأخبار بأنها “تهدف لخلق البلبلة” مشيرا إلى أن أي اتفاق لابد له من مراعاة مصالح البلدين.",,67,2,1,undecided,Government & Official Statements
source_100,credible,مستوطنون يجرفون حياً تاريخياً قرب المسجد الإبراهيمي,رام الله - دنيا الوطنأقدمت مجموعات من المستوطنين، الاثنين، على تجريف حي تاريخي قرب المسجد الإبراهيمي بالبلدة القديمة بمدينة الخليل جنوب الضفة الغربية.وأفاد مدير الدائرة القانونية في لجنة إعمار الخليل توفيق جحشن، بأن مستوطنين تحت حماية جيش الاحتلال، شرعوا بتجريف ما مساحته 400 متر مربع في حوش قفيشة وشريف، الذي قطنته بالإضافة للعائلتين المذكورتين عائلتا الفاخوري وأبو سنينة، قرب المسجد الإبراهيمي.وبحسب جحشن فان تلك الممارسات تأتي في سياق عمليات التهويد التي تنتهجها سلطات الاحتلال بالبلدة القديمة.وطالب جحشن، المجتمع الدولي والدول الأعضاء في منظمة (يونسكو) بتحمل مسؤولياتهم تجاه ما تقوم به حكومة الاحتلال، بانتهاكات لحقوق الشعب الفلسطيني وممتلكاته وآثاره وتراثه.,,99,0,1,undecided,General/Other Ambiguous Context
source_73,credible,غدا: جلسة عامة للبرلمان لتوجيه أسئلة شفاهية لوزيري التجهيز والشؤون المحلية,"يعقد مجلس نواب الشعب جلسة عامة، غدا الإثنين بداية من الساعة منتصف النهار بالمبنى الأصلي للمجلس، يتضمن جدول أعمالها توجيه أسئلة شفاهية من عدد من النواب إلى كل من وزير التجهيز والإسكان والبنية التحتية ووزير الشؤون المحلية والبيئة بالنيابة، وفق ما جاء في بلاغ للبرلمان مساء اليوم الأحد.

مقالات اخرى",,50,0,2,not credible,Government & Official Statements
source_108,credible,حالة الطقس في السودان اليوم الاثنين 26 أبريل 2021م حتى الأربعاء المقبل,"إرسال إلى بريد إلكتروني

إسمك

بريدك الإلكتروني

لم يتم إرسال الموضوع - تحقق من عناوين بريدك الإلكترونية!

فشل التأكد من البريد الإلكتروني، من فضلك أعد المحاولة

عفواً، لا يستطيع موقعك مشاركة المواضيع من خلال البريد الإلكتروني.",,36,0,1,undecided,General/Other Ambiguous Context
source_86,credible,مصرع شخص وإصابة 5 آخرين في حادث تصادم بين سيارتين بنفق الشهيد أحمد حمدي,"لقى شخص مصرعه وأصيب ٥ آخرون إثر حادث تصادم سيارة ملاكي مع أخرى نقل بمفارق نفق الشهيد أحمد حمدي، اليوم الجمعة، وتم نقل المصابين وجثمان المتوفي إلى مستشفى السويس العام.

وكان محمد الألفي، مدير أمن السويس، تلقى إخطارا من قوات تأمين الطرق بوقوع حادث تصادم بين سيارة ملاكي وأخرى نقل بمفارق نفق الشهيد أحمد حمدي اتجاه عيون موسى طريق شرم الشيخ، ما أسفر عن مصرع شخص وإصابة 5 أخرين.

على الفور وجه الدكتور محمد طنطاوي رئيس مرفق الإسعاف في السويس، بالدفع بـ ٦ سيارات لنقل المصابين من موقع الحادث إلى مستشفى العام.

من جانبه، قال مصدر طبي في السويس، أن أسماء المصابين بحسب بياناتهم الشخصية هم ""أحمد محمد عبد الفضيل ""32 سنة"" اشتباه نزيف بالمخ وسحجات وكدمات، ومحمد صابر وهبه ""35 سنة"" جرح قطعي بالرأس 5 سم مع كدمات بالجسم، وأحمد إبراهيم قرني ""26 سنة"" جرح متهتك بالقدم اليسري مع كسر بالضلوع، وحسن شعبان عبد الجليل ""18 سنة"" اشتباه كسر بالزراع الأيسر ومع سحجات بالجسم، ومحمود صبري وهبه ""27 سنة"" اشتباه كسر بالقدم اليمني وسحجات بالجسم، لافتا إلى أن المتوفى هو أحمد ربيع جمال ""65 سنة"".",,176,0,1,undecided,Government & Official Statements
source_82,undecided,ضياف ربي يصنع الحدث.. نسبة مشاهدة عالية ويدخل التوندونس — النهار أونلاين,"صنع برنامج “ضياف ربي” الذي يبث يوميا على قناة “النهار”، خلال الشهر الفضيل، الحدث عبر وسائل التواصل الإجتماعي.

وحصدت الحلقة التي تم بثها أمس، مليون ونصف المليون مشاهدة، خلال 24 ساعة فقط.

وقد غير برنامح ضياف ربي الذي تعده وتقدمه الزميلة عائشة بوزمارن من حلته.

واستضاف البرنامج أمس مغني الراب المعروف ديدين كلاش، والممثلة حياة عولة.

وتوجهت مقدمة البرنامج وضيوفها، في الحلقة التي تم بثها أمس إلى ولاية المدية، للوقوف على معاناة إحدى العائلات.

وتفاجأ كل من ديدين وحياة عولة، بالظروف المزرية التي تعيشها العائلة.

حلقة أمس حققت نسبة مشاهدة عالية في مواقع التواصل الإجتماعي واحتلت المرتبة السابعة في التوندونس.",,100,1,0,credible,Source-Specific Artifacts / Boilerplate
source_82,undecided,بلحيمر عن ملف الذاكرة.. بتصريحات ماكرون أو دونها الجزائر متمسكة به — النهار أونلاين,"قال الناطق الرسمي للحكومة، عمار بلحيمر، إن التفجيرات النووية الفرنسية بالجزائر والألغام المضادة للأشخاص جزء لا يتجزأ من ملف الذاكرة.

وأوضح بلحيمر، في حوار لـ”عربي بوست”، أن ملف الذاكرة لن تفرط عنه الجزائر “خاصة أن هذه التفجيرات الإجرامية ما زالت تخلف إلى اليوم ضحايا”.

وأشار وزير الاتصال، إلى أن “قبل أسبوع فقط أكد سفيرنا بفرنسا أن مسائل الذاكرة تهدف إلى استرجاع الرفات والأرشيف”.

مضيفا، “وتعويض الضحايا الجزائريين للتجارب النووية والمواقع السابقة للتجارب في الصحراء ومسألة المفقودين”.

وعن تصريحات ماكرون بعدم الاعتذار، أكد بلحيمر “بهذا التصريح أو دونه الجزائر متمسكة بملف الذاكرة ولن تتراجع عن المطالبة به”.",,96,1,0,credible,Source-Specific Artifacts / Boilerplate
source_100,credible,شرطة الاحتلال تُعزز انتشارها بقوات مضاعفة استعدادًا لمسيرة الأعلام غدًا,"رام الله - دنيا الوطنعززت شرطة الاحتلال الإسرائيلي، اليوم الإثنين، انتشارها بقوات مضاعفة استعداداتها لمسيرة الأعلام.وستنظم غدا الثلاثاء في القدس، مسيرة الأعلام، بعد أن تم تأجيلها أكثر من مرة، في حين تخشى شرطة الاحتلال تدهور الوضع.ووفق صحيفة (معاريف) سيعقد اليوم المفتش العام للشرطة يعقوب شبتاي جلسة خاصة بمشاركة كبار ضباط الشرطة، لتقييم صورة الأوضاع الأمنية.بدورها، أفادت هيئة البث الإسرائيلية الرسمية (مكان)، بأن المؤسسة الأمنية الإسرائيلية، قدرت أن حركة (حماس) في قطاع غزة لن ترد على ""مسيرة الاعلام"" الإسرائيلية المقررة، غدًا الثلاثاء، في القدس بإطلاق الصواريخ، لكن قد يكون هناك رد على شكل إطلاق بالونات من القطاع ومحاولات لتنفيذ عمليات في الضفة الغربية.",,102,0,1,undecided,Government & Official Statements
source_134,credible,جمعية الدفاع عن الطفل تندّد بقص شعر تلاميذ ''عنوة'' في مدرسة خاصة,"ندد رئيس الجمعية التونسية للدفاع عن حقوق الطفل معز الشريف اليوم السبت بالعنف المسلط على عدد من التلاميذ في أحد المؤسسات التربوية الخاصة بحي التحرير بتونس، حيث تم ""قص شعرهم عنوة خارج الوسط المدرسي بقرار من أحد المسؤولين بالمؤسسة ومن دون استشارة أوليائهم""، حسب قوله.

وشدد معز الشريف في تصريح لـوكالة تونس إفريقيا للأنباء اليوم أن المدرسة التونسية أصبحت تهدد الصحة النفسية والجسدية للطفل في ظل غياب وسكوت السلطات المعنية عن مثل هذه التصرفات ""الخطيرة"" حسب توصيفه والمتكررة في الوسط المدرسي، مشيرا إلى أنه لم يتم في أغلب الأوقات مقاضاة من يتعمد تسليط العنف المادي والمعنوي على الأطفال الضحايا في الوسط المدرسي أو خارجه.

وأكد الشريف في هذا السياق، ضرورة مراجعة مجلة حماية الطفل وإحداث باب الطفل المهدد قصد حماية الطفل التونسي من ظاهرة العنف ومحاسبة كل مرتكب لجريمة في حق الطفولة، لافتا الى أن تدخل قاضي الأسرة في هذا المجال يبقى محدودا.

من جهته أوضح المندوب الجهوي للتربية تونس 2 محمد القزوني، أن المندوبية أذنت أمس بفتح بحث إداري في المؤسسة التربوية الخاصة التي جدت بها الحادثة وتبين أن باعث المؤسسة هو المسؤول عن قرار قص شعر عدد من التلاميذ الذين يزاولون دراستهم في هذه المؤسسة "" بهدف تحسين هندامهم ومظهرهم الخارجي.

وأكد محمد القزوني في هذا السياق، أن وزارة التربية هي وحدها المسؤولة عن اجراءات تسيير المؤسسات التربوية سواء كانت مؤسسة عمومية أو خاصة، لافتا إلى أنه تم تسجيل حالة من الارتباك والخوف من طرف الأولياء والتلاميذ الذي تعرضوا لهذه الحادثة.

وأشار إلى أن المندوبية ستخصص الأسبوع القادم مجموعة من الأخصائيين الاجتماعيين على ذمة الأطفال المتضررين لمعالجتهم من التداعيات النفسية لهذه الحادثة.",,254,0,2,not credible,Government & Official Statements
source_35,not credible,نقل سارة وفرح من غزة إلى الأردن,"نقلت الجهات المعنية كلاً من الطفلة فرح اسليم وسارة المتربيعي من قطاع غزة إلى الأردن لتلقي العلاج.

وبناء على توجيهات ملكية أوعز رئيس هيئة الأركان المشتركة اللواء الركن يوسف أحمد الحنيطي إلى الخدمات الطبية الملكية، مساء اليوم السبت، بإخلاء الطفلة سارة من قطاع غزة، وعلاجها في مستشفيات الخدمات الطبية الملكية، إثر تعرضها لإصابة بشظايا نتيجة إنفجار أدت لإصابات متعددة في جسمها، وذلك بعد مناشدتها لجلالة القائد الأعلى الملك عبدالله الثاني، على وسائل التواصل الاجتماعي.",,74,2,0,credible,Government & Official Statements
source_131,credible,استنفار المحليات في المنوفية استعدادًا لزيارة رئيس الوزراء.. والمواطنين ياريت كل اسبوع زيارة,"مدينة سرس الليان

استنفرت أجهزة المحليات في المنوفية، بكافة القطاعات، استعداد لزيارة مرتقبة، لدولة رئيس الوزراء الدكتور مصطفى مدبولي، اليوم السبت، لتفقد مشروعات المبادرة الرئاسية بقرية شما التابعة لمركز أشمون، بالإضافة إلى محطة مياه الحامول.

وشهدت شوارع محافظة المنوفية في المناطق المستهدفة في الزيارة، تكثيف لعمل رجال المحليات، ونظافة عامة وتمهيد لطرق، انتظارًا لوصول الدكتور مصطفى مدبولي رئيس مجلس الوزراء، السبت القادم، لتفقد بعض المشروعات القومية.",,66,0,1,undecided,Government & Official Statements
source_7,not credible,وزارة الصحة: 161 إصابة جديدة و4 وفيات بكورونا خلال 24 ساعة,"سجلت وزارة الصحة 161 إصابة جديدة بفيروس كورونا (كوفيد-19) و4 وفيات في الجزائر خلال ال24 ساعة الأخيرة.

فيما تماثل 132 مريضا للشفاء، حسب ما كشف عنه اليوم الناطق الرسمي للجنة رصد ومتابعة فيروس كورونا، الدكتور جمال فورار.

وخلال اللقاء الإعلامي اليومي المخصص لعرض تطور الوضعية الوبائية لفيروس كورونا أوضح فورار أن إجمالي الحالات المؤكدة 114543 بلغ شخص من بينها 161 حالة جديدة.

بينما بلغ العدد الإجمالي للمصابين الذين تماثلوا للشفاء 79319 شخص والعدد الإجمالي للوفيات 3022 حالة.

ويتواجد حاليا 16 مريضا في العناية المركزة، حسب فورار .",,87,2,0,credible,Government & Official Statements
source_86,credible,أحمد موسى عن قطار حلوان: ماشي تحت البيوت هيشيل الناس,"عرض الإعلامي أحمد موسى، صورًا كارثية من حلوان بجوار السكة الحديد، حيث توجد منازل مقامة على مقربة من خط مرور القطار والسيارات متوقفة بجوار السكة الحديد.

وأضاف خلال تقديم برنامجه «على مسئوليتي»، المذاع على قناة «صدى البلد»، مساء أمس الاثنين، «لو أن هناك أشخاصا يجلسون أمام المنازل كما هو معتاد في الصيف فإن القطر هيشلهم لأنهم لا هيلحقوا يفروا ولا القطر يلحق يقف».

وتساءل: «أين حرم السكة الحديد وهل هذا الوضع قانوني؟»، ناصحًا المواطنين «مضيعش نفسك وأعبر السكة الحديد من مزلقان والتزموا بالتحذيرات».

وذكر أن الدولة تنفق مئات المليارات لتطوير قطاع النقل وفي المقدمة قطاع السكة الحديد الذي ينقل العدد الأكبر من المواطنين، مؤكدًا أن يحظى باهتمام رئاسي، حيث إن السكك الحديدية لم تشهد تطويرًا منذ عشرات السنوات.

وناشد الإعلامي أحمد موسى، المواطنين بعدم الاستسهال والعبور فوق خطوط السكة الحديد، قائلًا: «يجب العبور في الأماكن المخصصة لذلك حفاظا على سلامتكم».

وتابع: «الحادث يعطينا دروسا للمرات المقبلة»، مشددا على أنه لا معلومة حتى الآن عن المتسبب في حادث قطار حلوان، وهذه الأمور تترك لجهات التحقيق.



",,164,0,1,undecided,Crime & Accidents
source_34,not credible,ايران :حققنا ملياراً و182 مليون دولار صادرات للعراق رغم فرق العملة,"شبكة عراق الخير :

أعلن روح الله غلامي مدير عام دائرة جمرك محافظة إيلام في إيران يوم الجمعة أن الصادرات من السلع والبضائع إلى العراق عبر معبر مهران الحدودي بلغت 344 مليون دولار أمريكي خلال الأشهر الماضية.

وقال غلامي في تصريحات نقلتها وسائل إعلام إيرانية اليوم، إن حجم الصادرات من المعبر بلغت 651 ألف طن، وتشمل مواد البناء، والخضر والفواكه، والمنتجات البلاستيكية، ومواد أخرى متنوعة.

وأضاف أن حجم الصادرات في العام الماضي بلغت مليونين، و79 ألف طن تم تصديرها إلى العراق من نفس المعبر، مشيرا إلى أن نسبة التصدير ارتفعت هذا العام إلى 24%.

كما ذكر المسؤول الجمركي الإيراني أن “الإيرادات المالية المتحققة العام الماضي من تصدير السلع والبضائع من معبر مهران بلغت مليار ونصف المليار دولار أما هذا العام فقد حققنا ملياراً و182 مليون دولار رغم زيادة نسبة الصادرات وذلك بسبب فرق العملة وتراجع التومان أمام الدولار الأمريكي”.",,139,2,1,undecided,Economics & Pricing
source_82,undecided,"وزير الصحة لأعضاء ""SNPSP"".. ستتم معالجة الملفات المتعلقة بالترقية التعويضات — النهار أونلاين","قال وزير الصحة، عبد الرحمان بن بوزيد، اليوم الخميس، إنه ستتم معالجة الملفات المتعلقة بالترقية في الرتب والنظام الأساسي والتعويضات.

وأوضح، بن بوزيد، أن الهياكل المركزية للوزارة تحرص على ضمان الوتيرة المناسبة للتكفل بالملفات التي تشكل جزءا من مهام الوزارة.

وهذا –يضيف الوزير-، من خلال ترقية الحوار والاتصال من أجل تهيئة مناخ اجتماعي ملائم لتنمية القطاع.

وقدم بن بوزيد توجيهات إلى الإطارات المركزيين ببذل أقصى ما في وسعهم لتحسين الأوضاع وإيجاد حلول لجميع المشاكل المطروحة.

للإشارة استقبل عبد الرحمن بن بوزيد، بجلسة استماع، أعضاء مكتب النقابة الوطنية لممارسي الصحة العمومية (SNPSP)، برئاسة الدكتور إلياس مرابط.

وجدد رئيس النقابة الوطنية لممارسي الصحة العمومية التزام الهيئة الطبية ببذل أقصى جهدها لصالح المنظومة الصحية والعمل بالتشاور مع الوزارة.

ودعا مرابط إلى إعادة تنشيط اللّجان المختلطة بالإضافة إلى تفعيل ديناميكية جديدة للتكفل بالمشاكل التي يواجهها الممارسون يوميا.

وقدّم أعضاء مكتب النقابة الوطنية لممارسي الصحة العمومية (SNPSP) عرضا للوضع السائد الذي يؤثر على ظروف العمل.

بالإضافة إلى الصعوبات والعقبات التي تواجهها بعض المؤسسات.",,158,1,2,not credible,Source-Specific Artifacts / Boilerplate
source_100,credible,53 مستوطنا يقتحمون باحات المسجد الأقصى,"رابط مختصر:

رام الله - دنيا الوطن

اقتحمت مجموعات المستوطنين، اليوم الاثنين، باحات المسجد الأقصى المبارك، ونفذوا جولات استفزازية، وأدوا طقوساً تلمودية في الجهة الشرقية منه.



وأفادت دائرة الأوقاف الإسلامية بالقدس، بأن 53 مستوطناً، اقتحموا الباحات من جهة باب المغاربة، تحت حماية شرطة الاحتلال الإسرائيلي، في خطوة تتكرر يومياً، بحسب الوكالة الفلسطينية الرسمية.",,53,0,1,undecided,Government & Official Statements
source_73,credible,الإقتطاع من أجور غير المضربين من القيمين: وزير التربية يؤكد تسوية الوضعيات مع المندوبيات الجهوية,"أكد وزير التربية فتحي السلاوتي، اليوم الإثنين، في رده على سؤال النائب الحبيب بن سيدهم حول الإقتطاع من أجور غير المضربين من القيمين العامين والقيمين وموظفي التربية بانه ""ستتم تسوية الوضعية والتثبت من ذلك مع المندوبيات الجهوية "".

مقالات اخرى",,40,0,2,not credible,Government & Official Statements
source_55,credible,إغلاق سبعة منشآت وضبط 83 مخالفة للتدابير الصحية وإجراءات كورونا في الشرقية,"صحيفة وصف :نفذت أمانة المنطقة الشرقية أمس الاثنين، 1572 جولة رقابية، من ضمنها 11 جولات مشتركة مع الجهات ذات العلاقة، و38 جولة تمت بناء على بلاغ عبر مركز 940.

وأسفرت الجولات عن إغلاق 7 منشآت مخالفة، وضبط 83 مخالفة، شملت 68 مخالفة للتدابير الصحية، و15 مخالفة للإجراءات الاحترازية المرتبطة بفيروس كورونا المستجد وتطبيق توكلنا، في الأسواق والمراكز التجارية ومنافذ البيع.

وقالت الأمانة أنها استقبلت عبر مركز البلاغات 940 عدد 14 بلاغاً، عن مخالفات المنشآت للإجراءات الاحترازية وتطبيق توكلنا.

وأكدت الأمانة استمرار جولاتها الرقابية المكثّفة، للتثبّت من تطبيق التدابير الصحية والإجراءات الاحترازية، مع تشديدها بضرورة التقيد بالأنظمة الوقائية، للمنشآت التجارية، والأسواق، والمراكز، ومتابعتها، وكذلك تطبيق الاشتراطات البلدية، ورفع المستوى التوعوي لجميع المنشآت بالمنطقة، وكذلك تفعيل مبادرة ” ممتثل ” بكافة مدن ومحافظات المنطقة، وأبانت الأمانة بأنها تعمل على تعزيز الجانب التوعوي والرقابي.

ودَعت الأمانة الجميع بضرورة التكاتف مع الجهود المبذولة، والإبلاغ عن أي مخالفات يتم التجاوز بها للإجراءات الاحترازية والوقائية، أو المخالفات البلدية، عبر مركز البلاغات 940.",,156,0,1,undecided,Health & COVID-19
source_47,credible,بمشاركة العديد من المدمرات.. مناورات أمريكية مغربية,"مرصد مينا – المغرب

تنفذ القوات المغربية والأمريكية منذ أيام مناورات عسكرية كبرى بالقرب من جزر الكناري، حيث تشارك في المناورات القوات البحرية لكلا البلدين بالإضافة لحاملة الطائرات “أيزنهاور”، والعديد من المدمرات والمقاتلات في منطقة تقع على بعد 50 ميلا بحريا فقط من أرخبيل الكناري.

حاملة الطائرات رافقها عدد كبير من المدمرات والوحدات البحرية الأخرى بالإضافة إلى أسراب من المقاتلات. F-18 “Super Hornet”، وطائرات الإنذار المبكر والمقاتلات المجهزة بأنظمة الحرب الإلكترونية. كما شاركت الفرقاطة الحديثة على الجانب المغربي طارق بن زياد بالإضافة إلى مقاتلات مختلفة من طراز F-16 Y F-5.E2.

كما تشارك في المناورات المدمرة “يو إس إس بورتر” المتواجدة في قاعدة روتا قادس، وهي سفينة صواريخ موجهة وهي تنتمي إلى ما يسمى بـ “الدرع المضاد للصواريخ” الذي نشرته الولايات المتحدة في إسبانيا بعد اتفاقية 2011 بين حكومة خوسيه لويس رودريغيز ثاباتيرو وإدارة باراك أوباما.

يشار أن هذه المناورات تتزامن مع الدعم الأخير للسيادة المغربية على الصحراء من قبل الرئيس الأمريكي الجديد، جو بايدن، والادعاء الذي قدمته الرباط بشأن سبتة ومليلية، بحسب ما نقل موقع marketresearchtelecast.",,166,0,1,undecided,Government & Official Statements
source_73,credible,الغنوشي يدعو المشيشي للتحقيق في ملف الأرز المسرطن ومنع ترويجه,"دعا رئيس مجلس نواب الشعب راشد الغنوشي رئيس الحكومة هشام المشيشي لتابعة ملف الأرز المورد الذي يحتوي على نسبة مرتفعة من مادة الأفلاتوكسين السامة (Aflatoxine) والقادم من الباكستان المقُدر بحوالي 1200 طنا وتم تمريره عبر ميناء حلق الوادي يومي 5 و25 جانفي الفارط.

ودعا الغنوشي رئيس الحكومة الى التدخل قبل ترويج هذه المواد الغذائية الفاسدة بالأسواق، وشدّد على أهمية فتح تحقيق في الغرض ومحاسبة المتورطين اثر لقاء جمع الغنوسي برئيس لجنة الفلاحة.",,72,0,2,not credible,Government & Official Statements
source_131,credible,تأجيل نظر دعوى إلغاء قرار جامعة القاهرة بشطب رسالة دكتوراه لمدرس مساعد بزراعة بني سويف,"جامعة القاهرة

قررت الدائرة السادسة تعليم، بمحكمة القضاء الإداري بمجلس الدولة، تأجيل الطعن المقام من محمد حامد سالم المحامي، وكيلًا عن إيمان عباس حامد المدرس المساعد بكلية الزراعة جامعة بني سويف، تأجيل لجلسة 9 مايو المقبل لإلغاء قرار جامعة القاهرة بشطب رسالة الدكتوراه الخاصة بها، واتخاذ الإجراءات القانونية المقررة نحو تشكيل لجنة الحُكم والمناقشة، تمهيدا للحكم على رسالتها وتحديد موعد لانعقادها، واحتساب فترة التعطيل ضمن المدة القانونية لنيل الرسالة.



واختصمت الدعوى التي حملت رقم 9511 لسنة 74ق قضاء إداري، رئيس جامعة القاهرة، ونائب رئيس الجامعة للدراسات العليا، وعميد كلية الزراعة، ورئيس قسم الكيمياء الحيوية بكلية الزراعة جامعة القاهرة بصفتهم.



وذكرت الدعوى أنّ الطاعنة تعمل بوظيفة مدرس مساعد بكلية الزراعة جامعة بني سويف، وسجّلت بكلية الزراعة جامعة القاهرة لنيل درجة الدكتوراه منذ 17 يناير 2012 وأعدت رسالة الدكتوراه بعنوان ""دراسات بيوكيميائية على بعض المكملات الغذائية"".

وأنجزت الطاعنة رسالة الدكتوراه منذ مايو 2016 واجتازت المواد الدراسية المقررة بتفوق، وأنجزت الجزء العملي، واجتازت مادة البحث الداخلي والمناقشة بتقدير جيد جداً.

وتابعت أنّها فوجئت بعدم تحديد موعد للامتحان التأهيلي لأكثر من سنتين رغم مخاطبات إدارة الدراسات العليا بالكلية له أكثر من مرة، الأمر الذي اضطر الطاعنة إلى اللجوء إلى إدارة الجامعة لتغيير المشرف الرئيسي.

وأوضحت أنّها فوجئت بصدور قرار جامعة القاهرة بشطب وإلغاء رسالة الدكتوراه الخاصة بها، ولم يتم إخطارها أو إعلانها قانونا بقرار شطبها، وإذ إنّ قرار الجهة الإدارية شطب رسالتها، صدر مجحفا لها بعد عناء دام أكثر من 7 سنوات ومشوبا بعيب إساءة استعمال السلطة والانحراف بها وبالمخالفة للقانون.",,237,0,1,undecided,Government & Official Statements
source_89,undecided,عجلون: العثور على 4 قنابل والأجهزة المختصة تفجرها بموقعها,"عامر خطاطبة

عجلون- أكد مصدر أمني أنه تم مساء الأربعاء العثور على 4 قنابل يدوية قديمة بمنطقة المشيرفة في كفرنجة، مبينا أن خبراء من سلاح الهندسة الملكي الأردني وأمن وقائي عجلون و الأجهزة الأمنية المختلفة، تعاملوا مع هذه القنابل من خلال تفجيرها في موقعها.

حيث قاموا أيضا بفرض طوق أمني في مكان تواجد القنابل إلى حين الإنتهاء من مهمتهم للحفاظ على صحة وسلامة المواطنين.

وأكد سكان في كفرنجة أنهم سمعوا مساء اليوم دوي إنفجارات قوية وصلت الى غالبية مناطق المدينة وعين البستان.",,82,1,0,credible,Health & COVID-19
source_123,credible,هكذا حاول ترامب استمالة كيم جونغ برحلة خاصة,"نشرت صحيفة “ديلي ميل” البريطانية، الاثنين، تقريراً عن ما وصفته بالعلاقة غير العادية بين الرئيس الأمريكي السابق دونالد ترامب وزعيم كوريا الشمالية كيم جونغ أون، حيث كشفت مصادر مطلعة، أن ترامب، دعا كيم، لركوب طائرته الرئاسية، بعد لقاء جمعهما في قمة فيتنام في 2019، لكن الأخير رفض.

ووفق “ديلي ميل” تم الكشف عن هذا العرض وتفاصيل أخرى حول علاقة ترامب غير العادية بكيم، في الجزء الثالث والأخير من سلسلة وثائقية لشبكة “بي بي سي” (Trump Takes On the World).

وعقد ترامب وكيم اجتماعهما التاريخي الثاني في عاصمة فيتنام هانوي في نهاية فيفري 2019، للتفاوض بشأن البرنامج النووي لكوريا الشمالية. وانتهت القمة بفشل القائدين في الاتفاق على ما سيكون كيم مستعداً للتخلي عنه مقابل تخفيف العقوبات على بلاده، حيث قال ترامب للصحفيين: “في بعض الأحيان عليك فقط السير”.

“بادرة كريمة”

وكشف الوثائقي، أن الرئيس الأمريكي السابق ترك الأمور على ما يبدو بشروط أكثر ودية، وقال ماثيو بوتينجر، كبير خبراء آسيا في مجلس الأمن القومي التابع لترامب للصحفيين: “عرض ترامب على كيم التنقل على متن طائرة الرئاسة الأمريكية”.

وكان الرئيس الأمريكي يعلم أن كيم وصل في رحلة بالقطار استغرقت عدة أيام عبر الصين إلى هانوي، فقال له: “يمكنني إعادتك إلى المنزل في غضون ساعتين إذا أردت”، لكن الزعيم الكوري الشمالي رفض العرض.

وقال بوتينجر، إن “البادرة الكريمة” أذهلت كيم والمسؤولين الآخرين، الذين شهدوا ذلك، لكنها لم تكن المحادثة الوحيدة المحيرة بين الزعيمين.

حيث ظهر مستشار الأمن القومي السابق، جون بولتون، في المسلسل الوثائقي وتحدث عن “الصداقة” التي ربطت القائدين بعد اجتماعهما الأول في سنغافورة في جوان 2018.

وقال بولتون: “اعتقد ترامب أن لديه أفضل صديق جديد”. وتحدث بولتون عن حالة أخرى مقلقة، عندما أبلغ دونالد فريقه بأنه وافق على طلب كيم بإلغاء التدريبات العسكرية الدورية المشتركة بين الولايات المتحدة وكوريا الجنوبية.

وأضاف بولتون: “كيم جونغ أون، كما فعل مرات عديدة في الماضي، اشتكى من التدريبات المشتركة الكبيرة بين كوريا الجنوبية والقوات الأمريكية، والتي كانت تجري في شبه الجزيرة الكورية منذ حوالي 60 عاماً”.

وتابع: “قال ترامب سأقوم بإلغاء المناورات الحربية. ليست هناك حاجة لها، فهي غالية الثمن وستجعلك سعيداً”، وأوضح بولتون: “لم أصدق ذلك، أنا، وزير الخارجية مايك بومبيو، ورئيس الأركان جون كيلي، كنا جميعاً جالسين في الغرفة مع ترامب، لكنه لم يستشرنا واتخذ القرار وحده”.

وقال: “لقد جاء ببساطة من عقل دونالد نفسه. لقد كان خطأ غير مقصود. لقد كان تنازلاً لم نحصل على شيء مقابله”.",,375,0,2,not credible,Source-Specific Artifacts / Boilerplate
source_1,credible,جامعة محمد الأول بوجدة تكشف النقاب عن اكتشافات حفرية ثمينة,"افتتحت جامعة محمد الأول بوجدة معرضا فريدا يسلط الضوء على أهم الاكتشافات الحفرية والأثرية في المنطقة الشرقية خلال الفترة الممتدة من سنة 2014 الى سنة 2020.

وينظم هذا المعرض، المقام في قاعة رئاسة هذه الجامعة بمناسبة اليوم العالمي للمتاحف، بالتعاون مع المديرية الجهوية للثقافة، لتوضيح طروحات القيمين على هذه المبادرة، الذين يؤكدون على أهمية إنشاء متحف وفقا للمعايير الدولية للمحافظة على هذا التراث الجيولوجي الذي يعود الى حقبة وعصور ما قبل التاريخ، وتثمين هذه الثروة التي لا تقدر بثمن التي تزخر بها هذه المنطقة من المملكة.

ويجري تقديم مجموعات من القطع الأثرية النفيسة المختلفة التي تم كشف النقاب عنها أمام الجمهور في إطار المعرض، الذي افتتح الثلاثاء والذي سيستمر لمدة أسبوع، و هي ثمرة جهود البحث والحفريات الهامة التي قام بها باحثون من كلية العلوم التابعة لجامعة محمد الأول ومعهد إسباني مختص ""إينستتيوت كاطالان دي باليويكولوخيا هومانا إي إيفولسيو سوسيال"" ووزارة الثقافة.

وتحظى هذه الاكتشافات الأثرية والحفرية التي أنجرت في منطقة تافوغالت بإقليم بركان، وبالقرب من جرادة (تجفايت) وفجيج (تندرارا)، بتقدير كبير من قبل زوار المعرض وتقدم رحلة حقيقية عبر العصور، وتوليفة تاريخية بديعة تهم آلاف السنين تخص المنطقة الشرقية والحضارات المختلفة التي استوطنت بها.

وبالنسبة للمنظمين، فإن لهذه المبادرة أهمية مزدوجة، وهي دعم التراث الحفري والأثري المكتشف في جهة الشرق، وإبراز البعد العالمي لهذه المنطقة في مجال العلوم الطبيعية والثقافية.

وأشار رئيس جامعة محمد الأول، ياسين زغلول، خلال افتتاح هذا المعرض، إلى أن اليوم العالمي للمتاحف، الذي يتم تخليده من خلال هذا الحدث، يشجع جامعة وجدة على الشروع في التفكير في إنشاء متحف جامعي جهوي بحلول عام 2023.

وأشار، في تصريح لوكالة المغرب العربي للأنباء ، إلى أن مجموعة الأشياء والأدوات الحجرية المحفورة المعروضة والتي يعود تاريخها إلى 80 ألف أو 120 ألف سنة، أو حتى ملايين السنين، تعكس أهمية الاكتشافات الحفرية والمواقع الأثرية في هذه المنطقة، والتي ينبغي المحافظة عليها وتثمينها.

ويقدم المعرض، من بين أشياء أخرى، جمجمة مثقوبة ت ظهر أن إنسان ""تافوغالت "" (الإيبيموروسي و إيبيباليوتيك) والمعروف أنه أجرى أقدم عملية جراحية عصبية ناجحة في العالم، أي 11 ألف و 12 ألف سنة قبل وقتنا الحاضر.

وتجدر الإشارة إلى أنه بفضل ثروته الأثرية وبياناته العلمية الرائعة، أصبحت مغارة تافوغالت، المعروفة باسم مغارة الحمام، المصنفة كتراث وطني، مرجعا عالميا لدراسة العلوم الأثرية، كما أنها مدرجة ضمن التراث العالمي للبشرية.

وأشار السيد زغلول إلى اكتشاف رواسب كثيرة في المنطقة الشرقية تشمل عظام وآثار أقدام للديناصورات آكلة العشب وآكلة اللحوم، موضحا أن المعرض يتضمن أيضا قرون ثور الأرخس (ثور عملاق بدائي يعود إلى 80 ألف عام)، وأدوات وقطع حجرية لرجال ما قبل التاريخ، وجمجمة وحيد القرن، ونقوش جدارية من كهف الجمل في زكزل (بركان)، عقد مصنوع من حلقات بيض نعام تم اكتشافه في منطقة قنفودة بإقليم جرادة، والعديد من الآثار الأخرى للسكان الأوائل المستوطنين بالمنطقة الشرقية.

ووفقا للبيانات المقدمة في هذا المعرض، فإن المنطقة الشرقية المغربية كانت مأهولة بمستوطنات بشرية منذ العصور القديمة، كما يتضح من ثراء المواد الأثرية ونتائج عمليات المسح والتنقيب في المواقع الأثرية.

واستقبلت هذه المنطقة العديد من حضارات ما قبل التاريخ التي خلفت بعضها البعض خلال العصور الرباعية (Oldowayan ، Acheulean ، Mousterian ، Aterian ، Iberomaurusian ، Neolithic ، ...).

ويهدف المعرض، الذي يلامس تاريخ الإنسان وبيئته، إلى تقريب الجامعة من المواطنين والتعريف بهذه الآثار في المنطقة، كما أشار السيد زغلول، معربا عن اعتقاده بأن إنشاء متحف من المرجح أن يحفظ ويعرض حوالي 3000 قطعة، نتاج عشرين عاما من البحث، بالإضافة إلى تشجيع دعم البحث العلمي وخلق الثروة.",,544,0,1,undecided,Government & Official Statements
source_86,credible,«الشروق» تنشر مواد مشروع قانون تنظيم «العمالة المنزلية»,"حظر تشغيل من يقل عمره عن 18 عامًا إلا بقرار وزارى.. وأجر العامل لا يقل عن الحد الأدنى للأجور

إنشاء إدارة للعمالة المنزلية بوزارة القوى العاملة.. وترخيص شركة تشغيل العمالة برأس مال نصف مليون جنيه

3 شهور مهلة لتوفيق أوضاع مكاتب تشغيل العمالة المنزلية المرخص لها فور صدور اللائحة التنفيذية.. وغرامة نصف مليون جنيه لمن يخل بأحكام القانون

تقدمت عضو مجلس النواب نشوى الديب، بمشروع قانون لتنظيم تشغيل العمالة المنزلية، وقالت الديب لـ«الشروق»، إن القانون سيُدرج فى الجلسة العامة المقبلة لمجلس النواب، وسيحال بعدها إلى اللجنة المختصة لمناقشته.

وحصلت «الشروق» على نص مشروع القانون، الذى تضمن تعريفًا لماهية العمل المنزلى بأنه العمل المادى المتصل بالمعيشة، والذى يؤديه العامل المنزلى داخل السكن الخاص بصاحب العمل، بموجب عقد مكتوب.

وينص مشروع القانون، على إنشاء إدارة للعمالة المنزلية بوزارة القوى العاملة، تختص بشئون تشغيل العمالة المنزلية، تضم موظفين مسئولين عن ذلك فى مديريات القوى العاملة، ومكاتب العمل، وتختص المحكمة العُمالية بنظر جميع المنازعات التى تنشأ عن تطبيق أحكام هذا القانون.

وألزم القانون، مكاتب تشغيل العمالة المنزلية المرخص لها وقت صدور هذا القانون بتوفيق أوضاعها بما يتفق وأحكامه، وذلك خلال مدة لا تتجاوز 3 أشهر من تاريخ صدور اللائحة التنفيذية للقانون، وإلا أصدرت الوزارة المختصة قرارًا بإلغاء الترخيص فورًا.

فيما تتولى تشغيل العمالة المنزلية مكاتب تشغيل يصدر لها ترخيص مزاولة مهنة من إدارة العمالة المنزلية بوزارة القوى العاملة، ويجوز أن يكون مكتب التشغيل منشأة فردية أو شركة تضامن أو شركة ذات مسئولية محدودة، ولا يجوز لأى جهة تشغيل العمالة المنزلية دون ترخيص سارى المفعول صادر عن وزارة القوى العاملة.

وأشار القانون، إلى أنه يُقَدم طلب بالحصول على ترخيص لمباشرة نشاط تشغيل العمالة المنزلية إلى إدارة العمالة المنزلية بوزارة القوى العاملة على النموذج المعد لذلك مرفقًا به مستندات التأسيس، وبيانات المؤسسين والمديرين، ويصدر الترخيص بقرار من وزير القوى العاملة.

واشترط القانون للحصول على الترخيص، أنه إذا كان المكتب منشأة فردية، أن يكون طالب الترخيص حاصلًا على شهادة مؤهل متوسط على الأقل، وأن يُقدم خطاب ضمان من أحد البنوك الوطنية بمبلغ لا يقل عن 20 ألف جنيه، وإذا كان المكتب شركة يجب ألا يقل رأسمالها عن مبلغ 500 ألف جنيه، وألا يكون طالب الترخيص أو أيٍ من مؤسسى الشركة أو مديريها قد سبق الحكم عليه بعقوبة سالبة للحرية فى جناية أو جنحة مخلة بالشرف أو الأمانة.

وحظر القانون على مكاتب تشغيل العمالة المنزلية تقاضى أى مبلغ من العامل أو العاملة نظير إلحاقه بالعمل، كما حظر عليها الإعلان أو الترويج للعمالة على أساس العقيدة أو الجنس أو اللون أو الإعلان عنها بطريقة مهينة لآدمية الإنسان على أى نحو.

وحظر على صاحب العمل معاملة العامل المنزلى معاملة مهينة لآدميته ويحظر التحرش به لفظيًا أو بدنيًا أو جنسيًا، ولا يجوز تشغيل العامل المنزلى فى أعمال خطرة أو مضرة صحيا أو مهينة لكرامته الإنسانية، وفى حالة التعدى على العامل المنزلى أو إهدار حقوقه المنصوص عليها فى هذا القانون يتقدم بشكواه إلى الجهة الإدارية المختصة خلال 10 أيام من تاريخ وقوع التعدى.

وألزم القانون، مكاتب التشغيل بإبلاغ الجهة الإدارية المختصة ببيانات العمال الذين يتم تشغيلهم سواء كان عملًا دائمًا أو متقطعًا، كما تلتزم بإبلاغ مكتب التأمينات التابع له مكان العمل، وفتح ملف تأمينى للعامل، وتحصيل الاشتراكات من صاحب العمل وتوريدها.

ونص القانون على أنه يتم إلحاق العمال المنزليين بالعمل، لدى أصحاب العمل بموجب عقود تشغيل، ولا ينبغى أن يقل الأجر الذى يتقاضاه العامل المنزلى عن الحد الأدنى للأجور.

وألزم القانون صاحب العمل بإطعام العامل المنزلى المقيم وكسوته ونفقات علاجه وتمريضه وتوفير مكان لائق له، وتوفير وجبة للعامل المنزلى غير المقيم إذا استمر العمل أكثر من 6 ساعات، وإذا تأخر صاحب العمل عن الوفاء بالأجر فى المواعيد المتفق عليها استحق العامل أجر نصف شهر تعويضًا له عن عدم تقاضيه الأجر فى موعده، ولا يجوز تشغيل العامل المنزلى تشغيلًا فعليًا أكثر من 8 ساعات يوميًا، ويحصل على راحة أسبوعية مدتها 24 ساعة كاملة بعد 6 أيام عمل متصلة.

وحظر القانون، تشغيل العمال المنزليين من الجنسين ممن تقل أعمارهم عن 18 سنة، إلا بقرار وزارى، ويعاقب كل من استقدم أو استخدم أو شغل عاملًا منزليًا يقل عمره عن 18 عامًا بغرامة لا تزيد على 100 ألف جنيه، وإذا ثبت إساءة صاحب العمل للعامل المنزلى، تتخذ الجهة الإدارية المختصة قرارا بوقف تشغيل العمالة لديه لمدة معينة مع إلزامه بالتعويض.

وعاقب مشروع القانون كل من يقوم بمزاولة نشاط تشغيل العمالة المنزلية دون الحصول على الترخيص، بغرامة لا تزيد على 500 ألف جنيه.",,686,0,1,undecided,Government & Official Statements
source_82,undecided,بالفيديو.. غزال يواصل الإبهار ويُسجل على طريقة الكبار — النهار أونلاين,"واصل الدولي الجزائري، رشيد غزال، عروضه القوية في الدوري التركي، وتمكن من تسجيل هدف عالمي، هو الأول له مع بشيكتاش.

وزار “كبسولة الصغير”، شباك نادي غنتشلبرليغي، بتسديدة صاروخية أسكنها في الزاوية التسعين بطريقة أكثر من رائعة.

يُذكر بأن الجناح الطائر، يُقدم موسما رائعا منذ وصوله لبلاد الأناضول، وهو الذي قدم 10 تمريرات حاسمة لحد الساعة.",,55,1,2,not credible,Source-Specific Artifacts / Boilerplate
source_34,not credible,مصرف الرشيد : المباشرة برفع رواتب المتقاعدين لشهر أذار.,"شبكة عراق الخير :

اعلن مصرف الرشيد، يوم الأربعاء، عن المباشرة برفع رواتب المتقاعدين لشهر أذار.

ودعا المكتب الإعلامي المتقاعدين المدنيين والعسكريين كافة ممن ستصلهم رسائل نصية إلى

مراجعة فروعه ومنافذ الصرف الآلي في بغداد والمحافظات لاستلام مستحقاتهم المالية.",,39,2,1,undecided,Economics & Pricing
source_7,not credible,برباري :” لم نواجه المنتخب الصهويني والامر يتعلق بشركة راعية فقط “,"في حوار خص به “الحوار” اليوم كشف خير الدين برباري رئيس الاتحادية الجزائرية للدراجات عن حقيقة مواجهة المنتخب الصهويني، كما تحدث عن الهدف من هذه الدورة.

مشاركتكم في دورة رواندا أثارت جدلا واسعا، بسبب تواجد فريق صهيوني، كيف تفسر ذلك؟

بعد الجدل الدائر حاليا حول هذه الدورة الدولية، يجب أن نوضح نقطتين هامتين الأولى تتعلق بالفريق الذي شارك في هذه الدورة، فهو ليس المنتخب الصهويني، ولا يضم أي دراج صهويني، فهو يتكون من دراجين من مختلف دول العالم، والممول فقط هو شركة يهودية، مقرها في الولايات المتحدة الأمريكية، وهذه الأمور معروفة في هذه الرياضة، حيث تعتمد على فرق عالمية، تمولها شركات خاصة، تشارك في مختلف الدورات العالمية مثل طواف فرنسا، وإسبانيا وإيطاليا، مثل شركات “فيستينا” و “موفيستار” وغيرها، والنقطة الثانية هي أننا لا نحتك بهم مباشرة، فالمنافسة إما هي منافسة فرق، وكل فريق يقوم بالدورات الخاصة به، أو فردية ضد الساعة، ولا أثر لأي احتكاك بالمنافس .

لكن في حالة تتويج الدراجين فإنهم سيصعدون في نفس المنصة، كيف ستتصرفون حيال ذلك؟

في الوقت الحالي ذلك مستبعد، بما أن المستوى عال جدا، ونحن نشارك في الدورة من اجل الاحتكاك مع النخبة، لكن في حالة حدوث ذلك فإننا لن نصعد للمنصة، لكن في هذه الحالة، هذا غير ممكن بما أن الفريق الممول من طرف “ستار آب” لا يملك أي دراج من الكيان الصهيوني.

قبل المشاركة في الدورة هل راسلتم السلطات المختصة بخصوص ذلك؟

نحن عادة قبل أي منافسة فإننا نراسل السلطات المختصة، والسفارة الجزائرية في ذلك البلد الذي سيحتضن المنافسة، وقد شرحنا سابقا صيغة المنافسة في رياضة الدراجات، التي لا تتنافس بشكل مباشر مع المنافسين، وقد تم منحتنا الضوء الأخضر للتنافس في طل الدورات، فرياضة الدرجات ليست الجيدو، الكراتي دو أو كرة القدم التي تتسم بالمواجهة المباشرة، وإذا سلمنا بهذا المنطق فعلى الجزائر أن تنسحب من الأولمبياد لأنها تضم فريق الكيان الصهيوني، لكن الاعتراف بهم هو بمواجهتهم مباشرة، وهو ما لن يحدث أبدا مستقبلا، فنحن كلنا مع فلسطين، ومع القضية الفلسطينية.

ما الهدف من مشاركتكم في هذه الدورة؟

هدفنا الأول هو التحضير لأولمبياد طوكيو 2021، حيث شارك 5 دراجين متأهلين للألعاب الأولمبية، خاصة وأننا لن نجد محطات تحضيرية بهذا المستوى، خاصة وأنها تضم فرق عالمية، بالإضافة إلى ثلاث منتخبات تحتل الريادة في القارة السمراء، وهي جنوب إفريقيا، إريتريا والجزائر.

فراني جمال",,359,2,0,credible,Government & Official Statements
source_86,credible,مصدر أمني يكذب الإخوان: لا صحة للتوتر بين الأجهزة الأمنية والقضائية,"نفى مصدر أمنى صحة ما تم تناوله من إدعاءات على إحدى القنوات التابعة لجماعة الإخوان الإرهابية بشأن وجود حالة من التوتر بين الأجهزة الأمنية والقضائية عقب قرار الجهات القضائية بتجديد حبس عدد من الصحفيين لمدة 45 يوم، والزعم بتسريب الجهات الأمنية لمعلومات بشأن قرب خروج بعض المعتقلين قبل ذكرى يناير.

كما نفى المصدر ما تم تناوله بذات القناة بشأن مزاعم الهارب/ هيثم أبو خليل بوجود إستغاثة لأهالى نزلاء أحد السجون بسبب حجز كل 3 نزلاء فى سجن إنفرادى ضيق لا يوجد به دورة مياه.

كما زعمت قناة أخرى تابعة للجماعة الإرهابية نقلاً عن مجموعة من أهالى نزلاء أحد السجون أن ذويهم سوف يدخلون فى إضراب مفتوح عن الطعام إحتجاجاً على الإنتهاكات التى يتعرضون لها، وأن إدارة السجن قررت عدم فتح الزنازين على النزلاء من صباح يوم الخميس حتى صباح يوم السبت من كل أسبوع، وعدم السماح بدخول دورات المياه لمدة يومين.

وأكد المصدر أن ما تم تناوله فى هذا الصدد عارٍ تماماً عن الصحة جملة وتفصيلاً، ويأتى فى إطار إستمرار المحاولات اليائسة للجماعة الإرهابية لتأليب الرأى العام من خلال نشر الأكاذيب والإدعاءات عبر الأبواق الإعلامية الموالية لها.",,177,0,1,undecided,Government & Official Statements
source_100,credible,(وفا): الاحتلال أطلق غازات سامة صوب أبراج الشيخ زايد ببيت لاهيا والسكان يخلون المنطقة,"رابط مختصر:

رام الله - دنيا الوطن

قالت وكالة الأنباء الرسمية (وفا): إن جيش الاحتلال أطلق غازات سامة صوب أبراج الشيخ زايد في بلدة بيت لاهيا.



ونقلت الوكالة عن شهود عيان، قولهم: إن ""معظم السكان بمنطقة (مربّع الستينات) يقومون بإخلاء منازلهم بعد تعرضهم للاختناق"".



وكانت وزارة الصحة في قطاع غزة، أصدرت تصريحًا صحفيًا، أشارت من خلاله لإمكانية وجود غازات سامة.



وقالت الصحة بغزة: ""وصل إلى مجمع الشفاء الطبي جثامين مجموعة من المواطنين، وقد تبين من خلال معاينة الطب الشرعي أن سبب الوفاة المباشر هو الاختناق"".



وأضافت: ""جاء ذلك مع وجود أعراض ظاهرية تؤشر الى احتمالية تعرضهم لاستنشاق غازات سامة وقد تم أخذ العينات اللازمة لاستكمال الفحوصات ذات العلاقة"".",,108,0,1,undecided,Source-Specific Artifacts / Boilerplate
source_86,credible,شيخ الأزهر: التشدد والتقصير يمثلان خروجا عن وسطية الإسلام,"قال الدكتور أحمد الطيب، شيخ الأزهر الشريف، إن ""وسطية ‏‏الإسلام"" تقتضي مسؤولية هذه الأمة في القيام ‏بواجب حراسة الحضارة الإنسانية، ‏‏وحمايتها في تطورها، ومن الانحراف ‏عن الصراط المستقيم، ومن تحول التطور ‏‏الحديث رغم الثراء المادي ‏والتقني، إلى مصدر شقاء واغتراب وتيه يصبح فيه ‏‏الحليم حيران لا يدري ‏ما الصواب ولا الخطأ، ولا ماذا يأخذ وماذا يدع.

وأوضح شيخ الأزهر - خلال الحلقة الرابعة ببرنامجه الرمضاني ""الإمام الطيب"" الذي يذاع ‏للعام الخامس - أن الحلقات الثلاث الماضية حلقات تأسيسية لموضوع: ‏""وسطية ‏‏الإسلام""، وهذه الحلقة وما يعقبها ستكون مفسرة لأهم مظاهر هذه ‏الوسطية وتجلياتها ‏‏في تشريعاته العملية وتكاليفه الحياتية اليومية، قائلا فضيلته: إن مظاهر الوسطية لا ‏‏يستطيع باحث أن ينكرها ‏على هذا الدين الحنيف؛ فعقيدة الإسلام وسط بين الإلحاد ‏‏وإنكار الألوهية ‏من جانب، وبين الشرك وتعدد الآلهة من جانب آخر، والعبادة في ‏‏الإسلام ‏وسط بين الأديان التي تكتفي في أداء عباداتها على مجرد التأمل الشعوري ‏‏‏الروحاني، بعيدًا عن الجانب العملي التطبيقي، وبين الأديان التي تدعو إلى ‏الرهبنة ‏‏والانقطاع للعبادة والانسحاب من الحياة.‏

وأكد أن الإسلام وحده الذي ‏يشجع المسلم على ذكر الله واستحضاره، ‏‏وهو في قلب الحركة وأتون ‏الصراع مع الحياة؛ لا يحتاج في ذلك إلى مكان بعينه، ‏‏ولا هيئة بعينها، ‏والمسلم يتعبد لله وهو يمشي في مناكب الأرض، ليعمرها ويأكل من ‏‏‏رزقها، والمسلم يتمتع بالأكل والشرب دون إسراف أو تبذير، والمسلم يتزين بزينة ‏‏الحياة الدنيا ولكن في غير عجب ولا تكبر ولا ‏اختيال، وهو مكلف بعبادات سهلة ‏‏التطبيق، يومية أو سنوية أو لمرة ‏واحدة في العمر؛ ليبقى دائم الصلة والارتباط بالله ‏‏تعالى، وليظل محصنا ‏ضد خطفات الشياطين وهمزاتها وغوايات النفس وشرور ‏‏رفقاء السوء.‏

وبيَّن شيخ الأزهر، أن الوسطية تمثل صمام أمان في هذا الدين الحنيف، كما يمثل ‏الخروج ‏عليها ‏خروجًا على الدين ذاته، سواء كان الخروج إلى طرف ‏الإفراط أو طرف ‏التفريط، ‏وضابط الفرق بينهما أن الإفراط زيادة على ما ‏شرعه الله لعباده، والتفريط ‏انتقاص ‏من شريعة الله وأحكامه، والتشدد ‏والتقصير كلاهما قبيح ومذموم؛ لأنهما ‏يمثلان ‏خروجا عن الوسط الذي ‏هو العدل، ومن يتشدد في دين الله ويغالي في أحكامه ‏فيحرم ‏على الناس ما ‏أحله الله لهم، أو يوجب شيئا لم يوجبه الله عليهم؛ ليس بأحسن ‏حالا ولا ‏‏أفضل منزلة ممن يجرؤ على فتاوى أو آراء يزيف بها الدين، ويعتدى بها ‏‏على ‏شريعة الله، لقاء منصب أو مال أو جاه؛ فيحل للناس ما حرم عليهم، ‏أو يدلس ‏عليهم ‏في أحكام الحلال والحرام، كلاهما معتد على حرمة ‏الإسلام، وكلاهما كذاب ‏يزعم ‏لنفسه حق التشريع في الدين بما لم يأذن به ‏الله.‏

وتابع: ""كل محاولة من هذا القبيل -إفراطا ‏أو تفريطا- هي في واقع الأمر ‏‏محاولة لتفريغ الإسلام من مضمونه الذي أراده الله ‏تعالى لهذه الأمة، ‏وطبقه رسوله ‏ﷺ ‏من خلال أفعاله وأقواله الشريفة. وقد ابتلي المسلمون في كل زمان ومكان بشرذمة ‏من هؤلاء وهؤلاء، ‏يضلون الناس ‏بفتاوى وآراء تغري الشباب إما بالتفلت من قيود ‏الدين ‏وضوابط الشرع، وإما بالتشدد ‏والانغلاق والانسحاب من المجتمع، ولا ‏عاصم ‏من سموم هؤلاء وهؤلاء إلا بسؤال ‏أهل الذكر ممن يبلغون رسالات ‏ربهم ويخشونه، ‏ولا يخشون أحدا إلا الله"". ‏

وأشار إلى أن هناك مسلمات ثلاث ينبغي التذكير بها قبل الحديث ‏في مظاهر ""الوسطية"" في تشريعات الإسلام: ‏الأولى: أن القرآن الكريم هو المصدر ‏الأول للتشريعات الاجتماعية ‏والقواعد الكلية ‏العامة في التشريعات الاقتصادية ‏والسياسية للمسلمين، ‏حيثما كانوا، وكيفما اختلف ‏بهم الزمان والمكان. وهذا الإطار ‏التشريعي العام هو ما يعبر عنه بلغة العصر بثوابت الشريعة، ‏كما يعبر ‏عن النماذج ‏المتبدلة دوما بالمتغيرات، وأحكام ‏القرآن فيما يتعلق بالجانب الإنساني المتبدل -وهو ‏جانب ‏المعاملات- كلها أحكام عامة ‏تسمح بمسايرة قانون التغير الذي يحكم حركة ‏‏الكون بكل ما فيه من إنسان وحيوان ‏ونبات.‏

وأضاف أن المسلمة الثانية: أنه لم يرد في القرآن الكريم ولا في السنة ‏الصحيحة ما ‏يدل -من ‏قريب أو بعيد- على أن تشريعاته موقوتة بفترة تاريخية ‏محددة، ‏أو بعصر معين من ‏العصور؛ بحيث يكون للمسلمين عذر إذا ما أرادوا ‏التحلل ‏من هذه التشريعات، ‏والاستغناء عنها بتشريعات أخرى، تنظم لهم ‏مسيرة مجتمعهم، ‏وطرائق تفكيرهم، ‏وأنماط معيشتهم.. بل الثابت من ‏نصوص القرآن والسنة، أن ‏تشريعاتهما تتميز أول ما ‏تتميز بالديمومة ‏والثبات، مع المرونة والحركة، والقدرة ‏على مواكبة المتغيرات في ‏جانب ‏آخر، والثالثة: أنه من المسلَّمِ به لدى المنصِفينَ من ‏المفكِّرين، حتى مِمَّن لا يؤمنُ بالإسلامِ، أن ‏تشريعاتِ هذا الدِّينِ أمدَّتِ الإنسانيَّةَ بزخَمٍ ‏من القيمِ والمفاهيمِ والأحكامِ التشريعيةِ ‏من أروعِ القيم التي عرَفَها تاريخُ الحضاراتِ ‏الإنسانيَّةِ قديمًا وحديثًا.‏",,675,0,1,undecided,Economics & Pricing
source_86,credible,وزيرة الصحة: بدء إجراءات توريد الشحنة الأولى من لقاح أسترازينكا من خلال كوفاكس,"وزيرة الصحة: بدء إجراءات توريد الشحنة الأولى من لقاح أسترازينكا من خلال كوفاكس

وجّه رئيس مجلس الوزراء، الدكتور مصطفى مدبولي، بضرورة الاهتمام بتطعيم الأطقم الطبية من القطاع الخاص، وأن يكون لهم أولوية في الحصول علي التطعيم، إيمانا بدورهم الهام والمحوري في تقديم الرعاية الصحية اللازمة للمصابين بالفيروس، وهو ما أكدت عليه وزيرة الصحة، الدكتورة هالة زايد، مشيرة إلى الاهتمام بتطعيم العاملين في القطاع الطبي بوجه عام، فهم على أجندة الأولويات.

وعرضت وزيرة الصحة والسكان، الدكتورة هالة زايد، خلال الاجتماع الأسبوعي للحكومة، اليوم الأربعاء، الجهود المبذولة لمواجهة فيروس كورونا، والذي تناولت خلاله موقف توريد اللقاحات من خلال مبادرة ""كوفاكس""، مشيرة إلى التوقيع على الاتفاقية الخاصة بشركة أسترازينكا، ما أسفر عنه البدء في إجراءات توريد الشحنة الأولى من اللقاح.

واستعرضت زايد، بعض البيانات الخاصة بموقف التطعيمات ضد الفيروس، وأعداد من سجلوا على الموقع الإلكتروني، ومن تلقوا التطعيمات بالفعل، فضلا عن خطة الوزارة للتصدي للموجات المستقبلية للفيروس، من خلال توفير مخزون استراتيجي من المستلزمات الطبية والأدوية بشكل مستمر، ورصد ومتابعة المتغيرات والسلالات الجديدة للفيروس بشكل دائم، إلى جانب قيام الوزارة بطلب وتوفير اللقاحات المختلفة المناسبة لكل السلالات الجديدة، ومتابعة كل ما هو جديد عن وضع اللقاحات العالمي بالاشتراك مع المنظمات الدولية المعنية، وتعزيز الاهتمام بالمواطنين الأكثر عرضة للمضاعفات، في إطار المبادرة الرئاسية ""100 مليون صحة"".

وتناولت تأثير جائحة كورونا على النظام الصحي، موضحة أن ذلك استدعي تعديل العديد من السياسات الصحية، والتي تضمنت الاهتمام بتنفيذ مبادرات الصحة العامة على نطاق أوسع نظرا لتأثيرها القوى على تحسين صحة المصريين، والاهتمام بكبار السن من خلال تنفيذ مبادرة ""الكشف المبكر""، و""علاج الأمراض المزمنة""، فضلا عن زيادة كفاءة الأطباء العلمية والعملية، من خلال تغيير منظومة التعليم الطبي، وتنفيذ منصة إلكترونية للتدريب المستمر، والاهتمام بالدراسات الإكلينيكية.

كما استعرضت زايد، المستجدات العالمية لمواجهة جائحة كورونا، وآخر التقارير العالمية في هذا الشأن، مسلطة الضوء على التقرير الذي تناول علاقة السمنة بزيادة نسب الوفاة نتيجة الاصابة بفيروس كورونا، موضحة أن أحد هذه التقارير تضمن مجموعة من الدراسات التي أجريت على مستوى العالم والتي أوضحت أن 2.2 مليون من أصل 2.5 مليون حالة وفاة نتيجة لفيروس كورونا المستجد كانت بالدول التي تتعدى نسبة السمنة بها أكثر من نصف شعوبها بنهاية فبراير 2021.

وأشارت إلى إجراءات التأمين الطبي لبطولة كأس العالم للرماية، حيث تم إجراء مسحات لجميع المشاركين من اللاعبين والإداريين واللجان المنظمة والعاملين بالفنادق وذلك كل ٧٢ ساعة.

من جانب آخر، أشارت زايد إلى جهود تطوير منظومة التعليم الطبي المهني، والتي تضمنت إطلاق منصة التعليم الالكتروني للزمالة المصرية بالتعاون مع بنك المعرفة المصري والشراكة مع منصة INCISION وELSEVIER، وأوضحت أن المنصة من شأنها إعداد كوادر قيادية شابة بوزارة الصحة، وتطوير نظام تكليف وتدريب الأطباء، وتوفير وسائل النشر الأكاديمي والبحثي، فضلا عن إتاحة متابعة المسار التدريبي للمتدربين، وفتح قنوات اتصال بينهم وبين المدربين والمجالس العلمية.",,432,0,1,undecided,Government & Official Statements
source_117,credible,الإهمال والتغير البيئي يُغرقان كنوزا أثرية تحت رمال الصحراء في العراق,"© أ ف ب

مونت كارلو الدولية / أ ف ب

نص: مونت كارلو الدولية / أ ف ب

حملت زيارة البابا فرنسيس التاريخية للعراق الأمل في أن تفتح الباب أمام توافد أفواج من السياح لزيارة معالمه الأثرية وبينها الأقيصر، وهي من أقدم كنائس العالم، إلا أن التغيّر البيئي والإهمال في بلد لا يكاد يخرج من أزمة حتى يدخل في غيرها، يجعلان هذه الكنوز عرضةً للضياع.

إعلان اقرأ المزيد

فكنيسة الأقيصر التي تعود إلى أكثر من 1500 سنة وتقع في صحراء قضاء عين تمر في كربلاء، إلى الجنوب من بغداد، شبه منهارة اليوم، إذ لم تبقَ منها سوى جدران متهاوية، فيما طمرت أرضها رمال الصحراء.

وقال منقب الأثار زاهد محمد لوكالة فرانس برس إن ""العوامل التي أدت للوصول إلى هذه المرحلة هي الظروف البيئية واتخاذ المنطقة معسكر رماية في عهد نظام صدام حسين"" بالإضافة إلى ""عدم وجود صيانة دورية للكنيسة"".

وأوضح قائمّقام عين تمر رائد فضال لوكالة فرانس برس أن ""الصيانة تحتاج إلى أموال طائلة"". وأضاف ""مخصصاتنا قليلة (...) ولا نستطيع بالتالي إجراء صيانة أو بحث عن المعالم التأريخية"".

وعلى بعد 60 كيلومترا شمال هذا الموقع، تقع مراقد شيعية مقدسة في كربلاء تجتذب ملايين الزوار سنويا من مختلف دول العالم.

لكنّ المعالم السياحية الأخرى في المنطقة لا تستقطب هؤلاء. ويناشد السكان والمسؤولون المحليون السلطات الإفادة من المواقع الأثرية مثل الكنائس القديمة والزقورة البابلية، مشددين على أن الحفاظ عليها وتوفير الدعاية لها يساهم في جذب أعداد كبيرة من السياح إليها.

كنيسة الأقيصر أو القيصر في محافظة كربلاء يعود تاريخ بنائها الى القرن الخامس ميلادي pic.twitter.com/cyV8x3dgtz — هُدى 🇮🇶 (@NH_4i) July 20, 2020

استثمارات مهمة

وبحسرة، قال عبد الله الجليحاوي الذي يسكن في محافظة الديوانية المجاورة ""الغرب والاميركيون يهتمون بآثارنا أكثر منا"".

واضاف الجليحاوي ""لقد عَمِل أباؤنا وأجدادنا مع الأميركيين منذ خمسينات القرن العشرين في (حملات) التنقيب، لكنها انتهت"" مع فرض الحصار الدولي على العراق في التسعينات.

ودعا زهير الشعلان وهو محافظ الديوانية التي تضم أكثر من الفي موقع أثري، الى ""الاستثمار في هذه المواقع"" لإيجاد ""فرص عمل جديدة في المحافظة المتعطشة إلى نهضة اقتصادية"" يتطلع إليها العراقيون منذ قرابة عشرين عاماً عندما وعدت الولايات المتحدة بتحقيق الديموقراطية والازدهار.

وتضم هذه المحافظة مدينة ""نيبور"" التي كانت قبل سبعة آلاف عام تمثل أهم المراكز الدينية للأكديين والبابليين والمشهورة بمعابدها ومكتباتها وقصورها.

وكان لدى الشعلان، مثل كثير من العراقيين، بصيص أمل عند وصول فريق إيطالي للتنقيب عن الآثار بداية عام 2021 وبعده زيارة البابا فرنسيس التأريخية للعراق خصوصا لموقع أور التأريخي حيث ولد النبي إبراهيم، قريباً من الديوانية.

لكن للأسف، كلها لم تخدم حتى اليوم في أعادة الحياة إلى تراث العراق الذي تلاشى جزء كبير منه بسبب الاهمال والسرقة والظروف البيئية.

وسأل الجليحاوي بأسف ""أين سيذهب السياح؟""، حتى لو اكتشفت مواقع جديدة أو أعيد تأهيل أخرى، في اشارة إلى الاهمال العام في العراق في ظل تزايد معدلات الفقر الى 40 بالمئة.

وأضاف ""لا شيء قدم لنا! الطرق لم تعبد منذ الثمانينات ولم تثبت أعمدة للكهرباء منذ السبعينات""، في البلد الذي يعاني منذ عقود نقصاً في الكهرباء ومياه الشفة.

تغير مناخي

ورأى محمد طه الذي يسكن محافظة كركوك الواقعة في وسط العراق أن ""إهمال المواقع الأثرية واضح من قبل الجهات الحكومية وغير الحكومية"".

ولاحظ أن ""أفضل شاهد على ذلك +قشلة كركوك+""، وهي القلعة العثمانية ذات القبة الفيروزية التي فقدت كثير من أجزائها وباتت جدرانها اليوم مهددة بالانهيار.

وعلى مقربة من هناك، توشك قلعة كركوك التي يعود بناؤها إلى ثلاثة آلاف عام على الانهيار، الأمر الذي يخفض اليوم فرص ادراجها على قائمة اليونيسكو كما هي الحال بالنسبة إلى نفر.

مدينة نفر💚 أو (نيبور) التاريخية في محافظة الديوانية💙

كانت العاصمة الدينية للسومريين والبابليين، وفيها اول مكتبة بالتاريخ وأول صديلية، وكان سكانها اول من لعب كرة القدم، وفيها اول تقويم زراعي في التاريخ ❤️💙#ورود_العراق pic.twitter.com/5B51ggvwM4 — فٰاْٰطِّمَةْ ܦܐܛܡܗ 🇮🇶 (@0fatima000) April 3, 2021

وترى السلطات المحلية أن تلك الأضرار تعود إلى هطول الأمطار بغزارة في هذه المنطقة الجبلية.

لكن هذا الأمر يمثل خطراً لغالبية مناطق العراق، كونه يواجه تهديداً كبيراً بسبب التغير المناخي.

فالتصحر آخذ في التزايد، وبلغ 50 في المئة من مساحة بلاد وادي الرافدين، الأمر الذي يهدد الحياة عموما وينذر بضياع أثار وحتى منشآت حديثة.

وذكّر الجيلحاوي بان ""حزاماً أخضر كان يحمي المنطقة في سبعينات القرن الفائت وثمانيناته"".

لكن تلك الأشجار التي كانت تقف بوجه العواصف رحلت، إذ بينها ما أتت عليه قذائف الحروب المتكررة، فيما أجتث قسم آخر لتوفير مناطق للبناء العشوائي.

واختفت بالتالي تلك الطبيعة الخلابة ورحلت الأوراق الخضراء وتلاشت تلك الحواجز الطبيعية من جذورها.

في المحصلة، ارتفعت درجات الحرارة ووصلت أحيانا إلى أكثر من خمسين درجة، ما شكل خطراً على صحة الناس، وكذلك تزايدت العواصف الرملية وهطول الامطار خلال مواسم الشتاء.

بالنتيجة، أصبحت المواقع الأثرية وحجارتها تحت رحمة العواصف الرملية التي باتت تهدد بإعادة مدن وادي الرافدين رمالاً من جديد.

الرسالة الإخباريةأبرز الأحداث الدولية صباح كل يوم اشترك",,755,0,2,not credible,Health & COVID-19
source_86,credible,ضبط 4 قطع سلاح ناري وتنفيذ 2133 حكما خلال حملة في القليوبية,"ضبط قطاع الأمن العام بالاشتراك مع أمن القليوبية، 4 قطع سلاح ناري ونفذ 2133 حكما قضائيا خلال حملة أمنية بالقليوبية.



وشن قطاع الأمن العام بإشراف اللواء علاء الدين سليم، حملة أمنية مكبرة، بمُشاركة الإدارة العامة لمكافحة المخدرات بقطاع مكافحة المخدرات والجريمة المنظمة، إدارة البحث الجنائى بمديرية أمن القليوبية بقيادة اللواء حاتم حداد مدير المباحث، مدعومة بمجموعات قتالية من قطاع الأمن المركزي استهدفت الأوكار والبؤر التى تأوى العناصر الإجرامية بقرية مشتهر ومحيطها بدائرة مركز شرطة طوخ وعدد من دوائر الأقسام والمراكز الشرطية بنطاق مديرية أمن القليوبية؛ لضبط العناصر الإجرامية متجرى المواد المخدرة وحائزي الأسلحة والذخائر بدون ترخيص والمحكوم عليهم الهاربين.



وأسفرت جهودها، عن ضبط (4 قطع سلاح ناري بحوزة 4 متهمين، قضية مخدرات، قطعتي سلاح أبيض، مراقب هارب) وتنفيذ 2133 حكما قضائيا متنوعا.



تم اتخاذ الإجراءات القانونية حيال كل واقعة، وإحالتها للنيابة لمباشرة التحقيقات.",,133,0,1,undecided,Government & Official Statements
source_53,not credible,شاهد البوستر الرسمى لفيلم “بينك” الوثائقى “P!NK: All I Know So Far”,"Adver1

يبدو أن النجمة العالمية بينك استطاعت أن تثير مدى حماس جمهورها لمشاهدة فيلمها الوثائقى الذى سيبدأ عرضه شهر مايو المقبل. المصدر:اليوم السابعشاهد البوستر الرسمى لفيلم ""بينك"" الوثائقى ""P!NK: All I Know So Far""المصدر اليوم السابع",,36,2,1,undecided,General/Other Ambiguous Context
source_8,not credible,غلق مؤقت للطريق الاجتنابي بين طريق العناصر وواد أوشايح,"أعلنت ولاية الجزائر، صباح اليوم السبت، في بيان مستعملي الطريق الاجتنابي الجنوبي بين طريق العناصر وواد أوشايح، بأن هذا الطريق سيغلق بشكل مؤقت في الفترة الليلية لمدة 4 أيام، بداية من ليلة أمس الخميس.

وستمتدّ فترات الغلق حسب بيان الولاية، بين الساعة الحادية عشر 23:00 ليلا إلى الخامسة 05:00 صباحا، على أن تبقى حركة السير عادية طيلة النهار.

وأغلق بسبب الأشغال الجارية لوضع الدعائم الحديدية للجسر العابر للطريق الاجتنابي الجنوبي الرابط بين سيدي مبارك ببئر خادم وحي المنظر الجميل والطريق الاجتنابي للقبة.",,82,2,0,credible,General/Other Ambiguous Context
source_100,credible,الاحتلال يستأصل أجزاء من أمعاء الأسير الجريح نور البيطاوي,"رابط مختصر:

رام الله - دنيا الوطن

استأصل أطباء في مستشفى العفولة الاحتلالي الإسرائيلي، أجزاء من أمعاء الأسير الجريح نور الدين البيطاوي من جنين، خلال عملية جراحية، أجريت له اليوم الخميس.



وقالت هيئة شؤون الأسرى والمحررين، اليوم الخميس: ""إن قوات الاحتلال الإسرائيلي، اعتقلت الشاب البيطاوي بعد إطلاق الرصاص الحي تجاهه قبل أيام، ما أدى إلى إصابته في البطن"".



ولفتت الهيئة إلى أن الأسير البيطاوي، ما زال يرقد تحت أجهزة التنفس الاصطناعي، بوضع صحي صعب.



وأوضحت، أن حالة البيطاوي الصحية، تتجه نحو الاستقرار تدريجياً رغم صعوبتها، وعاد إلى وعيه بعد أيام من بقائه تحت أجهزة التخدير في قسم العناية المكثفة بالمستشفى المذكور.



ويبلغ عدد الأسرى المرضى في سجون الاحتلال، قرابة 700 أسير بحاجة إلى تدخّل علاجي عاجل، بينهم مصابون بالسرطان، وعشرات الأسرى، الذين يعانون من أمراض خطيرة ومزمنة مختلفة.



يشار الى أن الأسرى داخل السجون الإسرائيلية، يعيشون أوضاعاً صحية استثنائية؛ فهم يتعرضون إلى أساليب تعذيب جسدي ونفسي وحشية ممنهجة.



ويعتبر الحرمان من الرعاية الطبية الحقيقية، والمماطلة المتعمدة في تقديم العلاج للأسرى المرضى والمصابين، والقهر والإذلال والتعذيب التي تتبعها طواقم الاعتقال والتحقيق من أساليب التعذيب الجسدي والنفسي التي يتعرض لها الأسرى.



وتفتقر العيادات الطبية في السجون والمعتقلات الإسرائيلية إلى الحد الأدنى من الخدمات الصحية، والمعدات والأدوية الطبية اللازمة والأطباء الأخصائيين لمعاينة ومعالجة الحالات المرضية المتعددة، وأن الدواء السحري الوحيد المتوفر فيها هو حبة (الأكامول) التي تقدم علاجًا لكل مرض وداء.



وتستمر إدارات السجون، في مماطلتها بنقل الحالات المرضية المستعصية للمستشفيات؛ والأسوأ من ذلك أن عملية نقل الأسرى المرضى والمصابين، تتم بسيارة مغلقة غير صحية، بدلاً من نقلهم بسيارات الإسعاف، وغالباً ما يتم تكبيل أيديهم وأرجلهم، ناهيك عن المعاملة الفظة والقاسية، التي يتعرضون لها أثناء عملية النقل.",,264,0,1,undecided,Source-Specific Artifacts / Boilerplate
source_122,undecided,ماكياج بألوان “غروب الشمس.”. عيونك أكثر سحرا,"من سحر غروب الشمس، ولمسة فنية تجمع بين الظلال الدافئة.. يمكنك الاعتماد على ماكياج “غروب الشمس”، الذي يضيف لوجهك أطلاله دافئه ومسحه جماليه يصعب منافستها.

ماكياج غروب الشمس، يعتمد على اللون البرونزي الدافىء .. يناسب الكثير من المناسبات والأوقات، إذ أن تطبيق الظلال الدافئة التي تشبه غروب الشمس، تكون مناسبة لكثير من اشكال العيون وحجمها

في البداية نظفي البشرة ‏ ‏جيدا‏ ‏ثم‏ ‏ وزعي‏ ‏كريم‏ ‏الاساس‏ ‏علي‏ ‏كامل‏ ‏الوجه‏‏ و‏أضيئي‏ ‏تحت‏ ‏العين‏ ‏وجانبي‏ ‏الوجه‏ ‏بودرة‏ ‏أفتح ‏من‏ ‏درجة‏ ‏الوجه‏ .

للحصول على الألوان المناسبة وتطبيق ظلال تشبه غروب الشمس، يمكن الاعتماد على اللون الخوخي، البرتقالي، وغيرها من القائمة.

وزّعي ظلال العيون الأصفر إنطلاقاً من فتحة عينك الداخلية وحتّى وسط جفنك ثمّ ادمجيه مع الظلال البرتقالية واسحبيها قليلاً نحو الخارج، طبّقي بعدها الماسكارا السوداء وأحمر الشفاه بلون الدافئ.

طبّقي الظلال بلونها البيج، ادمجيها انطلاقاً من وسط جفنك مع اللون البرتقالي واسحبيها بشكل مجنح نحو الخارج، ارسمي بعدها خطاً رفيعاً منها عند جفنك السفلي وأعلى جفنك العلوي ثمّ ضعي القليل من الظلال الذهبي البراق على فتحة عينك الداخلية .

إحصلي على مكياج غروب الشمس عبر توزيع الظلال الصفراء إنطلاقاً من فتحة عينك وحتّى وسط الجفن، ثمّ نسّقي معها الظلال بلونه البني الفاتح واسحبيه نحو الخارج ثمّ ارسمي خطاً رفيعاً من الآيلاينر وإختاري أحمر شفاه باللون البني الفاتح.

لإطلالة مختلفة، وزّعي االظلال بلونه الوردي الدافئ عند جفنك المتحرك مع القليل من الظلال بلونها البرتقالي الفاتح أعلى جفنك العلوي، ارسمي الآيلاينر المجنح وإتجهي نحو أحمر شفاه باللون العارى الداكن.",,235,1,2,not credible,Government & Official Statements
source_55,credible,“محافظ العرضيات” يتفقد مركز لقاح كورونا بالعرضيات,صحيفة وصف :‏تفقد محافظ العرضيات علي بن يوسف الشريف بعد عصر اليوم مركز لقاح كورونا “كوفيد – 19” ‏والمقام بمستشفى ثريبان العام يرافقه مدير المستشفى عبدالهادي وهاس حيث اطلع على التجهيزات والتنظيم.,,32,0,1,undecided,Health & COVID-19
source_53,not credible,زوج مستبد وضابط أمنى.. خالد الصاوى بوشين فى مسلسلات رمضان,"Adver1

يعيش النجم خالد الصاوى حالة من النشاط الفنى حيث يظهر في عملين خلال الشهر المبارك، الاول فى مسلسل ""اللي مالوش كبير"" مع ياسمين عبدالعزيز، الذى يظهر فيه بدور زوج ""غزل"" المصدر:اليوم السابعزوج مستبد وضابط أمنى.. خالد الصاوى بوشين فى مسلسلات رمضانالمصدر اليوم السابع",,44,2,1,undecided,Crime & Accidents
source_53,not credible,لماذا لا تنتج مصر المادة الفعالة للدواء؟ رئيس شعبة الأدوية يكشف السبب,"Adver1

كشف الدكتور علي عوف رئيس شعبة الأدوية باتحاد الغرف التجارية، السبب وراء عدم إنتاج مصر للمادة الفعالة للأدوية حتى الآن رغم تقدمها في مجال الأبحاث العلمية

المصدر: فيتو",,29,2,1,undecided,Government & Official Statements
source_38,undecided,فتحي العيادي: القضاء التونسي و الفرنسي بيننا و بين من شوه الحركة و من بينهم عياض بن عاشور…,"0 Shares

في تدوينة نشرها الخميس 29 افريل على صفحات التواصل الإجتماعي، استنكر القيادي النهضاوي فتحي العيادي الحملة التي يشنها، وفق قوله، جماعة اليسار و الحداثيين و جماعة عبير موسي على خلفية “ترويج النهضة لخطاب العنف و الكراهية” بعد العملية الإرهابية التي قام بها تونسي مهاجر في رامبويي الجمعة 23 افريل الجاري و ظهر ذلك في البيانات و الحوارات في الخارج و في تونس.

في ما يلي التدوينة بالكامل:

اختلف معك وتختلف معي لكن شرفنا ان نتنافس بصدق. كثيرون هم الذين انغلقت قلوبهم على حقد لا ينتهي حتى وان انتسبوا الى الحداثة والتقدم وفشلوا في ان تكون مواقفهم منسجمة مع ما يدعون اليه احيانا في تونس بل تتغير مواقفهم من القضايا بحسب موضوعاتها والمكان الذي هم فيه البيانات الاخيرة الصادرة عن بعض الجمعيات تؤكد على عماء بصيرة هؤلاء وفقدانهم لعقلانيتهم وموضوعيتهم وسقوطهم المدوي الى قاع التطرف في الموقف والتحريض على طرف سياسي وتشويهه دون دليل بل بخلاف ما نطقت به البيانات الرسمية في توصيفها للعملية الإرهابية في فرنسا عياض بن عاشور هو الآخر يوظف حواره الاخير مع جريدة فرنسية ليغتال عقلانيته ويسلم فكره لرغبة في تشويه خصم سياسي فينطلق في اتهامات لحركة النهضة دون دليل.

فرنسا تعلم كما تعلمون ان حركة النهضة لا علاقة لها بما حصل ويحصل من أعمال إرهابية وفرنسا الرسمية مواقفها واضحة، النهضة حركة سياسية مدنية مثلت ولا تزال عنصرا مهما في الانتقال الديمقراطي في تونس وفي استقرار تجربتها لم أجد سببا وجيها لهذه الحملة على الحركة غير التفسير الذي ذهبت اليه العديد من التحاليل نحن امام معزوفة جديدة الذين يعدلون ايقاعها هم الذين اعماهم حقدهم الايديولوجي من يسار وحداثيين وجماعة عبير موسي لكن الأكيد ان ايقاعكم سيكون نشازا كما كان سابقا وستخرج النهضة منتصرة.

سيكون القضاء التونسي فيصل بيننا و سيكون القضاء الفرنسي ايضا فيصل بيننا وبين من روج أكاذيبه على اعمدة الصحف الفرنسية.",,288,1,2,not credible,Government & Official Statements
source_86,credible,الشروق تتقدم بالعزاء في وفاة السفيرة رنده لبيب,"يتقدم المهندس إبراهيم المعلم، رئيس مجلس إدارة مؤسسة ""الشروق""، والكاتب الصحفي عماد الدين حسين رئيس تحرير ""الشروق"" وعضو مجلس الشيوخ، وأسرة ""الشروق""، بخالص العزاء إلى السفير علاء الحديدي، في وفاة المغفورة له زوجته، السيدة الفاضلة، السفيرة رنده لبيب.



ويتوجهون إلى الله بأخلص الدعاء أن يتغمدها بواسع رحمته ويسكنها فسيح جناته.



وتوفيت السفيرة رنده لبيب بعد صراع طويل مع المرض، وتقلدت الفقيدة العديد من المناصب داخل وزارة الخارجية وفِى الخارج حيث عملت فى سفارة جمهورية مصر العربية فى بروكسل، كما شغلت منصب نائب مساعد وزير الخارجية للشئون العربية ونائب مساعد وزير الخارجية للشئون الآسيوية.",,93,0,1,undecided,Source-Specific Artifacts / Boilerplate
source_100,credible,الإمارات تعلن تعليق دخول القادمين من فيتنام,"

وسيسمح بنقل الفئات المستثناة من فيتنام إلى الإمارات مع تطبيق الإجراءات الاحترازية المذكورة، والتي تشمل مواطني الإمارات وأقاربهم من الدرجة الأولى، والبعثات الدبلوماسية المعتمدة بين الإمارات وفيتنام ويشمل ذلك الإداريين العاملين في سفارات البلدين، والوفود الرسمية ورجال الأعمال بشرط الحصول على الموافقة المسبقة وكذلك أصحاب الإقامة الذهبية والفضية والحاصلين على جرعات اللقاح الكاملة والمعتمدة من منظمة الصحة العالمية على أن يكون قد مضى 28 يوما من تلقيهم اللقاح كاملا ويتم إثبات ذلك من خلال التطبيقات المعتمدة في البلدين أو شهادة تطعيم معتمدة.



ويشمل الاستثناء أيضا أصحاب الوظائف الحيوية حسب تصنيف الهيئة الاتحادية للهوية والجنسية وأطقم طائرات الشحن والترانزيت الأجنبية بشرط الحصول على نتيجة فحص مخبري سلبي لكوفيد-19 خلال 48 ساعة من المغادرة وعند الوصول والالتزام بالحجر الصحي لحين المغادرة، وفق ما نقلت وكالة الأنباء الإماراتية ""وام"".



وسيتم إلزام الفئات المستثناة بالإجراءات الوقائية التي تشمل حجرا مدته 10 أيام وفحص PCR في المطار وفي اليومين الرابع والثامن من دخول الدولة وخفض مدة فحص PCR من 72 ساعة إلى 48 ساعة على أن يتم قبول الفحوصات الصادرة من المختبرات المعتمدة والتي تحمل كود ""كيو آر"".



وأكدت الهيئة العامة للطيران المدني أنه يشترط على المسافرين القادمين من فيتنام عبر دول أخرى أن تكون مدة إقامتهم في تلك الدول لا تقل عن 14 يوما لكي يسمح لهم بدخول الدولة، مع استمرار رحلات الشحن بين الإمارات وفيتنام.



وأهابت الهيئة من جميع المسافرين المتأثرين بالقرار ضرورة المتابعة والتواصل مع شركات الطيران المرتبطين معها لتعديل وجدولة رحلاتهم وضمان عودتهم سالمين إلى وجهاتهم النهائية دون أي تأخير أو التزامات أخرى.



رام الله - دنيا الوطنأعلنت الهيئة العامة للطيران المدني والهيئة الوطنية لإدارة الطوارئ والأزمات والكوارث في الإمارات، الخميس، تعليق دخول المسافرين القادمين من فيتنام على جميع الرحلات الجوية للناقلات الوطنية والأجنبية، وكذلك ركاب الترانزيت القادمين منها، اعتبارا من تاريخ 5 يونيو، باستثناء رحلات الترانزيت القادمة للدولة والمتجهة إلى فيتنام.ويشمل تعليق دخول المسافرين أيضا الذين تواجدوا في فيتنام خلال فترة 14 يوما قبل القدوم إلى الإمارات مع استمرار تسيير الرحلات، حيث سيسمح بنقل الركاب من الإمارات إلى فيتنام على الرحلات، بحسب ما جاء على موقع (سكاي نيوز).",,328,0,1,undecided,Source-Specific Artifacts / Boilerplate
source_100,credible,داخلية غزة: إصابات بمستشفى الطب النفسي بعد إطلاق نار من قبل أحد السجناء الجنائيين,"رابط مختصر:

رام الله - دنيا الوطن

أفاد إياد البزم، المتحدث باسم وزارة الداخلية والأمن الوطني في قطاع غزة، أن أحد السجناء الجنائيين، أقدم اليوم السبت، على السيطرة على سلاح أحد عناصر شرطة الحراسة، خلال تواجده في مستشفى الطب النفسي بمدينة غزة.



وقال البزم: ""أطلق السجين الجنائي، النار داخل المستشفى، ما أدلى لوقوع عدة إصابات، وقد أطلقت الشرطة النار تجاهه للسيطرة عليه، وتم فتح تحقيق عاجل في الحادث"".",,68,0,1,undecided,Source-Specific Artifacts / Boilerplate
source_47,credible,احتجاجا على صورة مؤيدة لإسرائيل.. الخارجية الكويتية تستدعي سفير دولة التشيك,"مرصد مينا- الكويت

استدعت وزارة الخارجية الكويتية، اليوم الاثنين، سفير دولة التشيك “مارتن دفوراك”، على إثر نشره العلم الإسرائيلي في حسابه على موقع “انستغرام”.

الوزارة قالت في بيان، إنها استدعت صباح اليوم، سفير جمهورية التشيك لدى البلاد “مارتن دفوراك”، وتم خلال اللقاء الإعراب عن الرفض القاطع لتلك التصرفات، التي تتعارض مع طبيعة وظيفته الدبلوماسية.

كما أعربت الخارجية في بيانها عن رفضها القاطع واستهجانها الشديد لما بدر عن السفير، وأوضحت أن “ذلك التصرف المرفوض وما يشكله من إساءة بالغة للمشاعر في دولة الكويت على المستويين الرسمي والشعبي لا يتناسب يتعارض مع الأعراف الدبلوماسية ونصوص اتفاقية فيينا للعلاقات الدبلوماسية”.

من جانبه، أعرب السفير التشيكي عن أسفه البالغ لدولة الكويت حكومة وشعباً، مشيرا إلى أن ما وقع فيه يعد خطأ غير مقصود، ومؤكداً أنه سلوك شخصي ولا يمثل موقف حكومته تجاه الوضع المؤسف في فلسطين.

وحسبما ذكرت وسائل إعلام كويتية، فقد أكد السفير ” دفوراك” سحب الصورة، التي أثارت الاستياء وأن سفارته أصدرت بيانا أكدت خلاله أن ذلك التصرف لا يمثل موقف حكومة جمهورية التشيك، ويعد تصرفا شخصيا.

يشار إلى أن الكويت شهدت خلال اليومين الأخيرين، حملة استياء واسعة، على مواقع التواصل الاجتماعي، وانتشر وسم “#اطردواالسفيرالتشيكي”، بعدما أثار السفير غضب الشعب الكويتي، من خلال وضعه صورة العلم الإسرائيلي وملصق “I Stand with Israel” على الصورة الشخصية لحسابه في “إنستغرام”.

وانفجر غضب واسع على مواقع التواصل الاجتماعية، فيما جاءت دعوات برلمانية وشعبية مطالبه بطرد السفير رغم قيامه بحذف الصورة.

عضو مجلس الأمة الكويتي “عبدالعزيز الصقعبي”، غرد على صفحته الشخصية على “تويتر”، قائلا إن “الدعم العلني للكيان الصهيوني المجرم من قبل سفير تستضيفه الكويت – بوجود مرسوم الحرب ضد العصابات الصهيونية – هو استفزاز بشع لمشاعر الكويتيين وتحدّي للموقف الرسمي، وعلى وزارة الخارجية اتخاذ إجراءات حازمة وعملية تجاه هذا العمل المخالف للأعراف الدبلوماسية”.

من جانبه قال النائب السابق في مجلس الأمة الكويتي “عبدالوهاب البابطين”، ان “على وزارة الخارجية استخدام حقها وفق ما جاء في المواد ٩ و ٤٣ من اتفاقية فيينا بحق السفير التشيكي خصوصا بعد مخالفته المادة ٤١ من ذات الاتفاقية بإعلان وقوفه مع إسرائيل مخالفاً مرسوم ٦٧ و الذي جاء به اعلان الكويت الحرب الدفاعية مع العصابات الصهيونية”.",,335,0,1,undecided,Government & Official Statements
source_100,credible,خلال العدوان على غزة.. الاحتلال يعترف باعتراض القبة الحديدية طائرة بدون طيار بالخطأ,"



وأضاف: بأن الجيش فتح تحقيقا في الحادث.





رام الله - دنيا الوطناعترف جيش الاحتلال اليوم الثلاثاء، بأن منظومة القبة الحديدية اعترضت بالخطأ، طائرة بدون طيار تابعة للجيش، خلال العدوان الإسرائيلي الأخير على القطاع.ووفق ما نقل موقع (والا)، فإن المتحدث باسم جيش الاحتلال أكد أن منظومة القبة الحديدية اعترضت بالخطأ خلال عملية ""حارس الأسوار"" ضد غزة طائرة بدون طيار تابعة للجيش من طراز ""راكب السماء"".",,64,0,1,undecided,Crime & Accidents
source_123,credible,تخفيضات لهذه الفئة عبر خطوط السكك الحديدية – الشروق أونلاين,"أعلنت الشركة الوطنية للنقل بالسكك الحديدية، الأربعاء، عن تخفيضات في التنقل عبر خطوطها لفائدة أصحاب بطاقة الإشتراك الخضراء.

وأوضحت المؤسسة أن أصحاب البطاقة الخضراء سيستفيدون من تخفيضات بنسبة 30 % للبطاقة الأسبوعية و40 % للبطاقة الخضراء الشهرية، الفصلية، السداسية والسنوية.

وأشارت الشركة إلى أن البطاقات الخضراء، صالحة على متن المركبات المكهربة، عبر شبكة ضواحي مدينة الجزائر العاصمة، كما تعطي الحق في التنقل عبر المسارات المشار إليها.",,66,0,2,not credible,General/Other Ambiguous Context
source_82,undecided,إصابة 6 جنود صهاينة في محاولة دهس بحي الشيخ جراح بالقدس — النهار أونلاين,"أعلنت الشرطة الصهيوينة، عن محاولة لدهس عدد من عناصرها بواسطة سيارة في حي الشيخ جراح بالقدس الشرقية المحتلة.

وأشارت الشرطة، إلى أنه قد تم تحييد منفذ الهجوم، وإجلاء 6 من عناصرها، أصيبوا في العملية.

ولم يتضح بعد ما إذا كان منفذ الهجوم ما زال على قيد الحياة أم لا.

ووقع الهجوم عند مدخل حي الشيخ جراح الذي يواجه عدد من سكانه الفلسطينيين تهديدا بالطرد لصالح الجمعيات الاستيطانية.

وقامت الشرطة بإغلاق المنطقة بشكل كامل، وبدأت حالة استنفار واسعة في المنطقة.

وفي وقت سابق، تحدثت وسائل إعلام صهيوينة عن إصابة شرطيين في محاولة دهس بحي الشيخ جراح.

وقامت الشرطة الصهيونية، بإطلاق النار على منفذ الهجوم، ومنعت الفرق الطبية من الوصول إلى هناك لإسعاف الشاب.",,112,1,2,not credible,Source-Specific Artifacts / Boilerplate
source_8,not credible,المعركة متواصلة إلى غاية استكمال السيادة الأراضي الصحراوية,"أكد الأمين العام بوزارة الأمن و التوثيق الصحراوية, سيدي أوكال, الاثنين, أن معركة الكفاح المسلح لبسط الشعب الصحراوي سيادته على كامل أراضيه متواصلة, مشددا على أن المعارك تتصاعد يوما بعد يوم إلى غاية طرد آخر جندي مغربي من الأراضي المحتلة. وقال سيدي أوكال , في بمناسبة الذكرى 48 لتأسيس جبهة البوليساريو, “إن الجبهة الشعبية لتحرير الساقية الحمراء و وادي الذهب تأسست في شهر مايو من العام 1973 على جناحين سياسي و آخر عسكري”, مبرزا أن الجبهة نجحت في بناء جيش “متكامل من الناحية التنظيمية”, و يملك “إمكانيات معتبرة”.وأضاف أن “الجيش الصحراوي لديه تجربة قتالية كبيرة, ومهارات عسكرية معتبرة, و سر قوته يكمن في العقيدة الراسخة و المتجذرة, التي يستمدها من الواجب الوطني في تحرير اراضيه, والوفاء لعهد الشهداء وخدمة الشعب الصحراوي”.

وأوضح سيدي اوكال في هذا الصدد, أن “الجيش الصحراوي كافح في البداية ضد الاستعمار الإسباني, وبعد جلائه واصل المعركة ضد الاستعمار المغربي, ليلحق بالجيش الملكي على مدار 16 سنة من المعارك خسائر كبيرة, انتهت باعترافه بحق الشعب الصحراوي في تقرير المصير مقابل التوقيع على اتفاق إطلاق النار”.وتابع يقول “بعد سنوات طويلة من الانتظار, وتماطل المغرب في الوفاء بالتزاماته في تنظيم استفتاء تقرير المصير, استأنف الجيش الصحراوي مجددا الكفاح المسلح, ردا على الخرق المغربي السافر, لاتفاق وقف النار في 13 نوفمبر الماضي”.وأبرز أن الجيش الصحراوي, “أبان خلال الحرب التحريرية الثانية, عن مهارات قتالية فريدة من نوعها” وأن معنوياته “جد مرتفعة وزمام المبادرة بيده”, كما أن إصراره على تحرير وطنه كبير جدا.

وقال في هذا الاطار ” منذ العودة إلى الحرب لا يوجد يوم واحد دون القيام بعمليات قتالية ضد القوات المغربية, التي تكبدت خسائر معتبرة, بشريا و ماديا و معنويا بالدرجة الأولى”.وتوعد سيدي أوكال, الجيش المغربي بهزائم أخرى, حيث قال, “معركتنا متواصلة ومتصاعدة” و الجيش الصحراوي له “خبرة كبيرة, و معرفة عميقة بالطبيعة الصحراوية الصعبة”.

ولفت الأمين العام لوزارة الأمن و التوثيق الصحراوية إلى حالة “التخبط” التي تعرفها الدبلوماسية المغربية الفترة الأخيرة, بسبب الخسائر التي لحقت بجيش الاحتلال المغربي في الميدان, مشيرا في ذات السياق الى “سياسة العداء التي ينتهجها ضد جيرانه, وضد العديد من دول العالم على غرار المانيا و ايران”.كما لفت الى أن المغرب, بخرقه لاتفاق وقف اطلاق النار, “وقع في خطا جسيم, لأن الجيش الصحراوي في كامل الاستعداد, لطرد آخر جندي مغربي و بناء دولته المستقلة على كامل أراضيه”.

و في رسالة إلى المنتظم الدولي, قال سيدي اوكال, “يجب أن يدرك كل العالم, أن الشعب الصحراوي متمسك بحقه الواضح و الثابت و الجلي في بسط سيادته على كل أراضيه”, مجددا التأكيد على أن “المعركة متواصلة و تتطور يوما بعد يوم”.وأضاف “حربنا هي حرب شعبية طويلة الأمد لا نحسبها بيوم أو معركة واحدة, و إنما بطول النفس و الاستمرارية, ونفسنا طويل و طويل جدا”, مشددا على أن “كل الشعب الصحراوي متشبث بحقه في تقرير المصير, و من هنا, تكمن قوة الجيش الصحراوي في معركته, سواء السلمية في المدن المحتلة أو على صعيد الكفاح المسلح, أو على صعيد المعركة الدبلوماسية”

أمال.ش.د",,462,2,1,undecided,Government & Official Statements
source_46,not credible,صحيفة الحزب الشيوعي مهاجمة صلاح مناع: الإختشوا ماتوا! — صحيفة متاريس الإلكترونية,"الخرطوم: أميمة محمود

كشف الحزب الشيوعي عن اجتماع لعضو لجنة إزالة التمكين صلاح مناع مع عدد من الصحفيين.

ونشرت صحيفة الميدان الناطقة بإسم الحزب أن مناع وجه خلال الاجتماع بإبعاد الكوادر الشيوعية من النقابات.

وحسب رصد محررة (متاريس)، فقد سخرت الميدان من توجيه صلاح مناع وكتبت باللون الاحمر عبارة “الإختشوا ماتوا”.

وقالت الصحيفة إن المشاركين في الاجتماع اعترضوا على التوجيه وأبلغوا مناع رفضهم الشروط والإملاءات من اي جهة.",,68,2,1,undecided,General/Other Ambiguous Context
source_35,not credible,الخصاونة يلتقي وزير البترول والثروة المعدنية المصري,"الاردن اليوم – استقبل رئيس الوزراء الدكتور بشر الخصاونة في مكتبه برئاسة الوزراء، اليوم الخميس، وزير البترول والثروة المعدنية في جمهورية مصر العربية المهندس طارق الملا وبحضور وزيرة الطاقة والثروة المعدنية المهندسة هالة زواتي والسفير المصري في عمان شريف كامل.

وأكد رئيس الوزراء عمق العلاقات التاريخية والاستراتيجية التي تربط الاردن وجمهورية مصر العربية وتميزها في المجالات كافة وعلى جميع المستويات، لافتا إلى أن العلاقات الأردنية المصرية تشكل انموذجا في علاقات التعاون المشترك.

كما أكد رئيس الوزراء توفر الإرادة السياسية للارتقاء بالعلاقات والشراكة بين البلدين الشقيقين بفضل الرعاية والاهتمام الذي تحظى به العلاقات الثنائية من قبل جلالة الملك عبدالله الثاني وأخيه الرئيس عبدالفتاح السيسي رئيس جمهورية مصر العربية.

واعرب رئيس الوزراء عن تقدير الاردن للتعاون الذي تبديه جمهورية مصر العربية مع الاردن في مجالات الطاقة والذي يأتي تجسيدا حقيقيا لعلاقات الأخوة التي تربط البلدين والشعبين الشقيقين.

واستمع رئيس الوزراء من وزيرة الطاقة والثروة والمعدنية ووزير البترول والثروة المعدنية المصري إلى شرح حول المباحثات التي اجرياها في عمان أمس واليوم والتي توجت بالتوقيع على ملحق لعقد توريد الغاز الطبيعي وملحق اخر لعقد تشغيل توسعات شبكة الغاز الطبيعي في الاردن.

من جهته، أكد المهندس الملا، الذي نقل لرئيس الوزراء تحيات رئيس مجلس الوزراء المصري مصطفى مدبولي، اهتمام جمهورية مصر العربية بتعزيز التعاون القائم مع الاردن في مجالات الطاقة خدمة لمصالح البلدين الشقيقين.",,209,2,1,undecided,Source-Specific Artifacts / Boilerplate
source_1,credible,اصطدام قوي بين حافلة لنقل المسافرين وشاحنة بمدخل كلميم,"اصطدمت حافلة لنقل المسافرين، بشاحنة من الحجم الكبير، مساء أمس الأربعاء 20 ماي، على مستوى الطريق الوطنية رقم1، الرابط بين طانطان وكلميم، ولحسن الحظ لم يخلف الحادث ضحايا في الأرواح.

وحسب المعلومات المتوفرة، فالحافلة كانت قادمة من مدينة طانطان، في رحلة نحو مدينة الدار البيضاء، ولأسباب مازالت مجهولة، اصطدمت بشاحنة تابعة لإحدى الشركات، المكلفة بإنجاز أشغال تثنية الطريق المزدوج الداخلة تيزنيت، ولم يخلف الحادث خسائر في الأرواح، وبالمقابل ألحق خسائر مادية بالحافلة، وخلف خوفا ورعبا كبيرين وسط المسافرين.

وفور علمهم بالحادث، انتقل رجال الدرك الملكي، و والسلطات المحلية، وتم تقديم إسعافات أولية لثلاثة ركاب أصيبوا بجروح طفيفة، وتم تحرير محضر، لتحديد المسؤوليات.",,102,0,1,undecided,Crime & Accidents
source_79,credible,حضرموت.. وصول الدفعة الثانية من منحة المشتقات النفطية السعودية إلى مدينة المكلا,"الرئيسية/أخبار/ حضرموت.. وصول الدفعة الثانية من منحة المشتقات النفطية السعودية إلى مدينة المكلا محليات حضرموت.. وصول الدفعة الثانية من منحة المشتقات النفطية السعودية إلى مدينة المكلا

متابعات: وصلت الدفعة الثانية من منحة المشتقات النفطية السعودية المقدمة من المملكة لتحسين الكهرباء، اليوم الأربعاء، إلى مدينة المكلا، المخصصة لتشغيل محطات الكهرباء في محافظة حضرموت. وأوضح وكيل محافظة حضرموت للشؤون الفنية أمين بارزيق، أن هذه المنحة السعودية من المشتقات النفطية التي جاءت عبر البرنامج السعودي لتنمية وإعمار اليمن، ستساهم في تحسين خدمات قطاع الكهرباء في المحافظة. وثمن بارزيق، الدعم المقدم من المملكة العربية السعودية، في مختلف المجالات الاقتصادية والإنسانية والإغاثية والتنموية، والجهود المبذولة من قبل البرنامج السعودي لإعمار اليمن. إلى ذلك أوضح مدير البرنامج السعودي في المهرة وحضرموت عبدالله باسليمان، أن هذه المنحة تأتي تنفيذاً لتوجيهات قيادة المملكة، لدعم الحكومة اليمنية، من أجل تحسين خدمات الكهرباء والتخفيف من معاناة الشعب اليمني. وأشار باسليمان، إلى أن الكلفة الكاملة للمنحة بلغت 422 مليون دولار أمريكي، وتستمر لمدة عام كامل.",,154,0,1,undecided,Source-Specific Artifacts / Boilerplate
source_104,undecided,عمل درامي يجمع القصبي والسدحان بعد قطيعة 5 أعوام,بعد سنوات من الانفصال الفني بين النجمين السعوديين ناصر القصبي وعبد الله السدحان، باتت عودة الثنائي الأبرز في الكوميديا والدراما الخليجية إلى الشاشة قريبة.وتوصلت الهيئة العامة للترفيه ومجموعة «mbc» لاتفاق إنتاج عمل مشترك يُعيد ثنائي الكوميديا السعودي إلى الشاشة قريبا، بعد قطيعة بين النجمين امتدت سنوات.وزف رئيس هيئة الترفيه المستشار تركي آل الشيخ عبر حسابه على «تويتر» الخبر لجمهور الفنانين، وكتب مغردا: «‏في اجتماع في الأيام الماضية مع أخي الشيخ وليد البراهيم لتطوير العلاقة بين هيئة الترفيه ومجموعة mbc العملاق الإعلامي الكبير... ونزف لكم بشرى عمل يجمع الفنانين الكبيرين ناصر القصبي وعبدالله السدحان برعاية هيئة الترفيه ويعرض على mbc».,,99,1,2,not credible,Government & Official Statements
source_100,credible,"""الأوقاف"" تعلن عن البروتوكول الخاص لصلاة الجمعة والتراويح لشهر رمضان بالمحافظات الشمالية","توضيحية

رابط مختصر:

رام الله - دنيا الوطن

أعلن وكيل وزارة الأوقاف والشؤون الدينية، حسام أبو الرب عن

البروتوكول الخاص لصلاة الجمعة والتراويح لشهر رمضان المبارك وفق الإجراءات والتدابير الوقائية وذلك بعد التنسيق مع الحكومة والجهات الطبية المختصة في ظل انتشار وباء (كورونا).



جاء ذلك خلال لقائه مع مدراء الأوقاف من مختلف المحافظات لمراجعة البرامج الدينية المعدة لقرب حلول شهر رمضان المبارك ومناقشة خطط الوزارة في ظل الجائحة .



وبيّن أبو الرب أنه في ظل انفراج جائحة (كورونا) وبعد التقدم بعدد المتعافين وانخفاض عدد المصابين فإنه تقرر فتح المساجد أمام المصلين لأداء صلاة التراويح في المناطق الخالية من الإصابة .



وبيّن ابو الرب انه تم التعميم على كافة الأئمة والخطباء باختصار القراءة في الصلاة والاكتفاء بأداء الصلوات دون إعطاء دروس وعظية وان لا تزيد مدة صلاة العشاء والتراويح عن نصف ساعة.



وأكد أبو الرب على ضرورة استمرار المصلين باتخاذ إجراءات السلامة الصحية المعمول بها، و إحضار سجادة الصلاة وارتداء الكمامة والتباعد بين المصلين.



كما أوضح أنه تم التنسيق لتوفير كافة اجراءات السلامة العامة الموصى بها صحياً في كل مسجد وسيتم متابعة إجراءات السلامة في كل مسجد وإغلاق المساجد التي لم يلتزم مصليها بالتعليمات .



وبخصوص صلاة الجمعة قال أبو الرب: ""أنه تم تجهيز كافة الترتيبات لاقامة صلاة الجمعة بالساحات العامة وتم الاتفاق على الأماكن والساحات التي سيتم الصلاة فيها"" .



ودعا أبو الرب في نهاية اللقاء المولى عز وجل أن يحفظ أبناء شعبنا من كل سوء، وأن تنعم بلادنا فلسطين وبلاد المسلمين والبشرية جمعاء بالخير والسلامة، وأن يديم علينا نعمة الأمن والأمان والسلامة والإسلام ، وأن يتقبل منا ومنكم صالح الأعمال.",,251,0,1,undecided,Government & Official Statements
source_121,undecided,اتحاد مكاتب السفر لـ «القبس»: التذاكر نفدت حتى 28 الجاري.. قبل انطلاق الرحلات التجارية,"أعلن رئيس مجلس إدارة اتحاد المكاتب والسفر الكويتية محمد المطيري في تصريح لـ «القبس»، إن تذاكر سفر القادمين إلى البلاد من عدة وجهات أبرزها دبي وتركيا قد نفدت حتى 28 الجاري، قبل أن تنطلق الرحلات التجارية غداً بشكل رسمي.



وقال المطيري، إن الإقبال السريع والمتزايد جعل من النادر الحصول على تذكرة سفر للوصول الى الكويت، وأصبح صعب المنال أمام القادمين في ظل الإقبال الكبير على التذاكر ومحدودية مقاعد الطائرات المتاحة.

وأضاف أن أنظمة شركات الطيران تشهد حالة الضغط الشديد بسبب محدودية الأماكن المتوفرة، مؤكداً أنه في ظل الاقبال الكبير فإن تذاكر السفر قد تصل إلى أسعار قياسية وغير مسبوقة، بسبب محدودة العرض وكثرة الطلب.

وبين أن تذكرة السفر للقادمين إلى الكويت من دبي واسطنبول ومصر وغيرها، من المحتمل أن تصل إلى أسعار قياسية بداية من مارس المقبل، ناهيك عن تكاليف الحجر المؤسسي في فنادق البلاد.",,135,1,2,not credible,Government & Official Statements
source_117,credible,بلينكن في أمريكا الوسطى لمحاولة المساهمة في معالجة مشكلة الهجرة من جذورها,"مونت كارلو الدولية / أ ف ب

نص: مونت كارلو الدولية / أ ف ب

دعا وزير الخارجية الأميركي أنتوني بلينكن يوم الثلاثاء 01 يونيو 2021 أميركا الوسطى إلى الدفاع عن الديموقراطية ومحاربة الفساد من أجل مكافحة أسباب تدفق المهاجرين الى الولايات المتحدة ""من جذورها"" فيما يعقد التوتر مع بعض الدول مهمة واشنطن.

إعلان اقرأ المزيد

في أول جولة له في أميركا اللاتينية، اختار بلينكن التوجه الى سان خوسيه في كوستاريكا حيث يجتمع وزراء خارجية الدول الأعضاء في نظام تكامل أميركا الوسطى وهي كوستاريكا وبيليز وغواتيمالا وهندوراس ونيكاراغوا وبنما والدومينيكان والسلفادور بحضور نظيرهم المكسيكي أيضا.

في صلب هذه الجولة التي تستغرق يومين، ملف الهجرة الشائك الذي تحول سريعا الى مسألة صعبة بالنسبة للرئيس الأميركي جو بايدن.

وقال بلينكن خلال مؤتمر صحافي مع رئيس كوستاريكا كارلوس الفارادو ""ما نريد سماعه من شركائنا هو تعهد مشترك بان يعالجوا معنا الاسباب التي تشكل جذور الهجرة غير القانونية"". وأضاف ""ما يدفع الناس الى مغادرة ما يعرفونه، منزلهم وعائلتهم ومجتمعهم وثقافتهم ولغتهم لانهم يعتبرون أن ليس لديهم من خيار آخر"".

عندما وصل بايدن إلى البيت الأبيض في كانون الثاني/يناير، واجه بسرعة تدفقًا كبيرًا من المهاجرين من أميركا الوسطى على الحدود الأميركية مع المكسيك. ويتهم الجمهوريون بايدن الذي وعد بسياسة هجرة أكثر ""إنسانية"" لإنهاء القيود الصارمة لرئاسة دونالد ترامب، بأنه تسبب في تلك الزيادة وبانه ينفي على الدوام وجود ""أزمة"".

- ديموقراطية ""أضعفت""

فقد عهد بايدن إلى نائبته كامالا هاريس بالملف الصعب، وهي وعدت باتخاذ إجراءات شاملة ضد الأسباب الجذرية لتدفق المهاجرين، من دون الخوض في التفاصيل، قبل زيارتها الأولى إلى المكسيك وغواتيمالا المقرر إجراؤها الأسبوع المقبل.

ومن أجل ترسيخ رغبته في معالجة المشكلة ""من جذروها""، أعلن عن تخصيص أربعة مليارات دولار على أربع سنوات للمساعدة على النمو في دول المثلث الشمالي، وهي هندوراس وغواتيمالا والسلفادور.

لكن توزيع هذه الأموال بات يصطدم بعلاقات متوترة بشكل متزايد مع السلفادور بعدما نددت واشنطن بهجمات السلطة على استقلالية القضاء.

وبشكل أوسع وفي أميركا الوسطى، لا تخفي الولايات المتحدة قلقها حيال الوضع في نيكاراغوا في مجال الديموقراطية وحرية الصحافة أو حقوق الإنسان.

وقال بلينكن ""نلتقي في وقت أضعفت فيه الديموقراطية وحقوق الإنسان في العديد من الأماكن في المنطقة ... نرى ذلك في تراجع استقلالية القضاء والقمع الذي يستهدف وسائل الاعلام المستقلة والمنظمات غير الحكومية وحظر المعارضين السياسيين والتراجع عن محاربة الفساد"" واعدا بنقل هذه الرسالة ""بكل شفافية"" الى نظرائه المعنيين.

وأكد مسؤول أميركي كبير للصحافيين عقب لقاء وزراء المنطقة أن ""المسائل المتعلقة بالفساد"" أو ""السلوك غير الديموقراطي"" هي ""السبب المباشر"" الذي يدفع المهاجرين الى الولايات المتحدة.

وقال عضو آخر في الوفد الأميركي ""لا يمكننا توقع أن تكون الحكومات مثالية، علينا العمل معها مع إشراك المجتمع المدني والقطاع الخاص بشكل أكبر"".

وأكد وزير الخارجية الأميركي أن الولايات المتحدة مستعدة للتعاون مع كل الحكومات سواء كانت من اليمين أو اليسار، لكن أضاف أن عليها أن تؤكد تعهدها العمل في سبيل إرساء الديموقراطية ومكافحة الفساد.

من جانب آخر، أشاد ب""نموذج"" كوستاريكا التي انضمت للتو الى منظمة التعاون والتنمية في الميدان الاقتصادي.

الرسالة الإخباريةأبرز الأحداث الدولية صباح كل يوم اشترك",,476,0,2,not credible,Government & Official Statements
source_86,credible,العثور على جثة شاب مصاب بطلق ناري في سمنود,"عثر الأهالى اليوم، على جثة لشاب مجهول الهوية مصاب بطلق نارى فى الطريق الذى يربط قرية محلة زياد وكفر الصارم التابع لدائرة مركز سمنود.



تلقى هانى مدحت مدير أمن الغربية، إخطارا من مأمور قسم مركز سمنود، بورود بلاغات من الأهالى بعثورهم على جثة شاب مقتول إثر إصابته بطلقة نارية نافذة فى الخلف أسفل الرقبة بجوار أحدى الأراضى الزراعية.



وعلى الفور انتقلت قوة من مباحث مركز سمنود إلى موقع الحادث، وتبين من خلال الفحص المبدئى أن الجثة لشاب فى الثلاثينات من عمره ومجهول الهوية.



وتكثف مباحث قسم مركز سمنود من جهودها للتعرف على هوية الشاب، وكشف ملابسات الجريمة، وتم نقل الجثة الى مشرحة المستشفى العام، لتوقيع الكشف الطب الشرعي عليها، كما تحرر محضر بالواقعة لإخطار النيابة العامة.",,116,0,1,undecided,Health & COVID-19
source_82,undecided,وزير التجارة: التحكم في تموين السوق يساهم بتسيير مواردنا المختلفة — النهار أونلاين,"أكد وزير التجارة، إن التحكم في تموين السوق وتحديد دقيق لإحتياجاته يعتبر رافد هام من روافد تسيير مواردنا المختلفة.

وأضاف الوزير، خلال ورشة حول طرق ومعايير تحديد الاستهلاك الوطني من مختلف المنتجدات والسلع، إن التحكم في تموين السوق، أداة تسمح بتسيير أمثل لوارداتنا من الخارج.

وأشار الوزير، إلى أنه ولأجل تلبية احتياجات المستهلك بشكل أدق، وجب القيام بتحديد صحيح ودقيق لتوقعات الاستهلاك الوطني من مختلف المنتجات والسلع.

ويأتي ذلك، بالاعتماد على مساهمة كل مؤسسات الدولة، يضيف الوزير.",,77,1,2,not credible,Source-Specific Artifacts / Boilerplate
source_73,credible,اسامة الخليفي: ''عملية تحريض ضد النواب وتوجيه رسائل للمواطن بأنهم خونة وجب التعامل معهم'',"حمل رئيس كتلة قلب تونس اسامة الخليفي مسؤولية السلامة الجسدية للنواب لرئيسة كتل الدستوري الحر ونوابه، على اثر ما اعتبره تعمد تصوير النواب وبث رسائل للشعب التونسي بالتحريض ضد النواب على إعتبراهم خونة وجب التصدي لهم.

وقال الخليفي' نحمل مسؤولية السلامة الجسدية للنواب في عملية التحريض هذه بتصوير النواب والتحريض ضدهم'.

كما دعا الخليفي ""لمنع عملية التصوير المعتمدة من قبل نواب داخل قاعة الجلسات العامة"".",,65,0,2,not credible,Government & Official Statements
source_134,credible,تطاوين : تفكيك شبكة مختصة في سرقة المصوغ,تمكن أعوان وإطارات مركز الأمن الوطني تطاوين المدينة فجر اليوم الجمعة من تفكيك شبكة مختصة في سرقة المصوغ. وقد تم إرجاع المسروق لصاحبه مع تحرير محضر في الغرض و اتخاذ كافة الاجراءات القانونية تجاه الموقوفين,,35,0,2,not credible,Crime & Accidents
source_117,credible,أبراج الثلاثاء 23 آذار,"الجوزاء

ما يشغلكم اليوم هي الأمور المالية - تحاولون إدخال تعديل على ميزانيتكم - والفرصة متاحة خصوصا لمواليد شهر يونيو للحصول على مبلغ من المال مصدره من العمل أو تستردون مبلغا يعود لكم من قبل - البعض منكم يعثر على غرضٍ كان ضائعا",,43,0,2,not credible,Economics & Pricing
source_1,credible,انتصار النادي المكناسي وسط دعم جماهيري غير مسبوق من أجل تحقيق الصعود,"تمكن النادي المكناسي يوم أمس الأحد من تحقيق انتصار هام على حساب شباب الريف الحسيمي، بهدفين دون مقابل، في مقابلة جرت أطوارها على أرضية الملعب الشرفي بمكناس، لحساب الجولة 24 من منافسات البطولة الوطنية للهواة.



ووصل النادي المكناسي بعد هذا الفوز للنقطة 42 في المركز الثاني، خلف الاتحاد الإسلامي الوجدي، ليصبح بذلك قريبا من تحقيق بطاقة الصعود للبطولة الإحترافية 2.



ولم يمنع غياب الجمهور عن الملاعب بسبب الإجراءات الاحترازية الجماهير المكناسية من التعبير عن دعمها الكبير للفريق في هذه المرحلة الحاسمة، حيث رافقته من الفندق نحو ملعب المقابلة عبر مختلف وسائل النقل، وهو ما انعكس على معنويات اللاعبين.",,98,0,1,undecided,Sports News
source_134,credible,النيابة العمومية تنفّذ الحكم بالسجن على الفهري بعد أن سلّم نفسه,"أكد نائب وكيل الجمهورية بالمحكمة الابتدائية بتونس والناطق الرسمي باسمها محسن الدالي لموزاييك، أن النيابة العمومية تولت اليوم تنفيذ الحكم الصادر ضد مالك قناة الحوار التونسي سامي الفهري والقاضي بسجنه مدة 8 أعوام مع النفاذ العاجل في قضية عقود الإشهار بين كاكتوس والتلفزة الوطنية.

",,44,0,2,not credible,Source-Specific Artifacts / Boilerplate
source_73,credible,شارع الحبيب بورقيبة: أصحاب المقاهي يحتجون ضد كثرة الإحتجاجات,"بالتزامن مع الوقفة الاحتجاجية للمطالبة بإطلاق سراح الموقوفين بشارع الحبيب بورقيبة، نظم عدد من أصحاب المقاهي والعاملين فيها وقفة احتجاجية ضد كثرة الاحتجاجات التي عطلت عملهم بحسب تعبيرهم، حسب ما صرح به صبري بن عزوز نائب رئيس الغرفة الوطنية لأصحاب المقاهي في منظمة الأعراف.

وانتقد بن عزوز كثرة الحواجز الأمنية في شارع بورقيبة الشئ الذي عطل الحركة التجارية في نصف شارع بورقيبة.

وبخصوص قرار اللجنة العلمية التمديد في عمل المقاهي والمطاعم الى حدود الساعة الثامنة مساء، قال انها خطوة إيجابية ولكن غير كافية لأن عمل المقاهي والمطاعم الليلية لا يزال متوقف الشئ الذي يهدد العديد من مواطن الشغل

مقالات اخرى",,100,0,2,not credible,Government & Official Statements
source_117,credible,البابا فرنسيس يحيي قداساً مع سجناء ولاجئين داعيا إلى عيش الرحمة,"مونت كارلو الدولية / أ ف ب

نص: مونت كارلو الدولية / أ ف ب

غادر البابا فرنسيس الأحد 11 نيسان - أبريل 2021 الفاتيكان لإحياء قداس في كنيسة مجاورة مع سجناء ولاجئين وعاملين في المجال الصحي بمناسبة عيد الرحمة الإلهية.

إعلان اقرأ المزيد

وأُقيم القداس في كنيسة الروح القدس في ساسيا في روما مع عدد قليل من المشاركين بلغ حوالي 80 شخصاً بسبب القيود المفروضة لاحتواء فيروس كورونا.

وأحيا الحبر الأعظم العام الماضي قداساً بدون مصلين بمناسبة هذا العيد الذي أطلقه عام 2000 البابا الراحل يوحنا بولس الثاني.

وكان من بين الحضور هذا العام معتقلون من سجنَين في روما وكذلك من سجن للأحداث بالإضافة إلى لاجئين قادمين من سوريا ونيجيريا ومصر وطاقم من الممرضين في مستشفى مجاور بينهم راهبات.

وأشار البابا في عظته إلى أهمية ألا يبقى المسيحيون لا مبالين بالأشخاص الذين يحيطون بهم.

وقال ""أيتها الأخت وأيها الأخ هل تريد دليلاً على أن الله قد لمس حياتك؟ انظر إذا كنت تهتم بجراح الآخرين"".

وأضاف ""لا نقِفَنَّ غير مبالين. ولا نعيشنَّ نصفَ إيمان، يأخذ ولا يعطي، يقبل العطيّة ولكنّه لا يُصبح عطيّة. لقد نلنا الرحمة وبالتالي علينا أن نصبح رحماء بدورنا"".

ولم يكن البابا البالغ 84 عاماً الذي تلقى اللقاح المضاد لكورونا قبل رحلته إلى العراق مطلع آذار/مارس، يضع كمامة أثناء القداس، على غرار الأشخاص الذين قرأوا نصوصاً من الإنجيل. وكان جميع الأشخاص الآخرين الحاضرين في الكنيسة بمن فيهم الأولاد المرنمون والكهنة الآخرون، يضعون كمامات.

الرسالة الإخباريةأبرز الأحداث الدولية صباح كل يوم اشترك",,234,0,2,not credible,Health & COVID-19
source_117,credible,"حظر النشر حول الأمير حمزة: الأردن يستثني ""حرية الرأي والتعبير ضمن إطار القانون""","حظر النشر حول الأمير حمزة: الأردن يستثني ""حرية الرأي والتعبير ضمن إطار القانون""

الأمير حمزة والأمير هاشم بن الحسين في عمان © أ ف ب

نص: مونت كارلو الدولية / أ ف ب 1 دقائق

نقلت وكالة الأنباء الأردنية (بترا) الأربعاء 04/07 عن نائب عام عمَّان حسن عبد اللات قوله إن حظر النشر الذي صدر أمس فيما يتعلق بملف الأمير حمزة بن الحسين الأخ غير الشقيق للملك عبد الله الثاني يشمل فقط مجريات التحقيق وسريته والأدلة المتعلقة به وأطرافه.",,79,0,1,undecided,Source-Specific Artifacts / Boilerplate
source_73,credible,بداية من 17 ماي: المقاهي والمطاعم تستأنف نشاطها,"أعلنت الناطقية الرسمية باسم الحكومة حسناء بن سليمان أنه بداية من تاريخ 17 ماي المقاهي والمطاعم ستستأنف نشاطها بطاقة استيعاب 30 بالمائة بالفضاءات المغلقة و 50 بالمائة في الفضاءات المفتوحة مع منع استعمال الشيشة .

ويتواصل العمل بهذه الاجراءات الى غاية يوم 6 جوان المقبل.

مقالات اخرى",,47,0,2,not credible,Government & Official Statements
source_100,credible,وفاة الشيخ الداعية يونس العصا من بيت لحم,"رابط مختصر:

رام الله - دنيا الوطن

توفي فجر اليوم الداعية الشيخ يونس محمد محمود عيسى العصا، عن عمر يناهز (65 عاماً)، من قرية العبيدية قضاء بيت لحم.



وأفادت مصادر محلية أن الشيخ العصا توفي بعد صراع مع المرض إثر إصابته بفيروس (كورونا).



",,43,0,1,undecided,Health & COVID-19
source_131,credible,خبير اقتصادي: قناة السويس تستحوذ على 24% من حركة الحاويات على مستوى العالم,"قناة السويس

صرح الدكتور أحمد مصطفى، الخبير الاقتصادى، أن إشادات المؤسسات الدولية بالاقتصاد المصري، يوضح مدي النهوض الذي شهده هذا القطاع، والإجراءات التي اتخذتها الحكومة للنهوض بالاقتصاد في ظل جائحة كورونا.

وأشار مصطفى، خلال مداخلة هاتفية على قناة إكسترا نيوز، إلى أن قرار الدولة بحفر قناة السويس الجديدة عام 2015 ساهم في تقليص فترة عبور السفن للمجرى الملاحى، لافتًا إلى أن الدولة قدمت حزمة تخفيضات تحفيزية بنسب تتراوح من 30 لـ75% على رسوم عبور ناقلات الغاز، كما أبقت على رسوم العبور للسفن في عام 2021 مثل 2020، بالإضافة إلى تطوير خدمات قناة السويس التي أتت بثمارها وفقا لتوجيهات القيادة السياسية التي جعلت دخل القناة يصل لـ27.4 مليار دولار خلال الـ4 سنوات الأربع الماضية من 2016 حتى 2020 مقارنة بإجمالى 26.1 مليار دولار منذ 2011 وحتى 2015، مشددًا أن دخل القناة في عام جائحة كورونا لم يتراجع سوى 3% مقارنة بـ2019 وهى نسبة ضئيلة جدًا بسبب ركود حركة التجارة العالمية.

وأوضح الخبير الاقتصادى، أن قناة السويس تستحوذ على 9% من إجمالي حركة التجارة العالمية، وحوالى 24.5% من حركة الحاويات على مستوى العالم، و100% من إجمالي تجارة الحاويات المنقولة بحرًا بين أسيا وأوروبا ومن المستهدف أن تزيد النسبة من التجارة العالمية لـ12% خلال السنوات المقبلة.

وأكد مصطفى، أن خطة العام المالى الجديد لقناة السويس تتضمن استكمال المشروعات العملاقة السابقة بالإضافة إلى الاستثمارات الجديدة واستكمال إنشاء الأنفاق العملاقة أسفل القناة ومنهم 4 أنفاق لربط الضفتين الشرقية والغربية، وكذا المشروعات القومية الأخرى مثل جسر الفردان وتطهير بحيرة المنزلة ومريوط وأعمال تطوير ميناء أبوقير البحرى وشراء عدد 38 سفينة صيد وإنشاء الأرصفة والمراسى لخدمة القاطرات الحديثة والغاطس الكبير والمعدات الملازمة للسفن الكبيرة التي تعبر القناة بعد أعمال التطوير.",,263,0,1,undecided,Government & Official Statements
source_82,undecided,نفطال تنفي الشائعات التي ربطتها بأولمبي المدية — النهار أونلاين,"نفت إدارة شركة نفطال اليوم السبت، الشائعات التي تم تداولها مؤخرا، والتي ربطتها بفريق أولمبي المدية.

ونشرت إدارة شركة نفطال، بيان رسمي، نفت من خلاله اتفاقها مع مسؤولي نادي أولمبي المدية، على تمويل الفريق.

وأوضحت، في ذات البيان، أن كل عقود التمويل التي ربطتها بعدة أندية وطنية لكرة القدم، تم نشرها في بيان رسمي عبر الصحافة الوطنية.",,57,1,2,not credible,Source-Specific Artifacts / Boilerplate
source_38,undecided,عبد اللطيف العلوي يغازل “شعب النهضة”,"0 Shares

تعليقا على مسيرة النهضة التي دعا اليها راشد الغنوشي رئيس البرلمان التونسي، السبت 27 فيفري 2021، يوم يتزامن مع الذكرى ال33 للتجمع الدستوري الديمقراطي أسسه زين العابدين بن علي رئيس الجمهورية الاسبق، دفن في منفاه بالعربية السعودية، توجه عبد اللطيف العلوي النائب عن ائتلاف الكرامة لمن سماهم بشعب النهضة الذي خذله القادة على الكراسي و في مواقع القرار و كتب ما يلي على صفحات التواصل الاجتماعي:

“شعب النّهضة العميقة هو الأكثر صبرا، وتحمّلا، وغفرانا، وتسامحا وتجاوزا لأخطاء قادته وتقصيرهم! شعب المحنة عبر سنوات الجمر، تعلّم كيف يصبر صبر الجمال…

فلا تخذلوه يا قادة النّهضة! نصروكم في الشّوارع وفي المنافي وفي السّجون، وخذلتموهم على الكراسي وفي مواقع القرار.

هذا الحشد التّاريخيّ هو الرّصيد وهو الذّخيرة لمن أراد أن يعمل وينجز، الخطب الجميلة الرّومنسيّة مهمّة، ورسائل الوحدة الوطنيّة مهمّة، ولكن تعلّمنا بعد عشر سنوات أنّ ذلك لا يكفي!

يمكن أن يصلح للتّخدير إلى حين، ولكن إذا لم تتسلّح الديموقراطيّة بأنيابها ومخالبها، فإنّ الضّباع سوف تأكلها! نأمل أن يعود زعماء النهضة إلى مواقع القرار بعزم أقوى وجرأة أشدّ من أجل أن يتحمّلوا مسؤوليّتهم كاملة في تركيز المحكمة الدستوريّة وباقي الاستحقاقات الدستورية والوطنيّة الأخرى. ما عدا ذلك…

كلّ من يخذل شعبا بهذا الصّبر وبهذا الوفاء، سيدفع الثّمن غاليا آجلا أم عاجلا… فاعتبروا .”",,201,1,2,not credible,Source-Specific Artifacts / Boilerplate
source_82,undecided,"لافان: ""رغم المشاكل الإدارية ثقتي كبيبر في لاعبي الفريق"" — النهار أونلاين","أبدى مدرب شبيبة القبائل، دنيس لافان ثقته الكبيرة في لاعبي فريقه، قبل مواجهة نهضة بركان، رغم مشاكلهم مع الإدارة.

وصرح لافان: “اللاعبون تدربو بشكل عادي منذ يوم الخميس الماضي، والأمور عادة إلى نصابها في الفريق”.

وأضاف: “أحترم كثيرا لاعبينا، كونهم لا يخلطون مشاكلهم المالية مع الإدارة، ومسؤوليتهم فوق أرض الملعب”.

وتابع دنيس لافان: “أنا كتأكد بأن اللاعبين سيقدمون غدا أفضل ما لديهم فوق الميدان، مثلما تعودو عليه، من أجل تحقيق الفوز”.

يذكر أن شببية القبائل، تواجه غدا الأحد، بملعب “1 نوفمبر” بتيزي وزو، نهضة بركان المغربي، لحساب الجولة الرابعة من دور مجموعات كأس الكاف.",,94,1,2,not credible,Source-Specific Artifacts / Boilerplate
source_73,credible,كورونا: تونس تتلقى مساعدات طبية أمريكية بقيمة 4 مليون دولار,"أعلنت السفارة الأمريكية بتونس اليوم الثلاثاء 23 فيفري 2021، في بيان لها عن تقديم الحكومة الأمريكية معدات طبية بقيمة 4 مليون دولار (10.75 مليون دينار) لفائدة 33 مستشفى جهوي قصد الاستجابة للحاجيات الملحة لمقاومة فيروس كورونا.

وسلّمت الحكومة الأمريكية عن طريق الوكالة الأمريكية للتنمية الدولية بالتعاون مع مكتب الأمم المتحدة للخدمات إلى وزارة الصحة أول دفعة ضمن 3 دفعات من معدات حيوية ستوفر الدعم اللازم للمستشفيات ومخابرها.

وتتضمن هذه المساعدات 55 ثلاجة مجمّدة، و270 مولد أكسيجين عالي التدفق، و308 مجمع وحدات حقن، و200 مقياس تأكسج، و110 آلة تطهير الاسطح، و20 وحدة لمعالجة المياه، و66 منظار حنجرة بالفيديو.

للإشارة كانت الحكومة الأمريكية قد قدمت إلى تونس منذ شهر مارس 2020 دعما مخصصا لمقاومة فيروس كوفيد-19 بقيمة 36 مليون دينار لتلبية احتياجات الرعاية الصحية الفورية وطويلة المدى، وفق البيان ذاته.

المصدر (وات)",,130,0,2,not credible,Government & Official Statements
source_73,credible,سيغما: 90% من التونسيين يرون أن تونس تسير في الطريق الخطأ,"يرى 90 بالمائة من التونسيين أن البلاد تسير في الطريق الخطأ، فيما يعتبر 8،8 بالمائة أن تونس تسير في الطريق الصحيحة، حسب نتائج البارومتر السياسي لمؤسسة سيغما كونساي نشرته جريدة المغرب في عددها الصادر اليوم الخميس 27 ماي 2021.

وعبر 41 بالمائة من المستوجبين عن ثقتهم في رئيس الجمهورية قيس سعيد، فيما عبر 77 بالمائة عن عدم ثقتهم في رئيس البرلمان ورئيس حركة النهضة راشد الغنوشي.

وتم إجراء البارومتر من 17 إلى 19 ماي 2021 على عينة تتكون من 806 تونسيا أعمارهم تتراوح بين 18 سنة وأكثر.",,87,0,2,not credible,Government & Official Statements
source_82,undecided,قاضي التحقيق بمحكمة بني صاف يدعو للتبليغ عن شخصين نصبا على العديد من المواطنين — النهار أونلاين,"أصدر قاضي التحقيق بمحكمة بني صاف ولاية عين تموشنت، بيانا يحذّر فيه من شخصين نصبا على العديد من المواطنين.

وحسب بيانا لذات الهيئة، فإن الإعلان جاء في إطار التحقيق المفتوح في قضية التدخل بغير صفة في الوظائف العمومية.

والشروع في الإبتزاز ضد المتهمين (ع.ط.م) و كذا (ر.ع.غ).

ودعا قاضي التحقيق كل شخص وقع ضحية نصب أو ابتزاز أو تعامل مع المذكورين بصفته شاهد أو ضحية الاتصال بغرفة قاضي التحقيق بمحكمة بني صاف للمساعدة في التحقيق الجاري ضدهما.",,77,1,0,credible,Source-Specific Artifacts / Boilerplate
source_1,credible,UMT يخلد فاتح ماي بالدعوة لفرض احترام الحق النقابي ويدين تجميد الحوار الاجتماعي,"جدد الاتحاد المغربي للشغل رفضه ""ستغلال الجائحة أبشع استغلال، واتخاذها مطية للمزيد من الهجوم على حقوق ومكتسبات الطبقة العاملة وضرب الحريات النقابية"" وذلك بمناسبة تخليد اليوم العالمي للعمال.

وأدان الاتحاد في بلاغ له موقف الحكومة ""تُجاه الخروقات الصارخة لمدونة الشغل وللمواثيق الدولية ذات الصلة، والانحياز لأرباب العمل، بالإصرار المتواصل على تمرير القوانين التراجعية التي تهم عالم الشغل، تجميد الحوار الاجتماعي، وعدم التزام رئيس الحكومة وإخلاله بعقد دروة للحوار الاجتماعي في شهر أبريل"".

وطالب الاتحاد السلطات العمومية بضرورة حماية ""صحة وسلامة العاملات والعمال داخل العديد من الوحدات الإنتاجية، والإدارات، وذلك بفرض احترام التدابير الاحترازية والوقائية، وزجر المخالفين من أرباب العمل، دعم الأجراء ضحايا الطرد والتسريح والتوقف القسري"".

وفي نفس السياق دعا الاتحاد الحكومة ""إلى التعجيل في تنزيل ورش توسيع الحماية الاجتماعية الشاملة، وذلك بالإشراك الحقيقي والفاعل للفرقاء الاجتماعيين"" مؤكدا ""مواصلة انخراطه في معركة الدفاع عن ضحايا الطرد التعسفي أو التسريح والتوقيف من العمل بذريعة الأزمة الصحية، وكذا تضامنه مع كل ضحايا الإقصاء والتهميش"".",,152,0,1,undecided,Government & Official Statements
source_100,credible,طالع أسعار الذهب في أسواق فلسطين اليوم الإثنين,رام الله - دنيا الوطنسُجلت أسعار الذهب في أسواق فلسطين، اليوم الاثنين، وفقًا للشيكل الإسرائيلي والدولار، على النحو التالي:,,19,0,2,not credible,Economics & Pricing
source_35,not credible,نائب عام عمّان يطلب تزويده بعدد القضايا المتعلقة بإطالة اللسان (وثيقة),الأردن اليوم – طلب نائب عام عمّان حسن العبداللات، الخميس، من المدعي العام تزويده بكشف يتضمن عدد القضايا التنفيذية والتحقيقية بتفاصيلها كافة والمتعلقة بإطالة اللسان، بحسب كتاب حصل على نسخة منه موقع الأردن اليوم,,34,2,1,undecided,Government & Official Statements
source_86,credible,بعد توقيع بروتوكول المبادرة الرئاسية.. كيف تسجل طلب إحلال سيارتك وتحويلها للعمل بالغاز؟,"شهد رئيس مجلس الوزراء مصطفى مدبولى، اليوم، توقيع البروتوكول المنظم للمبادرة الرئاسية لإحلال السيارات المتقادمة «الملاكي، والتاكسي، والميكروباص» التي مضى على صنعها 20 عاماً فأكثر بأخرى جديدة مصنعة محليًا وتعمل بالغاز الطبيعي؛ تمهيدا لانطلاقها الشهر الجاري.

وجاء توقيع البروتوكول بعد اتفاق وزارات المالية، والداخلية، والتجارة والصناعة، و31 بنكًا، وشركتي تأمين، و9 شركات لتصنيع السيارات على الإجراءات التنفيذية.

وقال مدبولي، إن المبادرة تُساعد فى تخفيف الأعباء عن المواطنين حيث تُتيح لهم حوافز مالية وتسهيلات ائتمانية غير مسبوقة، وفرصة امتلاك سيارات جديدة بدلاً من سياراتهم المتقادمة التى تُكلفهم كثيرًا فى التشغيل والصيانة، إضافة إلى الوفر الاقتصادى الذى سيعود عليهم من خلال ترشيد استهلاك البنزين، والعمل بالطاقة النظيفة.

ولفت إلى أن المبادرة سيكون لها آثارًا إيجابية فى الحد من انبعاثات الغازات الضارة بالبيئة، والإسهام فى تيسير حركة المرور حيث تضمن عدم وجود سيارات متهالكة تتسبب بأعطالها المتكررة فى حدوث اختناقات مرورية.

ومع اقتراب تنفيذها قبل نهاية الشهر الحالى، تنشر لكم «الشروق» ترصد كل كافة المعلومات والتساؤلات الخاصة بالمرحلة الأولى للمبادرة.

كيفية التسجيل على الموقع الإلكتروني للمبادرة والأوراق

1- تشمل خطوات التقديم الدخول في البداية إلى موقع المبادرة من خلال الرابط التالي: (https://www.gogreenmasr.com/ar/login)، وبعد الدخول على الرابط السابق عليك تدشين حساب وإدخال بعض البيانات كاسم الشخص رباعي ورقم الهاتف والبريد الإلكتروني، والرقم القومي ورقم الهاتف الأرضي والسن والمحافظة والصورة الشخصية، ليمكنك تسجيل الدخول بعد ذلك في أي وقت من خلال الرقم القومي وكلمة المرور الخاصة بك.

2- بعد تسجيل الدخول وللبدء في تقديم طلب إحلال سيارتك، يتطلب منك بعض المعلومات التي تخص المستفيد من المبادرة وسيارته، مثل تسجيل رقم السيارة والماتور والرخصة ونوع السيارة ملاكي أم أجرة أم ميكروباص، وعنوان المنزل وتاريخ إنتاج السيارة والموديل الخاص بها.

3- علاوة على صورة من البطاقة ووصل كهرباء وصورة من رخصة القيادة ورخصة السيارة، ثم في النهاية يتم عرض انواع السيارات المشاركة بالمبادرة حتى الان وهما (نيسان صني ونيسان سنترا، وهيونداي اكسنت آر بي وهيونداي النترا اتش بي، ولادا جرانتا، وشيفورلية اوبترا، وبي واي دي إف 3).

4- بعد تقديم الطلب على الموقع الإلكتروني الخاص بالمبادرة، ستقوم وزارة الصناعة بمراجعة هذه الطلبات بالتعاون مع الجهات المعنية، كإدارة المرور، للتأكد من الرخصة والسيارة، وبعد استيفاء كل الشروط سيتم التواصل مع مقدم الطلب من أجل التوجه لأحد البنوك لبدء برنامج التمويل وتسليم السيارة القديمة للتخريد.

5-بعد ذلك يتم التواصل مع المتقدمين بطلبات الإحلال من خلال بياناتهم المقدمة في الطلب، بعد انتهاء فترة تقديم الطلبات وفحص الطلبات وتحديد موقفها.

6- وبعد أن يتم الموافقة على الطلب سيقوم المواطن بتجهيز المستندات التالية للتوجه إلى البنك، وهي: صورة لبطاقة الرقم القومي للمستفيد والضامن، وتقديم مستند محل الإقامة سواء تمليك أو إيجار، وإيصال كهرباء أو مياه حديث لم يمر عليه 3 أشهر، إلى جانب طابع من التأمينات الاجتماعية موضح بها أن المستفيد مؤمن عليه كسائق أو صاحب عمل (سيارة).

7-تتضمن الإجراءات تقديم صحيفة حالة جنائية لم يمر عليها أكثر من شهر، وتقديم شهادة من مصلحة الضرائب التابع لها المستفيد بأنه ليس له أي ملف ضريبي، أو مستحقات ضريبية واجبة الأداء، بالإضافة إلى رخصة سارية للسيارة القديمة المطلوب إحلالها.",,475,0,1,undecided,Government & Official Statements
source_53,not credible,أحمد السقا يشكر تامر حسني على تتر”نسل الأغراب”..ورسالة للجمهور بعد الحلقة 1,"Adver1

وجه النجم أحمد السقا الشكر للنجم تامر حسني بعد غناء تتر مسلسل ""نسل الأغراب""، الذي تصدر تريند مواقع التواصل الإجتماعي أمس بعد إذاعة الحلقة الأولى أمس المصدر:اليوم السابعأحمد السقا يشكر تامر حسني على تتر""نسل الأغراب""..ورسالة للجمهور بعد الحلقة 1المصدر اليوم السابع",,42,2,1,undecided,General/Other Ambiguous Context
source_8,not credible,المسيلة: تنسيقية المجتمع المدني تكرّم الجمعيات الفاعلة و الشخصيات الناشطة في رمضان,"في خطوة سبّاقة ومبادرة خلّاقة قامت تنسيقية المجتمع المدني لبلدية عين الحجل بتكريم عدد من الفاعلين الجمعويين والإعلاميين والجمعيات الخيرية ، وذلك عربونا ووفاء واعترافا لهم وتثمينا لأعمالهم وخدماتهم التطوعية تفانيا وارتباطا بكثير من المبادرات النبيلة التي قاموا بها طيلة شهر رمضان المبارك بالمساعدة ومد يد العون في سبيل تطوير العمل الخيري التطوعي ، والرقي بالمجتمع في مختلف مناحي الحياة ، وتتنوع برامج الجمعيات الخيرية في رمضان ما بين مطاعم الرحمة لعابري السبيل وتوزيع وجبات إفطار على المحتاجين ، والمساعدات بالقفف الرمضانية والمواد الاستهلاكية الأساسية وغيرها، وعقب انقضاء شهر رمضان بخيره الوفير تبقى تجربة العمل الخيري هي الرائدة ، ويقف القائمون على تلك الجمعيات على مفترق طرق وأمام تحدٍّ كبير لاستكمال مشوارهم الذي بدأوه منذ سنوات في مساعدة ومساندة الأسر المتعففة.

التكريمات أشرف عليها طاقم التنسيقية بالتنقل ميدانيا لمقرّات الجمعيات وكذا مطاعم الرحمة ، أين شملت كل من جمعيات وافعلوا الخير ، الفردوس ، الإخلاص ، كافل اليتيم ، جمعية الجزائر لخدمة وتنمية المجتمع ، جمعية رؤية للمسرح والسينما ، جمعية صدى للثقافة والإعلام ، الرابطة الرياضية الجوارية للرياضة للجميع ، جمعية نشاطات الشباب ، فوجا الرشاد والسلام للكشافة الاسلامية ، مطعم الرحمة أولاد سويب ، مطعم الرحمة المدخل الشمالي –رافع – النشطاء الجمعويين : حلاب عبد السميع ، عبد اللهوم عبد المطلب ، نيقرو مراد ، عامر خليفي حارس المقبرة .

ويهدف التكريم حسب صاحب الفكرة ” موسى بن عامر” إلى تحفيز ودعم المحتفى بهم ، وكذا الجمعيات الخيرية الإنسانية ، والعاملين في القطاع الخيري والإحساني التطوعي في المجتمع الحجيلي خاصة ، الذين قدموا أعمالا مميزة في خدمة العمل الخيري ، لزيادة كفاءتهم وقدرتهم على العطاء الإنساني والتطوعي .

وقال لعيفاوي بدر الدين رئيس التنسيقية ، إن هذا التكريم جعله يشعر بالفخر لما قدمته هذه النماذج التي تحرص في الميدان على رسم صورة مشرفة للعمل الخيري ، كما تعتبر هذه المؤسسات الخيرية الصغيرة نماذج فريدة تزرع الابتسامة في نفوس الفقراء والمحتاجين كل حسب موقعه .

أ . لخضر . بن يوسف",,312,2,0,credible,Government & Official Statements
source_82,undecided,بالصور: تنصيب العميد بناط قائدا للمصلحة الوطنية لحرس السواحل — النهار أونلاين,"وذلك خلفا للعميد شعلال عبد العزيز، حسب بيان وزارة الدفاع الوطني اليوم الخميس.

وجاء هذا التنصيب حسب نفس البيان، طبقا للمرسوم الرئاسي المؤرخ في 11 جانفي 2021.

وباسم الفريق رئيس أركان الجيش الوطني الشعبي السعيد شنقريحة.",,36,1,2,not credible,Source-Specific Artifacts / Boilerplate
source_86,credible,جنايات القاهرة: المؤبد لسائق قتل جده وأحرق جثته,"قضت محكمة جنايات القاهرة بمعاقبة سائق قتل جده وأحرق جثته وألقى بها على الطريق بالسجن المؤبد.

صدر الحكم برئاسة المستشار محمد أحمد الجندي وعضوية المستشارين أيمن عبد الخالق ومحمد أحمد صبري، وأمانة سر مجدي شكري وهاني شحاتة.

كشف أمر الإحالة في القضية رقم 2860/ 155 لسنة 2020 جنايات مايو، قيام المتهم محمود.ر، سائق، 24 سنة، محبوس بقتل جده المجني عليه كمال.س عمدا بغير سبق إصرار أو ترصد إثر مشادة كلامية نشبت بينهما بسبب عتاب ولوم ضحيته له على سوء أحواله فاستشاط غضبا لذلك وضمر في نفسه الشر صوبه متولدا في ذهنه نية إزهاق روحه ونفاذا لما انتواه من نية خبيثة دفع ضحيته بقوة وحال إسقاطه أرضا تمهيدا للإجهاز عليه ارتطمت رأسه بأريكة فحدثت إصابته وسالت دماءه على جلبابه.

وتجسيدا لما وغر في صدر المتهم وراجعه عقله بالخلاص من جده البالغ من العمر عتيا طوعت له نفسه كتم أنفاس جده بالإمساك به من جلبابه حال نهوضه لمقاومته والضغط بكلتا يداه علي عنق عجوز أهرمه الدهر مستخدما قواه الجسمانية في إحكام خنقه قاصدا من ذلك إزهاق روحه إلى أن خارت قوى ضحيته مستسلما له حتى لفظ أنفاسه الأخيرة وسقط أرضا مسجى على ظهره فأحدث به الإصابات الموصوفة بتقرير الصفة التشريحية والتي أودت بحياته.",,191,0,1,undecided,Crime & Accidents
source_100,credible,حكومة نتنياهو تمدد حالة الطوارئ في مدينة اللد,رام الله - دنيا الوطنوقعت الحكومة الإسرائيلية، برئاسة بنيامين نتنياهو، اليوم الثلاثاء، قرار تمديد حالة الطوارئ في مدينة اللد بأراضي الـ1948، لمدة 48 ساعة.وكانت الشرطة الإسرائيلية قد أعلنت أمس، عن اعتقال 7 فلسطينيين في مدينة اللد، بذريعة المشاركة في المواجهات الأخيرة بمدن الـ48، في حين توفي إسرائيلي متأثرا بجروح أصيب بها قبل أسبوع في مواجهات بمدينة اللد، ما رفع حصيلة القتلى الإسرائيليين منذ بدء التصعيد الأخير لـ11 شخصا، حسبما أفادت مصادر طبية إسرائيلية.,,73,0,1,undecided,Government & Official Statements
source_7,not credible,زيتوني يستقبل ممثلي مكتتبي “عدل” بسكرة,المسؤول الأول لوكالة عدل أكد بأن وكالته في متابعة دائمة ومستمرة للأشغال سواءا ميدانيا أو عن طريق التقارير التي يقدمها رؤساء المشاريع أو مدير المشاريع ، ووعد المدير العام للوكالة بالرفع من وتيرة الأشغال بالمواقع التي تعرف وتيرة نوع من التأخر ، و من جانبه أكد المدير بأنه سيكون له لقاءا مع مدير التعمير لولاية بسكرة لوضع ورقة طريق لتسريع الأشغال التي هي على عاتقها ، أما فيما يخص بعض الأنشغالات التي قدمها ممثلي المكتتبين فقد وعد المدير العام بالتكفل بها في إطار ما يسمح به القانون ، من جهته عبر ممثلي مكتتبي عدل بسكرة عن إرتياحهم بعد هذا اللقاء.,,100,2,0,credible,General/Other Ambiguous Context
source_86,credible,التحقيق في مصرع شخص وإصابة 3 آخرين إثر تصادم سيارتين بالبدرشين,"أنا معجب بالشروق بالفعل، لا تظهر هذه الرسالة مرة أخرى

تباشر النيابة الكلية بجنوب الجيزة، التحقيقات حول مصرع شخص وإصابات 3 آخرين في حادث تصادم سيارتين، بالطريق الأوسطي في منطقة البدرشين، وصرحت النيابة بدفن الجثة، كما طلبت سرعة تحريات رجال المباحث حول الواقعة للوقوف على ظروف وملابسات الحادث.

تلقت غرفة النجدة بمديرية أمن الجيزة، بلاغا يفيد وقوع حادث تصادم بالطريق الأوسطي في البدرشين، انتقل رجال المباحث إلى محل الواقعة، وتبين أن الحادث وقع بين سيارتين نقل وسوزوكي، مما أسفر عن مصرع شخص، وإصابة آخرين.

تم نقل المصابين إلى المستشفى لإسعافهم، ورفع آثار الحادث من الطريق، وحرر محضر بالواقعة، وتباشر النيابة التحقيقات.",,101,0,1,undecided,Health & COVID-19
source_39,credible,"جهاد العرب شافط الرمول ""ملك"" النفايات يهجر بلاد الأرز!","حرد العرب نافياً في بيان ما ""جرى التداول به في بعض وسائل التواصل الاجتماعي عن تواجدي وزوجتي في مطعم السراي في وسط بيروت، الأمر الذي أنفيه جملة وتفصيلاً لوجودنا أساساً خارج لبنان. إلا أنه صودف مرور إبنتاي بمفردهما بالسيارة بالقرب من مكان الإشكال في طريق عودتهما إلى المنزل قادمتين من زيارة عائلية، من دون أي مرافق أو سائق، فتم التعرض لهما بالسباب والشتائم والتلفظ بأبشع الكلمات"". لذا ""أمام هذا الأمر المؤسف والذي لا يتمناه أحد لأولاده، وأمام ما تتعرض له شركاتنا وعائلاتنا من هجوم وتحريض وتجني وافتراءات.. فإنني وبكل أسف، وبعد 40 سنة من العمل، أعلن أننا بصدد إقفال جميع أعمالنا في لبنان. وذلك بعد أن يتم تسليم المشاريع وفقاً للأصول، مع الحفاظ على الموظفين الذي خدموا هذه الشركات بإخلاص لسنين طويلة"".

احتج شافط رمال البحر وملوثه في الوقت عينه على هذا التجني. أكبر متعهد لمشاريع الدولة حزين. سيترك جبال الرمال في الجية، التي شفطها من مطار بيروت. ولن يكمل مشروع التعديات على الأملاك العامة في الناعمة ومشروعه الكبير هناك مع شركائه لبناء ميناء ضخم لليخوت ومطاعم فاخرة وفلل سكنية ومسابح وجزر.

سيترك خلفه كسارات الجية التي نهش الجبال هناك، ولم تتبق شجرة واحدة، تهدر وحدها بلا صخر يقتلع من الجبال. وسيتركنا أمام مصيرنا مع مكب الكوستابرافا كي تنهشنا النفايات، لتعود وتصبح جبلاً من جديد. وسيهجر مجبل الزفت في العمروسية ومعمل فرز النفايات، التي لا يفرز منها أي شيء، وكل معامل جبل الباطون التي يملكها على أرض الجمهورية.

هناك عند مكب الكوستابرافا، بجانب مطار بيروت ارتكبت شركة جهاد العرب جريمتين بيئتين وماليتين أيضاً. شفط للرمول من عرض البحر ودفن للنفايات الآتية من معمل الفرز في العمروسية بلا فرز ولا توضيب. فمنذ تسلمت شركة العرب تنظيف كاسر الأمواج ومجرى المياه خلفه بجانب المطار، لمنع الموج من الوصول إلى داخل المطار، كان الاتفاق مع العرب على تنظيف مجرى كاسر الأمواج من الرمول التي تتجمع فيه مع الوقت، فتقفل الفتحات لخروج المياه إلى البحر مجدداً. وفيما كان يفترض به شفط الرمول من المجرى بهدف تنظيفه، كانت آلة شفط الرمل مستمرة في البحر قبالة المطار وتشفط الرمول. وكان سائقو العرب ينقلون مئات الأطنان يومياً من المكان، إلى مجبل الباطون في نهر الموت ومجبل الجية حيث جمع ملايين الأمتار من الرمول.



آلة لشفط الرمل قبالة مطار بيروت



سيترك العرب مكب الكوستابرافا حيث كان يطمر نفايات معمل العمروسية من دون فرز. هناك كانت الجرافات تملأ شاحنات العرب بالنفايات وتنقل من دون فرز وتوضيب، وتطمر وتدفن في مكب الكوستابرافا، وتتسرب عصارتها إلى البحر. فلم يعد مجزياً له أن يجمع ويفرز ويوضب النفايات بعدما انهارت الليرة، فقرر دفنها والتخلص منها.



تحميل النفايات في الشاحنات



وداعاً جهاد العرب الذي يتلقى موظفوه 900 ألف ليرة بالشهر، أي خمسون دولاراً، بعدما خفضها من 900 دولار بسبب الأزمة المالية. وداعاً لمتعهد طيب متفانٍ، عشاؤه في ذاك المطعم الفاخر، يكفي لإطعام عشر عائلات من موظفيه لأكثر من شهر. لكن ليته يتذكر إعادة أموال مشاريعه إلى اللبنانيين، ولا ضير بدفع حقوق موظفيه بالدولار، بعد تصفية مشاريعه، قبل مغادرة بلاد الأرز.",,466,0,1,undecided,Economics & Pricing
source_82,undecided,المدير العام للحماية المدنية ينصب مركز قيادة للبحث عن مفقودي فيضان وادي مكناسة — النهار أونلاين,"وقف المدير العام للحماية المدنية، العقيد بوعلام بوغلاف، على تنصيب مركز قيادة متقدم للبحث على المفقودين بفيضان وادي مكناسة بالشلف.

وكان العقيد بوعلام بوغلاف، رفقة مدير التنسيق وتنظيم الاسعافات بالمديرية العامة للحماية المدنية، والمدير الولائي للحماية المدنية بولاية الشلف.

للإشارة، فقد عثرت مصالح الحماية المدنية لولاية الشلف، صبيحة اليوم، على جثة شخص سابع جرفته سيول وادي مكناس ليلة أمس.

وتم العثور على ضحية من بين الأربعة المفقودين ويتعلق الأمر بسائق السيارة، ولايزال البحث عن 3 أطفال.

وجاء هذا بعد عملية تمشيط واسعة على ضفاف وادي مكناس، أين تم العثور على سائق السيارة من نوع HYUNDAI ATOS.",,96,1,2,not credible,Source-Specific Artifacts / Boilerplate
source_82,undecided,الوزير الأول يشرف على انطلاق الجلسات الوطنية حول اقتصاد المعرفة — النهار أونلاين,"أشرف الوزير الأول، عبد العزيز جراد، اليوم الاثنين، على انطلاق الجلسات الوطنية حول اقتصاد المعرفة.

وانطلقت الجلسات، بحضور 1300 مشارك بينهم 200 خبير وطني ودولي.

وتهدف الجلسات إلى إعداد إصلاحات قانونية وتنظيمية، لاقتصاد مبني على المعرفة.",,36,1,2,not credible,Source-Specific Artifacts / Boilerplate
source_86,credible,السفير الهندي يطلب زيارة قرى الريف المصري.. ويعرض تطوير 3 مراكز حرفية بالصعيد,"بحث وزير التنمية المحلية محمود شعراوي مع سفير الهند بالقاهرة أجيت جوبتيه سبل التعاون في مجال المشروعات الصغيرة والمتوسطة لتوفير دخل ثابت للأسر في القرى الأكثر احتياجًا.

جاء ذلك خلال لقاء شعراوي اليوم الجمعة - بسفير الهند الجديد بالقاهرة، وذلك بحضور عدد من قيادات الوزارة وممثلي السفارة الهندية.



وهنأ اللواء شعراوي السفير الهندي بمناسبة توليه مهام منصبه بالقاهرة، مشيداً بمستوى التعاون بين الوزارة والسفارة الهندية خلال السنوات الماضية خاصة في مجال تقديم المنح التدريبية في مجالات التنمية المحلية واللامركزية والتي استفاد منها خلال الأعوام الثلاثة الماضية عدد من العاملين بالوزارة والمحافظات خاصة في قطاعات (الحكم المحلي، تكنولوجيا المعلومات IT، إدارة الانتخابات المحلية).



وأكد وزير التنمية المحلية عمق العلاقات ""المصرية / الهندية"" المشتركة والتي تعود لعهد الزعيم الراحل جمال عبدالناصر ورئيس وزراء الهند جواهر لال نهرو .. مشيرا إلى أن العلاقات شهدت تطورًا كبيرًا في عهد الرئيس عبدالفتاح السيسى ورئيس الوزراء الهندي ناريندرا مودي على كافة المستويات السياسية والاقتصادية والثقافية.



ولفت إلى أن التأثير الإيجابي للمنح والدورات التدريبية على مستوى الكوادر المحلية وتنمية قدراتهم بما يساهم في تحسين مستوى الخدمات المقدمة للمواطنين ، مؤكدا تطلع الوزارة لمواصلة هذه البرامج والمنح مرة أخرى في حال عودتها وانتهاء جائحة ""كورونا"".



واستعرض وزير التنمية المحلية الدور المهم الذي يقوم به مركز التنمية المحلية للتدريب بسقارة، وإمكانية تبادل الخبرات و التعاون بين المعاهد المتخصصة في الهند خاصة معهد أحمد أباد للإدارة العليا في مجالات إعداد قادة المستقبل وكوادر التنمية المحلية.



كما استعرض شعراوي بعض تفاصيل المبادرة الرئاسية حياة كريمة وبرنامج تطوير الريف المصري في ظل الاهتمام الكبير الذي يوليه الرئيس عبدالفتاح السيسي ورئيس مجلس الوزراء الدكتور مصطفى مدبولي للنهوض بمستوى حياة المواطنين بالقرى والمراكز المحلية المستهدفة وخلق فرص عمل للفئات الأكثر احتياجاً بصورة مستدامة.



وأكد الوزير الدور الهام الذي يمكن أن تلعبه المراكز الحرفية بالمحافظات والبالغ عددها 78 مركزاً حرفياً في توفير فرص عمل للمواطنين بالقرى بما يساعد على تحسين مستوى معيشتهم ، مشيرا إلى إمكانية الاستفادة من الجانب الهندي وتبادل الخبرات في ذلك المشروع المهم لدعم المشروعات الصغيرة والمتوسطة ومتناهية الصغر .



وأشار وزير التنمية المحلية إلى جهود الوزارة لتنفيذ المنظومة الجديدة للمخلفات البلدية الصلبة بالمحافظات، مؤكدا إمكانية تبادل الخبرات مع الهند في هذا المجال الحيوي للدولة المصرية وبحث توفير دورات تدريبية للكوادر المحلية العاملة في مجال المخلفات الصلبة عبر الفيديو كونفرانس وبرامج التواصل الحديثة.



من جانبه، تطرق السفير الهندي لتجربة المؤسسات الهندية العاملة في ترويج المنتجات التراثية والحرفية واليدوية لسكان المناطق الفقيرة للمساعدة في بيعها وتسويقها داخليًا وخارجيًا وعلى رأسها مؤسسة ( قاضي ) والتي يرعاها رئيس وزراء الهند.



وأعرب السفير الهندي عن رغبته في دعم العلاقات الثنائية بين القاهرة ونيودلهي، التي وصفها بأنها وطيدة وقديمة وراسخة ، وتطلعه للبدء في صفحة جديدة من علاقات التعاون بين الوزارة والحكومة الهندية لاستكمال أطر العلاقات المختلفة ، مؤكدا استعداده للمشاركة في خطة الوزارة لتدريب الكوادر المحلية والعمل على تطوير أداء الإدارة المحلية .



وطلب السفير الهندي زيارة لبعض القرى المستهدفة في مبادرة حياة كريمة وبرنامج تطوير الريف المصري للتعرف على بعض الاحتياجات والتى يمكن للهند القيام بها فى المشروعات والقطاعات الحيوية ، مبديا استعداد الجانب الهندي للمشاركة في تطوير 3 من المراكز الحرفية بمحافظات الصعيد لتكون بمثابة نموذج مميز يتم تكراره فى باقى المحافظات .



وأشار جوبتيه إلى أن التحديات الموجودة في البلدين مشتركة فى عدد من المجالات ويمكن أن نعمل معاً لتبادل الخبرات والتعاون المشترك لتحقيق مصلحة الشعبين.



وشهد اللقاء بحث الاستفادة من تجربة الهند فيما يخص "" منصة أيادى مصر للحرف اليدوية "" والتي أطلقتها الوزارة منذ عدة أسابيع لدعم الصناعات الحرفية والتراثية التى تتميز بها بعض القرى فى المحافظات والمساعدة فى تسويق وبيع تلك المنتجات ، وذلك لما للهند من تجربة رائدة في أسواق الحرف اليدوية ومنها سوراج كوند في مدينة فريدة آباد، ومنها سوق امبريوم في مدينة انتيجار.



وفي ختام الاجتماع تم الاتفاق على تشكيل لجنة مصغرة بين الجانبين لإعداد خطة عمل لتنفيذ كل الموضوعات والنقاط التي تم بحثها خلال اللقاء والبدء فى تنفيذها.",,613,0,1,undecided,Government & Official Statements
source_100,credible,احذر.. هذه الأطعمة قد تعرضك للإصابة بالنوبة القلبية,"



ما هي الأطعمة التي من الممكن أن تشكل ضرر كبير على صحة قلبك ؟



اللحم الأحمر



قد يؤدي تناول الكثير من لحم البقر والضأن إلى زيادة احتمالات الإصابة بأمراض القلب والسكري، قد يكون السبب في ذلك هو أنها تحتوي على نسبة عالية من الدهون المشبعة، والتي يمكن أن تزيد من نسبة الكوليسترول، وفق (اليوم السابع).



المشروبات الغازية



تناول كميات قليلة من السكر المضاف ليس ضارا، لكن ما يجب معرفته هو أن علبة المياه تحتوي على سكر مضاف أكثر مما ينبغي وهو ما يسبب السمنة والإصابة بداء السكري من النوع 2، وارتفاع ضغط الدم، وأمراض القلب.



المخبوزات



الكعك عادة ما تكون محملة بالسكر المضاف، مما يؤدي إلى زيادة الوزن، كما أن المخبوزات بوجه عام مرتبطة بمستويات أعلى من الدهون الثلاثية، ويمكن أن يؤدي ذلك إلى الإصابة بأمراض القلب، وعادة ما يكون المكون الرئيسي لها هو الدقيق الأبيض، مما قد يؤدي إلى ارتفاع نسبة السكر في الدم، استبدل دقيق القمح الكامل، وقلل السكر، واستخدم الزيوت النباتية السائلة بدلاً من الزبدة أو السمن.



اللحوم المصنعة



الهوت دوج والسلامي ولحوم الغداء هي أسوأ أنواع اللحوم لقلبك، إذ تحتوي على كميات عالية من الملح ، ومعظمها غني بالدهون المشبعة عندما يتعلق الأمر باللحوم الباردة ، فإن الديك الرومي أفضل بالنسبة لك من السلامي لأنه لا يحتوي على الدهون المشبعة.



الأرز الأبيض والخبز و المعكرونات



يفتقد الأرز والخبز و المعكرونات والوجبات الخفيفة المصنوعة من الدقيق الأبيض إلى الألياف والفيتامينات والمعادن الصحية، تتحول الحبوب المكررة بسرعة إلى سكر، يخزنه جسمك على شكل دهون، يمكن أن يتسبب النظام الغذائي الغني بالحبوب المكررة في حدوث دهون في البطن، والتي تربطها الدراسات بأمراض القلب والسكري، حاول أن تحصل على نصف حباتك على الأقل من الحبوب الكاملة مثل الأرز البني والشوفان والقمح الكامل.



الزبدة



الزبدة غنية بالدهون المشبعة، والتي يمكن أن ترفع نسبة الكوليسترول الضار، وتزيد احتمالية الإصابة بأمراض القلب، من الأفضل أن تستبدل الزبدة بزيت الزيتون أو الزيت النباتي.







مع مرور الزمن و تناول كافة الأطعمة المتنوعة و خاصة الكميات الكبيرة من الأملاح و السكريات، مع مرور الوقت، قد يتعرض الجسم فيما بعد لزيادة خطر الإصابة بنوبة قلبية أو سكتة دماغية.",,331,0,1,undecided,Government & Official Statements
source_82,undecided,بن بوزيد: نعتمد على الأطباء الخواص من أبناء الجنوب لتغطية مختلف التخصصات في ولاياتهم — النهار أونلاين,"قال وزير الصحة والسكان واصلاح المستشفيات عبد الرحمن بن بوزيد أن مصالحه تعتمد على الاطباء الخواص من أبناء الجنوب والهضاب لتغطية مختلف التخصصات في تلك المناطق.

وأضاف الوزير في تصريح له اليوم خلال زيارة له لولاية الوادي أن مصالح دائرته الوزارية تركز على التخصصات المطلوية بدون المرور على المسابقة.

وأكد الوزير أن هذه الاجراءات جاءت وفقا لأوامر رئيس الجمهورية لانهاء الخدمة العمومية للأطباء مستقبلا

وبخصوص الأرقام المسجلة لفيروس كورونا في الجزائر قال بن بوزيد أنها تعتبر ج معقولة مقارنة بدول الجوار والدول الاوروبية خاصة الوفيات.

مضيفا أن هذه النتائج المسجلة ترجع بالأساس إلى قرار رئيس الجمهورية بغلق الأجواء والحدود.

وفي الأخير أكد وزير الصحة أنه سيتم تكوين الأطباء في منصة رقمية للعمل الاستباقي للحفاظ على المريض خاصة في امراض القلب تحديدا الاستشارة المختصة.",,123,1,2,not credible,Source-Specific Artifacts / Boilerplate
source_117,credible,قتيل وثلاثة جرحى في هجوم في جنوب شرق إيران,"أدى تفجير إلى سقوط قتيل وثلاثة جرحى يوم الأحد 21 مارس 2021 في محافظة سيستان بلوشستان الواقعة في جنوب شرق إيران، حسبما أعلنت وكالة الأنباء الإيرانية الرسمية (إرنا).

إعلان اقرأ المزيد

وقالت الوكالة أن ""الانفجار وقع في الساعة 09,30 (06,00 ت غ) من صباح اليوم (الأحد) ونفذته مجموعة إرهابية مرتبطة بالغطرسة العالمية في إحدى ساحات مدينة سراوان"" التي تبعد نحو خمسين كيلومترا عن الحدود الباكستانية. وأضافت أن التفجير ""أسفر عن مقتل شخص وإصابة ثلاثة مواطنين بينهم امرأة من المارة"".

ووقع الهجوم في اليوم الأول من العام الإيراني 1400 بعد نحو شهر من اشتباكات دامية في سيستان بلوشستان. ولا تزال الهجمات والاشتباكات بين قوات الأمن ومجموعات مسلحة تتكرر. وتحمل طهران جماعات جهادية أو انفصالية مسؤولية هذه الهجمات، وتتهم إسلام أباد أو الرياض في كثير من الأحيان بدعمها.

وذكرت وسائل إعلام حكومية إيرانية أن شخصين احدهما شرطي قتلا في سراوان أواخر شباط/فبراير في أعمال عنف مرتبطة بتجارة الوقود مع باكستان المجاورة. لكن مكتب المفوض السامي للأمم المتحدة لحقوق الإنسان ذكر في بداية آذار/مارس أن 12 قتيلا على الأقل بينهم قاصران سقطوا، واتهم القوات المسلحة بالإفراط في استخدام القوة، في انتهاك لـ ""قواعد الاشتباك"".

الرسالة الإخباريةأبرز الأحداث الدولية صباح كل يوم اشترك",,189,0,2,not credible,Source-Specific Artifacts / Boilerplate
source_86,credible,النيابة عن زيارة رئيس الوزراء: تعبر عن عظيم التعاون بين الحكومة والسلطة القضائية,"النائب العام: استقلالية النيابة لا تعني عزلتها عن سائر المؤسسات والسلطات

أعلنت النيابة العامة أن المستشار النائب العام، استقبل اليوم، رئيس مجلس الوزراء الدكتور مصطفى مدبولي بمقرِّ مكتب النائب العام بحضور المستشار عمر مروان وزير العدل، والدكتور عمرو طلعت وزير الاتصالات وتكنولوجيا المعلومات، والمستشار علاء الدين فؤاد وزير شئون المجالس النيابية.

وذكرت النيابة أن الزيارة تنمُّ عن عظيم التعاون بين حكومة الدولة المصرية والسلطة القضائية؛ إعلاءً لسيادة القانون وتحقيقًا للعدالة والمساواة.

وأضافت أن الزيارة بدأت بجولة تفقدية بالمبنى تسلَّم في عقبها رئيس مجلس الوزراء من المستشار النائب العام درعَ النيابة العامة، ووقَّع سيادته في السجل التاريخيِّ لها،

وقُدِّم عرضٌ تقديميٌّ بقاعة المستشار الشهيد هشام بركات النائب العام الأسبق تضمن أعمالًا نفذتها النيابة العامة بمجال التحول الرقمي، وأخرى ستضطلع بتنفيذها مستقبلًا، موضحة تخلل العرض إذن المستشار النائب العام بتشغيل أربعة مكاتب جديدة لتقديم خدمات نيابة شئون مصر بمجمع محاكم شبرا ومدينة نصر والمحلة والمنصورة.

وتابعت أن المستشار النائب العام ألقى كلمةَ ترحيب برئيس مجلس الوزراء والوزراء الحضور، أعرب فيها عن امتنانه لتشريفهم مقر مكتب النائب العام في لقاءٍ فريدٍ بين سلطتين أصيلتين من سلطات الدولة المصرية.

وأوضحت النيابة أن النائب العام أشار في كلمته إلى أنه مع تمتُّع النيابة العامة باستقلاليتها إلا أنها جزءٌ أصيل من كيان هذه الدولة العريقة، وأن استقلاليتها لا تعني عزلتها عن سائر المؤسسات والسلطات، بل هي جزء من البنيان والكيان مستقلة في القرار والقضاء تحقيقًا لمباديء العدل والمساواة، باعتبار ذلك أبرز سمات العمل القضائي المصري.

وأكد النائب العام اهتمامه منذ توليه المسئولية بتصحيح مفاهيم خاطئة اختلطت على البعض سواءٌ في أسلوبِ عملِ النيابةِ العامةِ وطابَعِهِ، أو في المعنى الحقيقيِّ لاستقلاليتِهَا، وأن النيابة العامة لا تهدُفُ من أعمالِهَا وقراراتها إلى مجردِ التحقيقِ والتصرفِ في القضايا الجنائيةِ، أو مباشرةِ الأعمالِ القانونيةِ والقضائيةِ، بل إنَّها تُسهِمُ من خلالِ اختصاصاتِها فيما يخدُمُ صالحَ هذا المجتمعِ وييُسرُ من شُئونِهِ، مشيرًا إلى أمثلة لذلك، كالقراراتِ التي اتخذتْها النيابة لتسهيلِ إجراءاتِ تنفيذِ الأحكامِ على المتهمينَ الوافدينَ في غيرِ المحالِّ الصادرةِ فيها، وما تقدِّمه من خِدْماتٍ في مجالات مختلفة، وما ترمي إليه في بعض قراراتها وإجراءاتها من أبعاد أمنية واقتصادية وتشريعية.

كما أكد أنَّ ملف التحول الرقمي من أهم الملفات التي اهتمت بها النيابة العامة خلال الفترة الأخيرة، وسارت فيه على عدة محاور ابتدأتها بإنشاء إدارة التحول الرقمي، ثم هيَّأت البنية الأساسية والمنشآت واللوجيستيات التقنية اللازمة، وعملت على تغيير ثقافة أعضاء وموظفي النيابة والمتعاملين معها والمتقاضين من استبدال التعاملات الورقية بالوسائل الرقمية، مما حدَّ من مظاهر الفساد ويسَّر على المواطنين، وساهم أيضًا في الحفاظ على الصحة العامة في ظل ما تتخذه الدولة المصرية من إجراءات لمكافحة فيروس كورونا المستجد، في إطار تعاون حثيث مع مختلف الوزارات والمؤسسات.

وأشار النائب العام إلى انتهاج النيابة العامة أسلوبًا علميًّا في هذا الملف باستعانتها بخبير رقمي لتقديم الاستشارات الفنية الرقمية في هذا المجال، لافتا إلى عناية النيابة بما تقدم من خدمات رقمية في شئون الأسرة والمرأة المصرية والطفل، وتخصيصها مكاتب رقمية بأحدث وسائل التقنية لتلك الخدمات، وإنشائها إدارة متخصصة بكافة شئون الطفل، فضلًا عن إنشاء إدارة البيان والتوجيه والتواصل الاجتماعي لتبديد الشائعات والتواصل الفعال مع المجتمع والمؤسسات توجيهًا وتنبيهًا وبيانًا وإعلامًا عبر القنوات التقنية الحديثة ووسائل التواصل الاجتماعي المختلفة.

كما أكد أنَّ النيابة العامة كانتْ ولا تزالُ وستظَلُّ صرحًا شامخًا وملاذًا آمنًا لكلِّ مصريٍّ، أُنشيءَ منذ بدايته من قلب ووجدان هذا المجتمعِ ليمثله، ويرعى شئونه وحقوقه، ويعلمه بواجباته والتزاماته، باعتبارها جزءًا أصيلًا من بنيان هذه الدولة المصرية العريقة، لا ينفكُّ أو ينفصلُ عنها بدعاوى الاستقلالية الانعزالية، بل هي شريان أساسيٌّ في جسد هذه الأمة، وبرزخًا بين سلطاتها، ينبض بالعدالةِ الجنائية والاجتماعية والمساواة بين الناس.

وذكرت النيابة في بيانها أن رئيس مجلس الوزراء ألقى كلمةً رحَّب خلالها بزيارته مقر مكتب النائب العام، وأكد تنفيذَ الدولة المصرية إستراتيجية لبناء مصر الرقمية واهتمامها بملف التحول الرقمي، مشيرًا إلى أن تلك الزيارة تعكس روح التعاون بين الحكومة المصرية والنيابة العامة وسائر السلطة القضائية بما يؤكد تكاتف جميع مؤسسات الدولة سعيًا لرفعة شأن مصر وتقدمها.

وأضاف أنَّ الدولة تكثّف الجهود في خطة التحول إلى مجتمع رقمي لتوفير أحدث الخدمات للمواطنين بأساليب بسيطة وميسرة في مختلف القطاعات، واضطلاع مجلس الوزراء بالتنسيق بين الجهات المنفذة لمنظومة التحول الرقمي لإنفاذ القانون؛ لتذليل العقبات، ومتابعة التنفيذ في أعمال البنية التحتية، وخطوط الربط داخل كل جهة والوحدات التابعة لها للمرحلتين الأولى والثانية، ويعمل على وضع خطة بالتنسيق بين وزارة التخطيط والجهات المعنية لتنفيذ المرحلتين الثالثة والرابعة؛ وذلك انطلاقاً من الإيمان بضرورة العناية بالتنسيق بين الجهات المعنية لسرعة الانتهاء من تنفيذ مراحل المنظومة المختلفة لإرساء مبادئ العدالة الناجزة .

كما أكد أهميةَ مُضي النيابة العامة قدمًا فيما تنفذه من أعمال في مجال التحول الرقمي، بالتعاون مع الوزارات المختلفة والجهات المعنية، باعتبار أنها حلقة الوصل بينهم، وإحدى أهم الجهات المتعاملة مع جمهور المواطنين في كثير من الإجراءات القانونية التي تباشرها دوريًا بمختلف المجالات، خلاف إنجاز القضايا الجنائية ومباشرة الأعمال القضائية، بما يسهم مباشرة في تحقيق مبادئ العدالة الناجزة المنشودة.

وأشار رئيس مجلس الوزراء إلى أن هذه الزيارة تأتي ترجمةً للجهود المبذولة بين النيابة العامة ومختلف الوزارات والقطاعات بالحكومة المصرية لتحويل منظومة التقاضي رقميًّا، بهدف التيسير على المواطنين، وتحقيق عدالة ناجزة لإعلاء سيادة الدستور والقانون.

واختتم كلمته بتأكيد استقلالية القضاء المصري، وارتباطه بأوصال تعاون وثيقة بالسلطة التنفيذية؛ لتطوير منظومة العدالة، وكفالة وصون استقلال القضاء على نحو كامل.",,816,0,1,undecided,Government & Official Statements
source_47,credible,أزمة مسلسل الملك.. كندة علوش تدافع عن زوجها,"مرصد مينا – دراما وسينما

دشّنت مجموعة كبيرة من نجوم مصر في الساعات الأخيرة، على مواقع التواصل الاجتماعي “هاشتاغ” بعنوان ” نتفرج بعدها نحكم” للمطالبة بعرض مسلسل “الملك” للنجم عمرو يوسف، زوج الممثلة السورية، كندا علوش،، بعد قرار إيقاف تصويره.

وكانت النجمة دينا الشربيني من أولى النجمات اللواتي شاركن المنشور مع الهاشتاغ، مع بيان موحّد قصير كُتب فيه: “إحنا بنعمل فن عشان نحكي حواديت عشان نسعد الناس ونسليهم ونخليهم يفكروا.. ما تحكمش على الجواب من عنوانه، من حقك تقرا الجواب كله وساعتها تحكم”.

وأضافت: “ولو السوشيال ميديا تحولت لمحكمة فنية من حقها تمنع عرض أو توقف عمل ما نعرفش بكرة هتحكم بإيه وممكن تظلم مين؟ من حقنا نحلم من حقنا نتخيل من حقنا نغلط من حقك تشوفنا حتى لو هتنتقدنا، ومن حقك برضه ما تتفرجش بس مطلب المنع خسارة وقطع عيش وظلم وأي فنان بينافس بشرف وأخلاق سيدعم زميله، وإحنا بندعم زمايلنا الشرفاء”.

وحرص عدد كبير من النجوم على مشاركة الصورة والبيان عبر صفحاتهم، ومن بينهم كندة علوش التي دافعت عن جهود زوجها وحرصت على إغلاق التعليقات على المنشور.

يُذكر أن مسلسل “الملك” قصة نجيب محفوظ، سيناريو وحوار خالد دياب وشيرين دياب، إخراج حسين المنباوي، موسيقى خالد حماد، وبطولة: عمرو يوسف، صبا مبارك، ريم مصطفى وماجد المصري.

وفي سياق متصل علقت كندة علوش، هاجمت كندة ما صرح به الفنان محمد رمضان باستعداده لتجسيد كاركتر أحمد بفيلم سينمائي قائلة عبر حسابها الخاص على موقع “تويتر”: “إما أن تكون كاره أو محب لامكان بين الاثنين، كاره لنفسك كاره للناس، كاره للغير وللخير وللحب والنجاح، كاره للإختلاف، يظهر هذا الكره في كلامك وسلوكك وغضبك وفي كل نفس تأخذه، أو ان تكون محب للناس والخالق محب لنفسك ولما منحك الله من نعم راضي بما ليس يديك ساعي لايجاد السعادة في أبسط الأمور. «،ورد عليها أحد من جمهورها وكتب تقصدي محمد رمضان.؟",,287,0,1,undecided,Sports News
source_47,credible,“لا للارهاب”.. الاحتجاجات تصل إلى مكتب “الغنوشي”,"مرصد مينا – تونس

وصلت الاحتجاجات اليوم الثلاثاء، إلى مكتب زعيم حركة النهضة ورئيس البرلمان التونسي، “راشد الغنوشي”، اذ هتف المتظاهرون بشعارات مناهضة له ولأنصاره.

رئيسة الحزب الدستوري الحر، “عبير موسي”، ونواب احتجوا أمام مكتب “الغنوشي”، تحت شعار “لا للإرهاب بمجلس النواب”، محملين حركة النهضة مسؤولية العنف الذي تعرضوا له خلال فض اعتصامهم أمام مقر الاتحاد العالمي للعلماء المسلمين فرع تونس.

وكانت “موسي” قد خاضت منذ شهر نوفمبر/تشرين الثاني اعتصاما مفتوحا أمام مقر الاتحاد الذي يرأسه الإرهابي يوسف القرضاوي؛ للمطالبة بوقف نشاطه وفتح الحسابات البنكية للتنظيم وعلاقته بالإرهاب.

إلى جانب ذلك، أكدت البرلمانية التونسية أن “النهضة تتحمل مسؤولية الضرب والتعنيف والتهجم الجسدي واللفظي الذي نفذه الأمن ومساندو ونواب حزبي ائتلاف الكرامة والنهضة ضدهم وضد الصحفيين ليلة فض الاعتصام”. معتبرة أن ” استمرار نشاط الاتحاد العالمي لعلماء المسلمين في تونس هو فضيحة تتحملها حكومة هشام المشيشي”.

وأعلنت رئيسة الحزب الدستوري الحر أن ستنظم في 20 مارس/آذار الجاري، تاريخ إحياء ذكرى الاستقلال التونسي من المحتل الفرنسي، مسيرة ضخمة في محافظة صفاقس للتنديد بممارسات الأخطبوط الإخواني. لافتة إلى أن “فض اعتصام الدستوري الحر بالقوة الأمنية يمسّ من الحق في التعبير والاحتجاج”.

يذكر أن تونس تعيش منذ أسابيع أزمة سياسية، نتيجة التعديلات الحكومية التي أجراها رئيس الوزراء، “هشام المشيشي”، على حكومته، بإدخال 11 وزير جديد، وهو ما رفضه الرئيس سعيد، مشدداً على انه لن يوجه دعوات للوزراء الجدد لتأدية القسم الدستوري، لا سيما وأن عدداً منهم تطارده شبهات فساد.",,225,0,1,undecided,Government & Official Statements
source_47,credible,سراً.. محكمة أمن الدولة تعقد ثالث جلساتها في قضية “الأمير حمزة”,"مرصد مينا – الأردن

تقعد محكمة أمن الدولة الأردنية اليوم الأحد، ثالث جلسات التحقيق في “قضية الفتنة”، اذ عقدت الجلسة الثانية لمحاكمة المتهمين “باسم عوض الله”والشريف “عبدالرحمن حسن”، قبل 5 أيام، بشكل سري.

وسائل الاعلام أكدت أن “قرار عقد المحكمة بشكل سري يرتبط بوقائع الدعوى وتعلقها بأمن وأسرار الدولة الأردنية، وحفاظا على النظام العام”.

واستمعت المحكمة في جلستها الأولى التي عقدتها قبل أسبوع، إلى 5 شهود نيابة عامة، اثنان منهما حضوريا والثلاثة الآخرون تليت شهاداتهم أثناء الجلسة في القضية.

كما صادق النائب العام لمحكمة أمن الدولة العميد القاضي العسكري ؛حازم عبدالسلام المجالي،” على قرار الظن الصادر عن مدعي عام محكمة أمن الدولة في القضية المتعلقة بالمشتكى عليهما كل من باسم عوض الله والشريف “عبدالرحمن حسن”، واسندت إليهما تهمة التحريض على مناهضة نظام الحكم السياسي القائم في المملكة وتهمة حيازة مادة مخدرة بقصد تعاطيها وتعاطي المواد المخدرة.

وتثبت لائحة اتهام قضـية “الفتنة”، بالأدلة وجود ارتباط وثيق يجمع الأمير حمزة بن الحسين مع المتهمين عوض الله والشريف حسن، بحسب قناة المملكة الأردنية.

يذكر أ حيثيات القضية تعود إلى 3 أبريل/نيسان 2021، اذ أكد مصدر أمني أنه بعد متابعة أمنية حثيثة تمّ اعتقال المواطنين الأردنيين: الشريف حسن بن زيد، وباسم عوض الله، وآخرين لأسبابٍ أمنيّة.

وتباشر منذ أبريل/نيسان الماضي، محكمة أمن الدولة التي تنظر في قضايا التجسس والإرهاب والخيانة والمخدرات وتزييف العملة، التحقيق مع الموقوفين فيما عُرف بقضية “الفتنة” في الأردن.

يشار إلى أن الأردن شهدت في الثالث من شهر أبريل/نيسان الماضي، ثلاثة أيام “أزمة” شغلت الداخل والخارج، على إثر تطورات غير مسبوقة؛ في ظل الحديث عن مؤامرة تستهدف أمن واستقرار البلاد تورط فيها الأمير حمزة بن الحسين، واعتقل نتيجة لها الشريف حسن بن زيد وباسم عوض الله وآخرون.",,266,0,1,undecided,Crime & Accidents
source_1,credible,رسميا: إنتر ميلان يعلن تعيين سيموني إنزاغي مدربا جديدا للفريق,"أعلن فريق إنتر ميلان الإيطالي، صباح اليوم الخميس، عبر حسابه الرسمي، تعيين سيموني إنزاغي مدربا جديدا للفريق، خلفا للمدرب انطونيو كونتي، والذي رحل عن الفريق بعد تحقيق لقب الدوري الإيطالي.

وأضاف بطل إيطاليا أن عقد المدرب الجديد سيمتد لسنتين، إلى غاية موسم 2023، ووضع شرط الاحتفاظ بالمهاجم لوكاكو لكي يشرف على العارضة الفنية للفريق.

يذكر أن الانفصال عن المدرب أنطونيو كونتي جاء بسبب اختلاف مع الادارة حول مستقبل النادي، حيث تطمح هذه الأخيرة لبيع بعض نجوم الفريق، يتقدمهم أشرف حكيمي وهو ما رفضه المدرب المستقيل.",,85,0,2,not credible,Government & Official Statements
source_46,not credible,إصابة نجل علي كرتي في حادثة دهس غامضة بالخرطوم — صحيفة متاريس الإلكترونية,"الخرطوم: أميمة محمود

كشفت مصادر مقربة من عائلة الأمين العام للحركة الإسلامية علي كرتي إصابة نجله اسامة في حادثة دهس بسيارة.

وقالت المصادر لـ(متاريس) إن أسامة بخير بعد إصابته بكسر في القدم إثر دهسه بسيارة فر سائقها إلى جهة غير معلومة.

وأوضحت المصادر أن الحادثة كانت بعد يوم طويل قضاه أسامة متنقلا بسيارته في عدة مناطق بالخرطوم.

وشككت المصادر في ملابسات الحادث لجهة أن نجل كرتي كان مراقباً من جهات مجهولة بسبب ظنهم أنه حلقة وصل مع والده.",,78,2,1,undecided,Health & COVID-19
source_82,undecided,شبيبة القبائل تخطف فوزا مثيرا ضد أولمبي المدية — النهار أونلاين,"خطفت أمسية اليوم الجمعة تشكيلة شبيبة القبائل فوزا مثيرا ضد الضيف أولمبي المدية في الرابطة الوطنية المحترفة الأولى.

المواجهة التي تدخل لحساب الجولة ال16 انتهت بفوز الكناري بهدفين لهدف وحيد بملعب 01 نوفمبر 1954 بتيزي وزو.

رزقي حمرون تقدم للفريق القبائلي في الدقيقة ال38 قبل أن يُعدل رياض كنيش للوام في الدقيقة ال78.

وبينما كانت تلفظ المُباراة آخر انفاسها أضاف عزيز بن عبدي الهدف الثاني للجياسكا في الدقيقة ال91.",,69,1,2,not credible,Source-Specific Artifacts / Boilerplate
source_8,not credible,كورونا نشْفت الريق,السدود تشكو العطش،هذا ما يحدث ويبدو أننا مقبلون على عام للجفاف إذا لم تعمنا رحمة الله وينزل الغيث لعل السدود تعانق الماء من جديد،المدير العام للوكالة الوطنية للسدود والتحويلات يدق ناقوس الخطر بطريقته مؤكدا أن منسوب المياه في السدود قد انخفض وأكثر التصريحات التي أنزلت الماء للرُكب “ولا ندري من أين جاءنا الماء”؟؟ذلك النبأ الذي يتحدث عن احتمال مواجهة أزمة عطش في شهر رمضان والمفارقة أن العد التنازلي قد بدأ تحسبا لأطلالة الشهر الفضيل،ولم يسبق أن بشرنا مسؤولينا بوجود أزمة في الماء بحلول رمضان بل كل موالهم وأغانيهم عن الازمات المتعلقة بالمواد الغذائية الواسعة الاستهلاك. فبالله عليكم كيف يكون حال وواقع المواطن وهو يعيش تحت أنياب ومخالب أكثر من أزمة؟أزمة زيت وأزمة حليب،وأزمة لحم وأزمة خبز وأزمة نخالة وأزمة شعير!! تعالوا لنبشركم بالشمّاعة التي ابتدعها عباقرة التسيير،لقد اتهموا كورونا نعم كورونا متهمة بالتسبب في إحداث أزمة ماء وأزمة عطش على الأبواب وفي عز الصيام في الشهر الفضيل،لأننا استهلكنا الكثير من الماء حتى ذلك الذي كان يمسح على الحجر فقط حين يريد أن يأكل أجبرته كورونا على غسل يديه بنصف دلو من الماء.لا نشك أن المواطن قد استهلك واستعمل الماء بتبذير وهو متسبب في الازمة المعلن عنها،ولكن هذا لا يعطي مسؤولينا الحق في سرعة إيجاد شمّاعة لتعليق فشلهم فما كنا لنخاف من الجفاف حتى لو قلّ المطر،لو كانت هناك سدود بمقاييس عالمية،وأزيدكم من البيت شعرا هناك سدود مهملة ومنذ سنوات ولا أحد يريد أن يلتفت إليها وهي على وشك أن تردمها الاتربة والنفايات.,,232,2,0,credible,Health & COVID-19
source_53,not credible,لماذا حرم الإسلام التبني وأباح كفالة اليتيم؟ معلومات لا يعرفها الكثير,"Adver1

كفالة اليتيم .. من الأمور التي حث عليها الشرع، وجعل الله سبحانه وتعالى الجنة جزاء العطف على اليتيم وجبر خاطره، وفِي الحديث: «اليتيم إذا بكى اهتز له العرش.. فيقول الله عز وجل: من أبكى اليتيم الذي …

المصدر أخبار البلد",,41,2,1,undecided,General/Other Ambiguous Context
source_82,undecided,بوقدوم: إنشاء شبكة تفاعلية للمكلفين بالشؤون الاقتصادية والتجارية لدى بعثاتنا الدبلوماسية والقنصلية حول العالم — النهار أونلاين,"أعلن وزير الخارجية، صبري بوقدوم، عن إنشاء مكتب إعلامي بالوزارة يتكفل باستقبال المتعاملين والمصدرين الجزائريين لتسهيل عملياتهم وتزويدهم بالمعلومات المفيدة.

يأتي هذا في إطار إطلاق جملة من الاجراءات التي من شأنها تعزيز الدبلوماسية الاقتصادية لبلادنا.

كما أعلن عن تعزيز مديرية ترقية ودعم المبادلات الاقتصادية كهيكل مركزي ومحوري للدبلوماسية الاقتصادية.

وإنشاء شبكة تفاعلية للمكلفين بالشؤون الاقتصادية والتجارية لدى بعثاتنا الدبلوماسية والقنصلية حول العالم.

كما كشف وزير الخارجية عن إنشاء بوابة للدبلوماسية الاقتصادية على موقع الوزارة

وإطلاق برنامج تكوين خاص حول الدبلوماسية الاقتصادية لفائدة الدبلوماسيين المعنيين بالحركة السنوية، وسيتم تمديده في المستقبل ليشمل جميع الدبلوماسيين بالوزارة.

ودعا بوقدوم رؤساء ممثلياتنا الدبلوماسية والقنصلية بالخارج لمضاعفة مجهوداتهم وإعداد تقارير دورية حول الاجراءات المتخذة في بلدان الاعتماد.

وهذا قصد الترويج لمنتجاتنا الوطنية وجذب الاستثمارات الأجنبية. وهذا سيمكن الإدارة المركزية من المتابعة والتقييم الفعلي لأدائهم في هذا المجال.

وتهدف هذه التدابير في الأساس إلى العمل سويا وبالتكامل والتنسيق مع هيئات ومؤسسات الدولة المكلفة بجميع الجوانب.

والاصغاء والبقاء في خدمة متعاملينا الاقتصاديين في مجال توفير المعلومات والدعم والمرافقة في كل ما يتعلق بالجوانب الخارجية لمساعيهم.

وأفاد أن الجهاز الدبلوماسي حلقة واحدة في سلسلة، يتعين فيها على العديد من المتدخلين التعاون والعمل لمواجهة التحديات وتحقيق الأهداف.

وأكد أن المهمة الجماعية تتطلب التنسيق والفعالية، والالتزام بتحقيق النتائج لكسب معركة بناء اقتصاد قوي ومتنوع ومندمج في الاقتصاد العالمي.

وششد الوزير على ضرورة تطوير الشبكة المصرفية وخاصة إنشاء فروع في أوروبا وإفريقيا لدعم المتعاملين الاقتصاديين.

بالاضافة الى زيادة العروض الخاصة بالشحن الجوي والبحري والنقل البري في منطقة الساحل والصحراء وغرب إفريقيا.

وكذا فتح نقاط حدودية جديدة مع جيراننا لتطوير التجارة البينية؛ وتنظيم معارض للإنتاج الوطني بصفة دورية في دول المنطقة.

بالإضافة الى تنظيم أيام إعلامية خاصة في أوروبا وآسيا وأمريكا حول إمكانيات السوق الجزائرية وفرص الاستثمار.

وكذا تنظيم بعثات تجارية إلى الأسواق المستهدفة للرفع من حجم الصادرات خارج قطاع المحروقات وتعزيز مداخيلنا بالعملة الصعبة.",,293,1,2,not credible,Source-Specific Artifacts / Boilerplate
source_47,credible,بشروط.. السعودية ترفع حظر السفر عن مواطنيها,"مرصد مينا- السعودية

قررت المملكة العربية السعودية، اليوم الأحد، رفع حظر سفر المواطنين إلى خارج البلاد، اعتبارا من خامس أيام عيد الفطر، كما وضعت عدة شروط للمشمولين بالقرار، منها أن يكون المسافر قد تلقى على الأقل جرعة واحدة من لقاح كورونا.

وقال بيان رسمي إن المنافذ البحرية والبرية والجوية ستفتح بشكل كامل اعتبارا من 17 من شهر أيار\ مايو الجاري.

وحسب البيان، سيكون السفر متاحا في ذلك التاريخ للمواطنين الذين تلقوا جرعتي لقاح كوفيد 19 كاملتين، أو الذين تلقوا جرعة واحدة شريطة أن يكون قد مر 14 يوما على تطعيمهم بالجرعة الأولى.

وأضاف البيان أن المواطنين الذين تقل أعمارهم عن 18 عاما يشملهم القرار أيضا، شريطة أن يقدموا قبل السفر بوليصة تأمين معتمدة تغطي مخاطر كوفيد 19 خارج المملكة.

كما يشمل القرار المواطنين المتعافين من فيروس كورونا، شريطة أن يكونوا قد أمضوا أقل من ستة أشهر من إصابتهم بالفيروس، يمكنهم السفر في ذلك التاريخ.

يشار إلى أن السعودية سجلت منذ بدء الجائحة أكثر من 417 ألف إصابة بفيروس كورونا المستجد، بالإضافة إلى نحو 7000 وفاة جراء الإصابة بالعدوى، وفقا لمرصد جامعة “جونز هوبكنز”.

وكانت السلطات قد أعلنت، في شهر نيسان\ أبريل، أن مواعيد الجرعة الثانية من اللقاح تمت إعادة جدولتها من أجل منح الفرصة لمن يحصلوا على الجرعة الأولى.",,199,0,1,undecided,Source-Specific Artifacts / Boilerplate
source_27,not credible,وزارة التعليم والتكوين: “فتح ورشات لمناقشة القانون الأساسي الخاص بعمال القطاع”,"أمرت وزارة التعلیم والتكوين المھنیین، مديري التكوين المھني عبر الولايات بفتح ورشات لمناقشة القانون الأساسي الخاص بعمال التعلیم والتكوين المھنیین.

ووجھت وزارة التكوين والتعلیم المھنیین مراسلة إلى مديري التكوين والتعلیم المھنیین، أمرتھم بفتح ورشات لمناقشة القانون الأساسي الخاص بعمال التعلیم والتكوين المھنیین.

وأوضحت المراسلة انه في إطار تحديد النقائص المسجلة في القانون الأساسي الخاص بعمال قطاع التكوين والتعلیم المھنیین، المرسوم التنفيذي رقم 09 93 المؤرخ في 22 فیفري 2009 الذي يحدد القانون الأساسي بالعمال المنتمين للأسلاك الخاصة بقطاع التكوين والتعلیم المھنیین، يتعین فتح ورشات يشارك فیھا ممثلي كافة الأسلاك الخاصة بالقطاع والشريك الاجتماعي لدراسة وإثراء مواد ھذا القانون واقتراح التعديلات اللازمة، على أن تخصص لكل سلك جلسة خاصة به وتدون كل الاقتراحات في سجل خاص يتم وضعه لھذا الغرض.

وأمرت الوصاية بإرسال الاقتراحات على شكل جداول لتسھیل استغلالها.",,128,2,0,credible,Government & Official Statements
source_15,credible,ملبورن أرخص مدن أستراليا للسكن وكانبيرا هي الأغلى,"ملبورن – الناس نيوز :

وصلت إيجارات المنازل إلى مستويات قياسية في كل عاصمة في أستراليا باستثناء ملبورن وبيرث وداروين.

ولكن لأول مرة على الإطلاق، أصبحت ملبورن ثاني أكثر مدن أستراليا تكلفة لاستئجار منزل، على قدم

المساواة مع بيرث وخلف أديليد.

يمكن أن تصبح ملبورن المدينة الأكثر تكلفة في البلاد لاستئجار مسكن هذا العام، إذا استمرت الاتجاهات الحالية.

وأظهر التقرير ربع السنوي حول إيجارات البيوت الذي تصدره شركة Domain أن الأستراليين ما زالوا يتأقلمون جغرافيًا مع صدمة عمليات الإغلاق بسبب كوفيد.

لا يزال هناك تحول كبير في تفضيلات المنازل على الشقق، وضواحي المدن الخارجية على المدن، وبعض العواصم على غيرها، مما يؤثر على الإيجارات في جميع أنحاء البلاد في عام 2021.

وقال تقرير الربع الأول لعام 2021 إنه لأول مرة منذ خمس سنوات، سيكون استئجار منزل أو شقة في برزبن أكثر تكلفة منه في ملبورن.

وشهدت إيجارات المنازل أكبر زيادة سنوية لها منذ عام 2008. فهي الآن 440 دولارًا في الأسبوع، في المتوسط ، بزيادة 30 دولارًا عن العام الماضي.

وزادت إيجارات الشقق بـ 15 دولارًا في الأسبوع مقارنة بالعام الماضي، ووصلت إلى 400 دولار في الأسبوع.

وقالت نيكولا باول، كبير محللي الأبحاث في شركة دومين، “سيجد المستأجرون خيارات أقل [في الأشهر المقبلة]}}، مع تقلص مجموعة الإيجارات المتاحة بمقدار الثلث مقارنة بالعام الماضي، مما دفع معدل الوظائف الشاغرة في برزبن إلى أدنى مستوى له منذ عدة سنوات”.

وقالت الدكتورة باول إن كوينزلاند كانت دائمًا وجهة مفضلة للأشخاص الذين ينتقلون بين الولايات، ولكن قد يكون للوباء قرارات سريعة التتبع للانتقال.

وقالت: “يقرر المزيد من الأستراليين الانتقال إلى ولاية الشمس المشرقة، حيث بلغ العدد السنوي للسكان الذين ينتقلون من ولايات أخرى إلى كوينزلاند أعلى مستوى منذ عام 2006”.

ولكن لا تزال كانبيرا أغلى عاصمة لاستئجار منزل أو شقة في البلاد، بمعدل 600 دولار في الأسبوع للمنزل و500 دولار للشقة.

يتكلف استئجار منزل في كانبيرا 50 دولارًا أكثر من سيدني.

ويدرك أصحاب العقارات في كانبيرا ذلك أيضًا.

قالت الدكتورة باول: “كان المستأجرون يعملون في سوق لأصحاب العقارات لبعض الوقت وأصبح الملاك معتادين على المنافسة الشرسة لتأمين عقد إيجار”.

انخفض معدل الشغور أكثر في مارس إلى 0.7 في المئة، على غرار ظروف سوق الإيجارات المشددة التي شوهدت في عام 2018 عندما كانت أسعار الإيجارات ترتفع.

“سيجد المستأجرون مهمة تأمين عقد إيجار أكثر صعوبة، حيث يستمر العدد المقدر للإيجارات الشاغرة في الانخفاض.”

ملبورن أرخص مدينة في أستراليا

ظلت الظروف ضعيفة في سوق الإيجارات في ملبورن في ربع آذار مارس ، وفقًا لتقرير دومين.

وبلغت إيجارات المنازل 430 دولارًا في الأسبوع، بعد أن تراجعت 10 دولارات في الأسبوع عن أعلى مستوى سجلته في الربع الماضي.

ومع ذلك، فإن سوق تأجير المنازل ليس موحدًا. ارتفعت إيجارات المنازل لتسجل ارتفاعات قياسية في الشرق الخارجي والجنوب الشرقي وشبه جزيرة مورنينغتون.

وانخفضت إيجارات الوحدات بمقدار 10 دولارات أخرى خلال ربع آذار (مارس) إلى 375 دولارًا في الأسبوع، مما يمثل 12 شهرًا متتاليًا من انخفاض الإيجارات.

وعادت تكلفة استئجار الشقة في ملبورن الآن إلى مستويات 2015 بعد أكبر انخفاض سنوي منذ أن بدأت تسجيلات المجال في عام 2004.

وقالت الدكتورة باول: “للمرة الأولى على الإطلاق، أصبحت ملبورن ثاني أكثر المدن تكلفة لاستئجار منزل، مع بيرث وخلف أديليد”.",,496,0,2,not credible,Economics & Pricing
source_100,credible,تجدد المواجهات بعد اعتداء قوات الاحتلال على المصلين في الأقصى,"

وقالت مصادر مقدسية، إن قوات الاحتلال أطلقت الأعيرة المطاطية وقنابل الغاز على المصلين الخارجين من المسجد الأقصى.



من جانبها، قالت جمعية الهلال الأحمر الفلسطيني، إن طواقمها الطبية تعاملت مع عشر إصابات في محيط المسجد الأقصى، ولم تستطع نقلها إلى المستشفيات نظراً لإغلاق باب الأسباط ومنع الدخول أو الخروج منه.







رام الله - دنيا الوطنتجددت المواجهات في باحات المسجد الأقصى المبارك، فجر الأحد، بعد اعتداء قوات الاحتلال الإسرائيلي، على المصلين والشبان عند باب الأسباط.",,73,0,1,undecided,General/Other Ambiguous Context
source_34,not credible,مصر: مصرع 3 طهاة لإستنشاقهم بخار الماء أثناء نومهم,"شبكة عراق الخير:

لقي 3 مصريين يعملون بمهنة الطهي حتفهم إثر استنشاقهم بخار الماء أثناء نومهم داخل مقر عملهم

ما أدى إلى اختناقهم ووفاتهم على الفور بمحافظة الشرقية شمال العاصمة القاهرة.

وقالت وزارة الداخلية في بيان، اليوم السبت، إنها تلقت بلاغًا من مستشفى أبو حماد المركزي،

باستقبال ”م. م. ع“ 52 عامًا ربة منزل، و“ال. م. ال“ 45 عامًا عامل، و“و. م. م“ 37 عامًا عامل، مقيمين

جميعًا في قرية الجندية بدائرة مركز شرطة ديرب نجم، ومصابين باختناق، ونقلوا إلى مستشفى أبو حماد

المركزي، وتوفوا أثناء محاولة إسعافهم.

وأضافت الوزارة:“بالفحص تبين أن المتوفين يعملون في مهنة الطهي، وأثناء قيامهم بتجهيز طعام بمناسبة

افتتاح مسجد بقرية ميت ردين التابعة لمركز أبو حماد، غلبهم النعاس فناموا متناسين وجود مياه على

موقد الغاز، ما أدى الى اختناقهم نتيجة زيادة نسبة بخار الماء داخل الغرفة المغلقة أثناء النوم“.

وحُرّر محضر بالواقعة، وتم نقل الجثث إلى مستشفى الزقازيق العام، وبالعرض على النيابة العامة قررت

التصريح بدفنها عقب الانتهاء من الصفة التشريحية لبيان سبب الوفاة، وكلفت المباحث بسرعة عمل التحريات

حول الواقعة.",,166,2,1,undecided,Government & Official Statements
source_100,credible,مصرع 50 شخصا جراء الصقيع في الولايات المتحدة,"رابط مختصر:

رام الله - دنيا الوطن

ذكرت وسائل إعلام أمريكية أن ما يقرب من 50 شخصا لقوا مصرعهم جراء موجة البرد القاسية التي تضرب الولايات المتحدة حاليا.



ووفقا لصحيفة (واشنطن بوست) الأمريكية، لقي ما لا يقل عن 47 شخصا مصرعهم في البلاد منذ يوم الأحد، 30 منهم في ولاية تكساس، إلا أن الصحيفة نوهت بأن العدد الحقيقي للضحايا ""أعلى من دون أي شك"".



وفي وقت سابق تم الإبلاغ عن حوالي 37 حالة وفاة نتيجة الطقس البارد والثلجي الذي اجتاح الولايات المتحدة.



ولفتت الصحيفة إلى أن بعض الوفيات نجمت بسبب التسمم بأول أكسيد الكربون أثناء التدفئة والبعض الآخر من انخفاض حرارة الجسم أو بسبب الحوادث ومعظم الضحايا لم يتم التعرف عليهم بعد.



وتشهد الولايات المتحد موجة برد قاسية وأشدها في تكساس، إذ أسفر تساقط الثلوج في جنوب الولايات المتحدة عن انقطاع الكهرباء عن أكثر من 5 ملايين شخص، بينهم أكثر من 4.3 مليون في تكساس.",,145,0,1,undecided,Health & COVID-19
source_131,credible,الصورة الأولى لإيمي سمير غانم بعد شائعات ارتدائها الحجاب,"إيمي سمير غانم

انتشرت في الساعات الماضية شائعات حول ارتداء الممثلة الكوميدية إيمي سمير غانم الحجاب، بسبب صورة لها بالحجاب روج لها حساب مزيف على تويتر يحمل اسمها.

ويبدو أن إيمي سمير غانم أرادت الرد على هذه الشائعة بطريقة غير مباشرة بنشر صور لها عبر حسابها الرسمي على انستجرام، دون التعليق على الشائعة، ولكنها اكتفت أن تظهر بلا حجاب.



وكانت إيمي غابت عن جمهورها على مواقع التواصل الاجتماعي ولم تنشر أي صورة حديثة لها، وكانت آخر ما نشرته هو صورة لها مع الفنان الراحل عزت العلايلي وشقيقتها يوم 5 فبراير الماضي، تنعى فيها الفنان القدير الذي رحل عن عالمنا.

يشار إلى أن إيمي سمير غانم لم تشارك في أي عمل فني منذ 2019، بعدما عرض لها مسلسل ""سوبر ميرو"" في رمضان.",,121,0,2,not credible,Government & Official Statements
source_100,credible,الاحتلال يعتقل شابين بالقدس ويقتادهما للتحقيق,"رابط مختصر:

رام الله - دنيا الوطن

اعتقلت قوات الاحتلال الإسرائيلي، الليلة الماضية، شابين قرب الشارع الرئيسي من بلدة شعفاط بالقدس المحتلة.



وأكدت مصادر محلية، على أن قوات الاحتلال، اعتقلت سامي أبو خضير (21 عاماً)، وليث أبو خضير (20 عاماً)، واقتادتهما إلى مركز توقيف في مستوطنة (النبي يعقوب) للتحقيق معهما.",,50,0,1,undecided,Government & Official Statements
source_100,credible,دبلوماسي صيني بارز يجري محادثة هاتفية مع وزير الخارجية الأمريكي,"رابط مختصر:

رام الله - دنيا الوطن

أجرى الدبلوماسي الصيني البارز يانغ جيه تشي، اليوم (السبت) محادثة هاتفية مع وزير الخارجية الأمريكي أنتوني بلينكن.



وقال يانغ، عضو المكتب السياسي للجنة المركزية للحزب الشيوعي الصيني ومدير مكتب لجنة الشؤون الخارجية باللجنة المركزية للحزب الشيوعي الصيني، إن تنمية العلاقات الصينية-الأمريكية جلبت منافع كبيرة لشعبي البلدين، كما عززت السلام والازدهار على الصعيد العالمي.



ولفت إلى أن العلاقات الصينية-الأمريكية تقف حاليا عند لحظة مهمة، مضيفا أن الحكومة الصينية تنتهج سياسة مستقرة وثابتة تجاه الولايات المتحدة.



ونوّه يانغ إلى أن الصين تحث الولايات المتحدة على تصحيح أخطائها التي ارتكبتها خلال فترة من الزمن والعمل مع الصين لدعم روح عدم الصراع وعدم المواجهة والاحترام المتبادل والتعاون المربح للجانبين، والتركيز على التعاون وإدارة الخلافات، من أجل دفع التنمية الصحية والمستقرة للعلاقات الثنائية قدما.



وأكد الدبلوماسي الصيني أنه يتعين على الجانبين احترام المصالح الجوهرية لكل منهما وخياراتهما في النظام السياسي ومسار التنمية، وإدارة شؤونهما الداخلية بشكل جيد.



وقال إن الصين ستتبع بثبات طريقها للاشتراكية ذات الخصائص الصينية، ولن تتمكن أي قوى من إيقاف تحقيق تجديد شباب الأمة الصينية.



وأوضح يانغ أن قضية تايوان- وهي القضية الجوهرية الأكثر أهمية وحساسية في العلاقات الصينية-الأمريكية- تتعلق بسيادة الصين وسلامة أراضيها.



وأكد أنه يتعين على الولايات المتحدة الالتزام بصرامة بمبدأ صين واحدة وبالبيانات المشتركة الثلاثة بين الصين والولايات المتحدة، مضيفا أن الشؤون المتعلقة بهونغ كونغ وشينجيانغ والتبت كلها شؤون داخلية للصين ولا تسمح بتدخل أي قوى خارجية.



وأضاف يانغ أن أي محاولة للتشهير بالصين وتشويه سمعتها لن تنجح، وأن الصين ستواصل بقوة حماية سيادتها وأمنها ومصالحها التنموية.



وأشار إلى أنه يتعين على جميع دول العالم حماية النظام الدولي، وفي القلب منه الأمم المتحدة، والنظام الدولي القائم على القانون الدولي، والأعراف الأساسية للعلاقات الدولية بما يتماشى مع أهداف ميثاق الأمم المتحدة ومبادئه.



ولفت يانغ إلى أن هذا هو ما أجمع عليه المجتمع الدولي، وليس ما يسمى بالنظام الدولي القائم على القواعد والذي تدعمه بعض الدول.



وحث الولايات المتحدة على القيام بدور بنّاء في تعزيز السلام والاستقرار في منطقة آسيا-الباسيفيك، مؤكدا على موقف الصين بشأن الوضع الحالي في ميانمار، مشددا على أنه يتعين على المجتمع الدولي تهيئة بيئة خارجية مواتية للتسوية المناسبة لقضية ميانمار.



ومن جانبه، قال بلينكن إن العلاقات الأمريكية-الصينية مهمة للغاية لكلا البلدين والعالم، وإن الجانب الأمريكي على استعداد لتطوير علاقات ثنائية مستقرة وبنّاءة مع الصين.



وأكد بلينكن أن الجانب الأمريكي سيستمر في اتباع مبدأ صين واحدة والالتزام بالبيانات المشتركة الثلاثة بين الولايات المتحدة والصين، مشيرا إلى أن هذا موقف سياسي لم يتغير.



واتفق الجانبان على الحفاظ على الاتصال والتواصل بشأن العلاقات الثنائية والقضايا الدولية والإقليمية محل الاهتمام المشترك.",,407,0,1,undecided,Government & Official Statements
source_82,undecided,البروفيسور زيتوني: أزمة كورونا أثرت على التكفل بمرضى السرطان.. وارتفاع أعداد الإصابة والوفاة — النهار أونلاين,"أكد البروفيسور، مسعود زيتوني، منسق المخطط الوطني للسرطان، أن الأولوية لمرضى السرطان في تلقي اللقاح المضاد لكورونا لأن مناعتهم ضعيفة.

وصرح لاذاعة سطيف، أن أزمة كورونا أثرت سلبا على التكفل بمرضى السرطان حيث زادت أعداد الاصابة وحالات الوفاة.

ونصح البروفيسور، مسعود زيتوني باستشارة طبيب مختص في أمراض السرطان عند التلقيح.

وقال إنه خلال سنة 2020 سجلت الجزائر 60 ألف حالة اصابة جديدة و32 ألف حالة وفاة.

في سياق مغاير، كشف البروفسور أن كل الادوية المستعملة حاليا في علاج السرطان منتجة في الخارج .

وقال إن تكلفة علاج مريض واحد مصاب بالسرطان تكلف خزينة الدولة 30 ألف دولار شهريا .

وأضاف “لدينا كل الامكانات والكفاءات لإنتاج الادوية محليا لكن العملية تحتاج الى وقت”.

وأفاد أن مراكز مكافحة السرطان في الجزائر تنقصها الكفاءات المسيرة وليس الأجهزة.

وشدد على ضرورة وجب اعادة النظر في التسيير الكامل لمراكز مكافحة السرطان.",,136,1,0,credible,Source-Specific Artifacts / Boilerplate
source_82,undecided,أقدم اليوم الأربعاء، المواطنون القاطنون على مستوى منطقتي الظل ملكة وأولاد سليمان على الاحتجاج وقطع الطريق.,"أقدم اليوم الأربعاء، المواطنون القاطنون على مستوى منطقتي الظل ملكة وأولاد سليمان على الاحتجاج وقطع الطريق.

وطالب المواطنون، بتدخل السلطات المحلية والولائية بغرض برمجة عمليات لفك العزلة عن هاتين المنطقتين النائيتين.

وحسب تصريحات بعض المواطنين المحتجين للنهار أونلاين، فإن ما يقارب 100 عائلة تعيش في ظروف لا تطاق جراء اهتراء الطريق.

إلى جانب إفتقار عشرات العائلات لشبكة الصرف الصحي.

وجعلت الحالة من المواطنين في هذه الحالة التي يعتمدون على المطامير لتصريف المياه القذرة.

مشيرين إلى الوضعية الكارثية التي توجد عليها المطامير التي تحولت إلى مصدر للروائح الكريهة ومستنقعا لتكاثر الحشرات السامة.

واستغرب هؤلاء المواطنون الصمت الذي لاتزال تلزمه خسبهم السلطات المحلية التي إكتفت بالوعود دون أن تتحرك في إتجاه التكفل بإنشغالاتهم.",,111,1,2,not credible,General/Other Ambiguous Context
source_100,credible,إحذر.. حشرات تعيش في مسام جلدنا وتضع بيضها في وجوهنا,"

وبمجرد وصول عث الوجه على بشرتك، فإن الشيء الوحيد الذي يستمتعون به هو ممارسة الجنس في جميع أنحاء وجهك، وبعد ذلك، تحفر الإناث بعمق في مسام الجلد حيث تضع بيضها.



وينتهي المطاف بالبيض في مكان من مكانين اعتمادا على نوع عث الوجه، والنوع الأول، المسمى Demodex folliculorum، يضع بيضه في بصيلات الشعر، بينما يفضل الثاني التعشيش في الغدد الدهنية، وفي أقل من أسبوعين، يفقس الصغار وتتزاوج وتضع بيضها وتموت تاركة وراءها كومة من الجثث المتحللة.



وحتى بعد غسل الوجه لن تقضي عليها جميعا، وحتى لو عالجتها بالمضادات الحيوية، فسوف تعود في غضون 6 أسابيع تقريبا، وستلتقطها من المناشف والوسائد.



ورغم أن كل هذا يبدو مرعبا، لكن عث الوجه، عادة، غير ضار، ويصبح مشكلة فقط عندما يتكاثر خارج نطاق السيطرة، ويمكن أن يحدث هذا عند ذوي الضعف في جهاز المناعة، وقد لوحظ أيضا في الأشخاص الذين يعانون من حالة جلدية مؤلمة تسمى الوردية.



وعادة، سيكون لديك نحو 1 أو 2 من العث لكل سنتيمتر مربع من الجلد، ولكن وجدت إحدى الدراسات أن المصابين بالوردية لديهم 10 أضعاف الكمية الطبيعية.



وفي بعض الحالات، يمكن أن يكون عث الوجه مفيدا، حيث يمكن للباحثين دراسة عث الوجه للتعرف على أسلافنا، وبمقارنة الحمض النووي الخاص بهم، يمكن للعلماء تتبع كيف هاجرت مجموعات مختلفة من البشر في جميع أنحاء العالم.















تتواجد مئات الآلاف من الكائنات الصغيرة الشبيهة بالعناكب، في هذه اللحظة، بأعماق مسام وجوهنا، حيث تضع هناك بيضة واحدة ضخمة.وتعرف هذه الكائنات الدقيقة باسم ""عث الوجه""، وهي أصغر من حبة الرمل، وتملك ثمانية أرجل بشكل يشبه العناكب، وتتغذى على الزيت وخلايا الجلد الميتة، خاصة على الأنف الدهني، والوجنتين، وفق (روسيا اليوم).ويعتقد العلماء أن عث الوجه عاش في بشرتنا منذ فجر البشرية، منذ أكثر من 200 ألف عام، واليوم، تشير الدراسات عمليا إلى أن كل شخص بالغ على هذا الكوكب لديه الآلاف منها، والاحتمالات أنك تعيش معها طوال حياتك، حيث يحصل الأطفال عليها بسرعة من والديهم بعد أيام قليلة من الولادة",,304,0,2,not credible,General/Other Ambiguous Context
source_53,not credible,عززي ثقة طفلك بنفسه بهذه الخطوات,"Adver1

شخصية الأبناء تنمو منذ الصغر، وهى ترتبط ارتباط وثيق بمعاملة الوالدين للطفل منذ ولادته وحتى الكبر، إما أن يكبربشخصية قوية أو شخصية مهزوزة.

المصدر: فيتو",,26,2,1,undecided,General/Other Ambiguous Context
source_134,credible,انس جابر تكسب أوّل مبارياتها في دورة دبي المفتوحة,"حققت نجمة التنس التونسي أنس جابر أوّل انتصارتها في دورة دبي المفتوحة اليوم الأحد 7 مارس 2021، بالفوز على اللاعبة التشيكية ""كاترينا سيناكوفا"" المصنفة 68 عالميا في إطار الدور 32 من دورة دبي المفتوحة للتنس.

وتقدمت أنس جابر بنتيجة 2-0 ( 6-2 / 6-4 ) و بالتالي المرور للدور السادس عشر.",,51,0,2,not credible,Sports News
source_134,credible,هشام مشيشي يتخلّف عن دعوة لجنة الأمن والدفاع,"عبر رئيس لجنة الأمن والدفاع يسري الدالي في تصريح لموفدة موزاييك إلى البرلمان سيدة الهمامي اليوم الثلاثاء 20 أفريل 2021 عن استيائه واستياء أعضاء اللجنة من عدم استجابة وزير الداخلية بالنيابة هشام المشيشي للدعوة الموجهة إليه لحضور جلسة استماع أمام اللجنة والتطرق لعدة مواضيع منها موضوع التسجيل والتنصت .

واستغرب الدالي أيضا من عدم حضور مدير الأمن العمومي وآمر الحرس الوطني، موجها لهما نداء لضرورة الحضور بسبب تعدد المواضيع المتعلقة بالشأن الأمني.",,72,0,2,not credible,Government & Official Statements
source_1,credible,وزارة الصحة: سبعة ملايين و683 ألف شخص استفادوا من الجرعة الثانية من لقاح كورونا,"كشفت وزارة الصحة، اليوم الأربعاء، أنه عدد الملقحين بالجرعة الأولى من اللقاح المضاد لفيروس كورونا وصل تسعة ملايين و369 ألف و489 شخصا منذ إطلاق الحملة الوطنية للتلقيح في 28 يناير المنصرم.

وأوضحت الوزارة في النشرة اليومية، أنه مجموع الملقحين بالجرعة الثانية من اللقاح بلغ سبعة ملايين و683 ألفا و878 شخصا.",,50,0,2,not credible,Government & Official Statements
source_55,credible,شركة المياه الوطنية: خدمة جديدة للتنبيه بزيادة الإستهلاك قبل إصدار الفاتورة,"صحيفة وصف :أعلنت شركة المياه الوطنية اليوم الخميس عن خدمة جديدة لتنبيه المستفيدين بإرتفاع الإستهلاك قبل صدور الفاتورة .

وأكدت شركة المياه الوطنية أن الخدمة مقدمة للجميع ، حيث تصل رسالة تنبيهية مباشرةً في حين ارتفع معدل الإستهلاك .

وتهدف الرسالة لتنبيه المواطنين حال وجود خلل بالشبكة الداخلية للعقار على سبيل المثال تجنباً لزيادة مبلغ الفاتورة .",,57,0,1,undecided,General/Other Ambiguous Context
source_86,credible,السيسي: حادث قطار سوهاج آلمنا ووجعنا.. وبعد التطوير اسألني مساءلة سياسية وفنية,"علق الرئيس عبدالفتاح السيسي، على حادث تصاد قطاري سوهاج، قائلًا: «آلمتنا ووجعتنا جميعًا».

وأضاف السيسي، خلال مؤتمر صحفي، مساء الثلاثاء، أن حلول التعامل مع الحوادث المتكررة إما توقف السكك الحديد بشكل كامل أو نسبي أو استمرارها واحتمال الخسائر، معلقًا: «لا نستطيع تحمل خسائرها وبعد التطوير بشكل كامل اسألني مساءلة سياسية وفنية».

وأشار إلى أن البديل يتعلق باستخدام الأنظمة الحديثة القادرة على تأمين الحركة على السكة في ظل الظروف التي وصلت لها الآن، متابعًا: «متقدرش تقول للناس استحملونا سنة أو سنتين للتطوير، الأنظمة ستتسبب في تأخير عن المواطنين لكن لازم تستحملوا».",,90,0,1,undecided,Government & Official Statements
source_100,credible,الوزير سالم: نؤكد وقوفنا خلف قيادتنا بوجه اعتداءات الاحتلال على شعبنا ومقدساتنا,رام الله - دنيا الوطننظمت وزارة النقل والمواصلات صباح يوم الثلاثاء 25/5/2021 من امام مقر الوزارة وقفة تضامن وإسناد لمدينة القدس وحي الشيخ جراح وعلى كامل تراب الوطن ، بالشراكه مع قطاع النقل العام والذين لبوا النداء تأكيداً لتضامن كافة قطاعات أبناء شعبنا مع اهلنا في العاصمة القدس وحي الشيخ جراح ضد سياسات الإحتلال العنصرية الغاشمة والتهجير القصري وما يتعرضون له من انتهاكات متواصلة من قبل قوات الاحتلال .من جانبه استنكر وزير النقل والمواصلات عاصم سالم ما يتعرض له أهلنا في القدس وحي الشيخ جراح من إعتداءات تخالف القوانين الدولية وقرارات الأمم المتحدة، وأكد على وقوف أبناء شعبنا خلف قيادتنا السياسية ووحدة شعبنا الفلسطيني تحت مظلة منظمة التحرير الفلسطينية.كما شارك في هذه الوقفة محمود العالول نائب رئيس حركة فتح والذي نعى الشهداء الابرار الذين استبسلوا في سبيل الدفاع عن وطنهم واستنكر ما يقوم به قطعان المستوطنيين وأشاد بصمود المرابطين الابطال .ومن الجدير ذكره مشاركة موظفي وزارة النقل والمواصلات جنباً الى جنب مع نقابات النقل العام والعاملين بهذا القطاع مرددين هتافات الوحدة الوطنية والدعم للقدس وأهلها مثمنين صمودهم الأسطوري في وجه الظلم والطغيان.ومن جانبه أوضح الناطق الاعلامي لوزارة النقل والمواصلات موسى رحال أن ما يقوم به الإحتلال من ممارسات لاشرعية واستفزازيه في مدينه القدس وحي الشيخ جراح هو انتهاك لحقوق الفلسطينين وسنستمر بهذه الوقفات التضامنيه اسناداً لقيادتنا الحكيمة في دعمها للقدس، معربا عن إمتنانه لمشاركة نقابات النقل العام في هذه الفعالية.,,220,0,1,undecided,Government & Official Statements
source_82,undecided,سحيري لتلفزيون النهار.. لم أصرح لأي موقع الكتروني.. وما تم تداوله من كلام مجرد إشاعات — النهار أونلاين,"قال كاتب الدولة المكلف بالصناعة السينيماتوغرافية السابق، يوسف سحيري، إنّ ماتم تداوله من تصريحات منسوبة له بخصوص النظام والحراك هي مجرد إشاعات وأخبار مغلوطة.

وكذب سحيري في تصريح خص به تلفزيون “النهار” هذه التصريحات المنسوبة إليه، نافيا أن يكون تحدث إلى أي موقع إخباري بهذا الخصوص.

وأضاف كاتب الدولة السابق في تصريحه لـ”النهار”، “إن التصريحات قرأتها مثلي مثل رواد منصات التواصل الاجتماعي وهي تصريحات لم تصدر مني ولا علاقة لي بها”.",,71,1,0,credible,Source-Specific Artifacts / Boilerplate
source_95,credible,الاتحاد الأوروبي يفتح تحقيقا في الظروف المعيشية “المهينة” للعمال المغاربة المؤقتين في إسبانيا,"الدار / خاص

قررت المفوضية الأوروبية والبرلمان الأوروبي فتح تحقيق في الظروف المعيشية للعمال الزراعيين المؤقتين في “هويلفا” و”ألميريا”، وفقا لتصريح أدلى به توني فاليرو، المنسق الإقليمي لحزب اليسار الموحد في الأندلس، ظهر اليوم الثلاثاء، في تصريحات لقناة كانال سور.

وأوضح المسؤول الأوربي أن آلاف المهاجرين من المغرب ورومانيا ودول أخرى يعيشون في ظروف غير إنسانية خلال موسم الحصاد في المدينتين، على مرأى ومعرفة السلطات المحلية والإقليمية والمركزية”، مبرزا أن ” هذا يؤدي الى مواقف مستمرة من سوء المعاملة”، كما طالب فاليرو بتسوية أوضاع هؤلاء المهاجرين غير الشرعيين”.

هذا التحقيق الذي أجرته المفوضية الأوروبية والبرلمان الأوروبي هو نتيجة لمبادرة تم إطلاقها بشكل مشترك، في شهر نونبر 2020، من قبل القسم الإقليمي في Huelva de La Gauche Unified، وجمعية Mazagón متعددة الثقافات والمنظمة غير الحكومية Almería Acoge.

ويؤكد معدو العريضة أن “العمال المهاجرين يعيشون في مخيمات ريفية، بخدمات سيئة ويفتقرون إلى الحد الأدنى من الخدمات الأساسية أو المرافق الاجتماعية”، كما وجهوا دعوة الى الاتحاد الأوروبي إلى تقديم “استجابة فورية وحازمة للوضع الذي تجد فيه المعسكرات المؤقتة في مقاطعتي ألميريا وويلفا نفسها”.

كما أوضحوا أن “هذه المعسكرات المؤقتة للعمال المؤقتين، والتي غالبًا ما تكون غير موثقة، تتعرض أحيانًا للنيران. آخرها، النيران التي نشبت في 19 فبراير الماضي، ودمرت ثكنة تضم 800 شخص في هوليبا، كما شهدت المنطقة في يوليوز حريقين مماثلين”.",,209,0,1,undecided,General/Other Ambiguous Context
source_134,credible,رئيس لجنة مجابهة كورونا: حظر الجولان مهمّ ونحن متمسكون به,"شدد الهادي الوسلاتي رئيس اللجنة العلمية لمجابهة فيروس كورونا خلال استضافته في برنامج ميدي شو اليوم الأربعاء، على أن الوضع الوبائي ما يزال خطيرا وأن الأرقام ما تزال مرتفعة، قائلا ''على التونسيين أن يفهموا أن التساهل وإهمال التباعد وارتداء الكمامة ستكون انعكاساته خطيرة''.

في حين اعتبر الوسلاتي أن إجراءات التصدي لانتشار الفيروس في شهر رمضان كانت ناجعة إلى حد ما، رغم التجاوزات التي سجلت خاصة في عيد الفطر.

وعن التلاقيح والاقبال عليها، قال ضيف ميدي شو إن التونسيين فهموا رغم كل ما قيل في وسائل التواصل، أن مصلحتهم في التلقيح أكثر من عدمه.

وعن عودة المهرجانات الصيفية، أكد الوسلاتي عدم علم اللجنة بها وبالبروتوكالات التي سيتم اتخاذها، معتبرا أن من المبكر تقرير تنظيمها من عدمه. وقال ''سنرى الوضعية الوبائية.. إذا تواصلت العدوى في الانتشار فسيكون الاحتياط لازما..''.

وشدد الوسلاتي على ضرورة تواصل العمل باجراءات التوقي، مؤكدا أن حظر الجولان الليلي مهم رغم التجاوزات في تطبيقه، قائلا ''نحن كلجنة علمية متمسكون بهذا الاجراء... ولا يمكن التكهن بالوضعية مستقبلا''.





",,157,0,2,not credible,Government & Official Statements
source_55,credible,ثلاثة طالبات بصبيا تحصدن مراكز متقدمة في مسابقة الأمير سلطان لحفظ القرآن,"صحيفة وصف :حصدت ثلاث طالبات من إدارة تعليم صبيا ثلاثة مراكز متقدمة في نتائج مسابقة الأمير سلطان بن سلمان لحفظ القرآن للأطفال ذوي الإعاقة في دورتها الخامسة والعشرين، والتي أعلنتها الأمانة العامة للجائزة بعد أن جرت منافساتها في الرياض.

وفي التفاصيل، حصدت الطالبة أفراح أحمد الحازمي المركز الثاني، وفي المركز الثالث الطالبة ميار علي الحازمي من ابتدائية ضمد الأولى في مشاركتهما في المستوى الرابع من الفرع الثالث، وحلت الطالبة لينا علي عقيلي من ابتدائية المعترض في الترتيب الثاني في مشاركتها في المستوى الثالث من الفرع الثالث.

فيما بارك مدير “تعليم صبيا” الدكتور حسن بن محسن خرمي للفائزات في هذه المسابقة، وقدم شكره لأسر الطالبات وقائدات المدارس المشاركة ومعلماتهن؛ لتحفيزهن ومساندتهن للطالبات من ذوات الإعاقة للوصول إلى هذه المستويات.

وأكد الدكتور “الخرمي” أن هذه المسابقة تأتي امتداداً لاهتمام القيادة الحكيمة بهذه الفئة الغالية، وتوفير كل ما يسهّل عليهم حفظ القرآن وتعلمه، بما ينمي مهاراتهم، ويتناسب مع قدراتهم، ويضمن تأهيلهم ليكونوا أفراداً نافعين لمجتمعهم ووطنهم.

يشار إلى أن المسابقة انطلقت دورتها الأولى عام 1417 وتهدف إلى تشجيع الناشئة من المعوقين جسدياً وعقلياً على حفظ القرآن وتدبر معانيه، وتأهيل الأطفال المعوقين لمواكبة غيرهم من حفظة كتاب الله الكريم، وربط الناشئة من المعوقين بدينهم، وكتاب ربهم، ومجتمعهم المسلم، وتتكون من ثلاثة فروع في كل فرع أربعة مستويات.",,203,0,1,undecided,General/Other Ambiguous Context
